[runner] argv = /tmp/pinrule pinrule-eval --node-budget 5000000 --k-long 2 --cross-every 5
[runner] ceilings: rss 4096 MB, wall 1800s (30:00), cpu 3600s (1:00:00), poll = 250 ms
# pinrule-eval — the experiment (corrected tables)
# params: seed=40689 node_budget=5000000 k_long=2 max_states=0 cross_every=5
EVAL state=(141,0,0,0) L=-6 H=-6 hist=bfs len=4 val=null nodes=5000000
EVAL state=(141,0,0,0) L=-6 H=-6 hist=dfs1 len=24 val=null nodes=5000000
EVAL state=(141,0,0,0) L=-6 H=-6 hist=dfs2 len=24 val=null nodes=5000000
EVAL state=(159,0,0,0) L=-6 H=-6 hist=bfs len=6 val=null nodes=5000000
EVAL state=(159,0,0,0) L=-6 H=-6 hist=dfs1 len=24 val=-6 nodes=14
EVAL state=(159,0,0,0) L=-6 H=-6 hist=dfs2 UNAVAILABLE
EVAL state=(384,0,0,0) L=-6 H=-6 hist=bfs len=6 val=null nodes=5000000
EVAL state=(384,0,0,0) L=-6 H=-6 hist=dfs1 len=24 val=null nodes=5000000
EVAL state=(384,0,0,0) L=-6 H=-6 hist=dfs2 len=24 val=null nodes=5000000
EVAL state=(573,0,2,0) L=-6 H=-6 hist=bfs len=4 val=null nodes=5000000
EVAL state=(573,0,2,0) L=-6 H=-6 hist=dfs1 len=24 val=null nodes=5000000
EVAL state=(573,0,2,0) L=-6 H=-6 hist=dfs2 len=24 val=null nodes=5000000
EVAL state=(575,0,2,0) L=-6 H=-6 hist=bfs len=6 val=null nodes=5000000
EVAL state=(575,0,2,0) L=-6 H=-6 hist=dfs1 len=24 val=-6 nodes=2637442
EVAL state=(575,0,2,0) L=-6 H=-6 hist=dfs2 len=24 val=null nodes=5000000
EVAL state=(600,0,2,0) L=-6 H=-6 hist=bfs len=6 val=null nodes=5000000
EVAL state=(600,0,2,0) L=-6 H=-6 hist=dfs1 len=24 val=null nodes=5000000
EVAL state=(600,0,2,0) L=-6 H=-6 hist=dfs2 len=18 val=-3 nodes=342
EVAL state=(167,0,3,0) L=-6 H=-6 hist=bfs len=4 val=null nodes=5000000
EVAL state=(167,0,3,0) L=-6 H=-6 hist=dfs1 len=24 val=null nodes=5000000
EVAL state=(167,0,3,0) L=-6 H=-6 hist=dfs2 len=24 val=0 nodes=203
EVAL state=(176,0,3,0) L=-6 H=-6 hist=bfs len=6 val=-6 nodes=68
EVAL state=(176,0,3,0) L=-6 H=-6 hist=dfs1 UNAVAILABLE
EVAL state=(176,0,3,0) L=-6 H=-6 hist=dfs2 UNAVAILABLE
EVAL state=(653,0,3,0) L=-6 H=-6 hist=bfs len=6 val=-6 nodes=18
EVAL state=(653,0,3,0) L=-6 H=-6 hist=dfs1 UNAVAILABLE
EVAL state=(653,0,3,0) L=-6 H=-6 hist=dfs2 len=24 val=-6 nodes=18
EVAL state=(183,0,5,0) L=-6 H=-6 hist=bfs len=4 val=null nodes=5000000
EVAL state=(183,0,5,0) L=-6 H=-6 hist=dfs1 UNAVAILABLE
EVAL state=(183,0,5,0) L=-6 H=-6 hist=dfs2 UNAVAILABLE
EVAL state=(184,0,5,0) L=-6 H=-6 hist=bfs len=6 val=-6 nodes=60
EVAL state=(184,0,5,0) L=-6 H=-6 hist=dfs1 len=24 val=-6 nodes=60
EVAL state=(184,0,5,0) L=-6 H=-6 hist=dfs2 UNAVAILABLE
EVAL state=(237,0,5,0) L=-6 H=-6 hist=bfs len=6 val=-6 nodes=18
EVAL state=(237,0,5,0) L=-6 H=-6 hist=dfs1 len=14 val=-6 nodes=18
EVAL state=(237,0,5,0) L=-6 H=-6 hist=dfs2 UNAVAILABLE
EVAL state=(7,0,6,0) L=-6 H=-6 hist=bfs len=2 val=null nodes=5000000
EVAL state=(7,0,6,0) L=-6 H=-6 hist=dfs1 len=16 val=null nodes=5000000
EVAL state=(7,0,6,0) L=-6 H=-6 hist=dfs2 len=2 val=null nodes=5000000
EVAL state=(15,0,6,0) L=-6 H=-6 hist=bfs len=2 val=null nodes=5000000
EVAL state=(15,0,6,0) L=-6 H=-6 hist=dfs1 UNAVAILABLE
EVAL state=(15,0,6,0) L=-6 H=-6 hist=dfs2 UNAVAILABLE
EVAL state=(17,0,6,0) L=-6 H=-6 hist=bfs len=4 val=null nodes=5000000
EVAL state=(17,0,6,0) L=-6 H=-6 hist=dfs1 UNAVAILABLE
EVAL state=(17,0,6,0) L=-6 H=-6 hist=dfs2 len=18 val=null nodes=5000000
EVAL state=(25,0,6,0) L=-6 H=-6 hist=bfs len=4 val=null nodes=5000000
EVAL state=(25,0,6,0) L=-6 H=-6 hist=dfs1 len=22 val=null nodes=5000000
EVAL state=(25,0,6,0) L=-6 H=-6 hist=dfs2 len=22 val=null nodes=5000000
EVAL state=(34,0,6,0) L=-6 H=-6 hist=bfs len=4 val=null nodes=5000000
EVAL state=(34,0,6,0) L=-6 H=-6 hist=dfs1 UNAVAILABLE
EVAL state=(34,0,6,0) L=-6 H=-6 hist=dfs2 len=18 val=null nodes=5000000
EVAL state=(35,0,6,0) L=-6 H=-6 hist=bfs len=4 val=null nodes=5000000
EVAL state=(35,0,6,0) L=-6 H=-6 hist=dfs1 len=22 val=null nodes=5000000
EVAL state=(35,0,6,0) L=-6 H=-6 hist=dfs2 len=24 val=null nodes=5000000
EVAL state=(42,0,6,0) L=-6 H=-6 hist=bfs len=4 val=null nodes=5000000
EVAL state=(42,0,6,0) L=-6 H=-6 hist=dfs1 UNAVAILABLE
EVAL state=(42,0,6,0) L=-6 H=-6 hist=dfs2 len=24 val=null nodes=5000000
EVAL state=(52,0,6,0) L=-6 H=-6 hist=bfs len=4 val=null nodes=5000000
EVAL state=(52,0,6,0) L=-6 H=-6 hist=dfs1 UNAVAILABLE
EVAL state=(52,0,6,0) L=-6 H=-6 hist=dfs2 UNAVAILABLE
EVAL state=(60,0,6,0) L=-6 H=-6 hist=bfs len=4 val=null nodes=5000000
EVAL state=(60,0,6,0) L=-6 H=-6 hist=dfs1 len=24 val=null nodes=5000000
EVAL state=(60,0,6,0) L=-6 H=-6 hist=dfs2 len=24 val=null nodes=5000000
EVAL state=(62,0,6,0) L=-6 H=-6 hist=bfs len=6 val=null nodes=5000000
EVAL state=(62,0,6,0) L=-6 H=-6 hist=dfs1 len=22 val=null nodes=5000000
EVAL state=(62,0,6,0) L=-6 H=-6 hist=dfs2 len=20 val=null nodes=5000000
EVAL state=(69,0,6,0) L=-6 H=-6 hist=bfs len=4 val=null nodes=5000000
EVAL state=(69,0,6,0) L=-6 H=-6 hist=dfs1 len=18 val=null nodes=5000000
EVAL state=(69,0,6,0) L=-6 H=-6 hist=dfs2 UNAVAILABLE
EVAL state=(78,0,6,0) L=-6 H=-6 hist=bfs len=6 val=null nodes=5000000
EVAL state=(78,0,6,0) L=-6 H=-6 hist=dfs1 len=24 val=null nodes=5000000
EVAL state=(78,0,6,0) L=-6 H=-6 hist=dfs2 len=24 val=null nodes=5000000
EVAL state=(164,0,6,0) L=-6 H=-6 hist=bfs len=4 val=null nodes=5000000
EVAL state=(164,0,6,0) L=-6 H=-6 hist=dfs1 len=22 val=null nodes=5000000
EVAL state=(164,0,6,0) L=-6 H=-6 hist=dfs2 len=22 val=null nodes=5000000
EVAL state=(168,0,6,0) L=-6 H=-6 hist=bfs len=4 val=null nodes=5000000
EVAL state=(168,0,6,0) L=-6 H=-6 hist=dfs1 len=22 val=null nodes=5000000
EVAL state=(168,0,6,0) L=-6 H=-6 hist=dfs2 UNAVAILABLE
EVAL state=(169,0,6,0) L=-6 H=-6 hist=bfs len=4 val=null nodes=5000000
EVAL state=(169,0,6,0) L=-6 H=-6 hist=dfs1 len=24 val=-6 nodes=94
EVAL state=(169,0,6,0) L=-6 H=-6 hist=dfs2 len=24 val=-6 nodes=85
EVAL state=(170,0,6,0) L=-6 H=-6 hist=bfs len=6 val=null nodes=5000000
EVAL state=(170,0,6,0) L=-6 H=-6 hist=dfs1 len=24 val=null nodes=5000000
EVAL state=(170,0,6,0) L=-6 H=-6 hist=dfs2 len=24 val=-6 nodes=45
EVAL state=(173,0,6,0) L=-6 H=-6 hist=bfs len=4 val=null nodes=5000000
EVAL state=(173,0,6,0) L=-6 H=-6 hist=dfs1 len=24 val=null nodes=5000000
EVAL state=(173,0,6,0) L=-6 H=-6 hist=dfs2 UNAVAILABLE
EVAL state=(177,0,6,0) L=-6 H=-6 hist=bfs len=4 val=null nodes=5000000
EVAL state=(177,0,6,0) L=-6 H=-6 hist=dfs1 len=24 val=null nodes=5000000
EVAL state=(177,0,6,0) L=-6 H=-6 hist=dfs2 len=22 val=-6 nodes=83
EVAL state=(178,0,6,0) L=-6 H=-6 hist=bfs len=4 val=null nodes=5000000
EVAL state=(178,0,6,0) L=-6 H=-6 hist=dfs1 len=24 val=-3 nodes=19
EVAL state=(178,0,6,0) L=-6 H=-6 hist=dfs2 len=24 val=-6 nodes=40
# ** C1-WITNESS: state (178,0,6,0) evaluates to different values under different genuine arrivals: bfs=null long=[-3,-6,null,null] **
EVAL state=(179,0,6,0) L=-6 H=-6 hist=bfs len=6 val=null nodes=5000000
EVAL state=(179,0,6,0) L=-6 H=-6 hist=dfs1 len=20 val=null nodes=5000000
EVAL state=(179,0,6,0) L=-6 H=-6 hist=dfs2 len=20 val=-6 nodes=14
EVAL state=(180,0,6,0) L=-6 H=-6 hist=bfs len=4 val=null nodes=5000000
EVAL state=(180,0,6,0) L=-6 H=-6 hist=dfs1 len=22 val=null nodes=5000000
EVAL state=(180,0,6,0) L=-6 H=-6 hist=dfs2 len=24 val=null nodes=5000000
EVAL state=(181,0,6,0) L=-6 H=-6 hist=bfs len=4 val=null nodes=5000000
EVAL state=(181,0,6,0) L=-6 H=-6 hist=dfs1 len=24 val=null nodes=5000000
EVAL state=(181,0,6,0) L=-6 H=-6 hist=dfs2 len=24 val=null nodes=5000000
EVAL state=(182,0,6,0) L=-6 H=-6 hist=bfs len=6 val=-6 nodes=30
EVAL state=(182,0,6,0) L=-6 H=-6 hist=dfs1 len=24 val=-6 nodes=30
EVAL state=(182,0,6,0) L=-6 H=-6 hist=dfs2 len=24 val=-6 nodes=30
EVAL state=(186,0,6,0) L=-6 H=-6 hist=bfs len=6 val=-6 nodes=42
EVAL state=(186,0,6,0) L=-6 H=-6 hist=dfs1 len=24 val=-6 nodes=42
EVAL state=(186,0,6,0) L=-6 H=-6 hist=dfs2 len=24 val=-6 nodes=38
EVAL state=(187,0,6,0) L=-6 H=-6 hist=bfs len=6 val=-6 nodes=18
EVAL state=(187,0,6,0) L=-6 H=-6 hist=dfs1 len=24 val=-6 nodes=18
EVAL state=(187,0,6,0) L=-6 H=-6 hist=dfs2 len=22 val=-6 nodes=18
EVAL state=(188,0,6,0) L=-6 H=-6 hist=bfs len=8 val=-6 nodes=9
EVAL state=(188,0,6,0) L=-6 H=-6 hist=dfs1 len=24 val=-6 nodes=9
EVAL state=(188,0,6,0) L=-6 H=-6 hist=dfs2 len=24 val=-6 nodes=9
EVAL state=(189,0,6,0) L=-6 H=-6 hist=bfs len=2 val=null nodes=5000000
EVAL state=(189,0,6,0) L=-6 H=-6 hist=dfs1 UNAVAILABLE
EVAL state=(189,0,6,0) L=-6 H=-6 hist=dfs2 len=22 val=null nodes=5000000
EVAL state=(190,0,6,0) L=-6 H=-6 hist=bfs len=4 val=null nodes=5000000
EVAL state=(190,0,6,0) L=-6 H=-6 hist=dfs1 len=24 val=null nodes=5000000
EVAL state=(190,0,6,0) L=-6 H=-6 hist=dfs2 UNAVAILABLE
EVAL state=(195,0,6,0) L=-6 H=-6 hist=bfs len=4 val=null nodes=5000000
EVAL state=(195,0,6,0) L=-6 H=-6 hist=dfs1 len=22 val=null nodes=5000000
EVAL state=(195,0,6,0) L=-6 H=-6 hist=dfs2 len=22 val=null nodes=5000000
EVAL state=(198,0,6,0) L=-6 H=-6 hist=bfs len=4 val=null nodes=5000000
EVAL state=(198,0,6,0) L=-6 H=-6 hist=dfs1 len=24 val=null nodes=5000000
EVAL state=(198,0,6,0) L=-6 H=-6 hist=dfs2 len=24 val=null nodes=5000000
EVAL state=(204,0,6,0) L=-6 H=-6 hist=bfs len=4 val=-6 nodes=40
EVAL state=(204,0,6,0) L=-6 H=-6 hist=dfs1 len=24 val=-6 nodes=33
EVAL state=(204,0,6,0) L=-6 H=-6 hist=dfs2 len=22 val=-6 nodes=33
EVAL state=(207,0,6,0) L=-6 H=-6 hist=bfs len=4 val=-6 nodes=123
EVAL state=(207,0,6,0) L=-6 H=-6 hist=dfs1 len=24 val=-6 nodes=95
EVAL state=(207,0,6,0) L=-6 H=-6 hist=dfs2 len=24 val=-6 nodes=111
EVAL state=(208,0,6,0) L=-6 H=-6 hist=bfs len=4 val=-6 nodes=57
EVAL state=(208,0,6,0) L=-6 H=-6 hist=dfs1 len=24 val=-6 nodes=51
EVAL state=(208,0,6,0) L=-6 H=-6 hist=dfs2 len=24 val=-6 nodes=51
EVAL state=(213,0,6,0) L=-6 H=-6 hist=bfs len=6 val=-6 nodes=18
EVAL state=(213,0,6,0) L=-6 H=-6 hist=dfs1 len=24 val=-6 nodes=18
EVAL state=(213,0,6,0) L=-6 H=-6 hist=dfs2 UNAVAILABLE
EVAL state=(217,0,6,0) L=-6 H=-6 hist=bfs len=4 val=null nodes=5000000
EVAL state=(217,0,6,0) L=-6 H=-6 hist=dfs1 len=24 val=null nodes=5000000
EVAL state=(217,0,6,0) L=-6 H=-6 hist=dfs2 len=24 val=null nodes=5000000
EVAL state=(218,0,6,0) L=-6 H=-6 hist=bfs len=6 val=null nodes=5000000
EVAL state=(218,0,6,0) L=-6 H=-6 hist=dfs1 len=24 val=null nodes=5000000
EVAL state=(218,0,6,0) L=-6 H=-6 hist=dfs2 UNAVAILABLE
EVAL state=(222,0,6,0) L=-6 H=-6 hist=bfs len=6 val=null nodes=5000000
EVAL state=(222,0,6,0) L=-6 H=-6 hist=dfs1 len=22 val=null nodes=5000000
EVAL state=(222,0,6,0) L=-6 H=-6 hist=dfs2 len=22 val=null nodes=5000000
EVAL state=(224,0,6,0) L=-6 H=-6 hist=bfs len=8 val=null nodes=5000000
EVAL state=(224,0,6,0) L=-6 H=-6 hist=dfs1 len=24 val=null nodes=5000000
EVAL state=(224,0,6,0) L=-6 H=-6 hist=dfs2 len=14 val=null nodes=5000000
EVAL state=(231,0,6,0) L=-6 H=-6 hist=bfs len=6 val=null nodes=5000000
EVAL state=(231,0,6,0) L=-6 H=-6 hist=dfs1 len=24 val=null nodes=5000000
EVAL state=(231,0,6,0) L=-6 H=-6 hist=dfs2 len=24 val=null nodes=5000000
EVAL state=(233,0,6,0) L=-6 H=-6 hist=bfs len=8 val=null nodes=5000000
EVAL state=(233,0,6,0) L=-6 H=-6 hist=dfs1 len=24 val=null nodes=5000000
EVAL state=(233,0,6,0) L=-6 H=-6 hist=dfs2 len=22 val=null nodes=5000000
EVAL state=(234,0,6,0) L=-6 H=-6 hist=bfs len=6 val=null nodes=5000000
EVAL state=(234,0,6,0) L=-6 H=-6 hist=dfs1 len=24 val=-6 nodes=151
EVAL state=(234,0,6,0) L=-6 H=-6 hist=dfs2 len=24 val=-6 nodes=296
EVAL state=(235,0,6,0) L=-6 H=-6 hist=bfs len=6 val=-6 nodes=18
EVAL state=(235,0,6,0) L=-6 H=-6 hist=dfs1 UNAVAILABLE
EVAL state=(235,0,6,0) L=-6 H=-6 hist=dfs2 len=24 val=-6 nodes=16
EVAL state=(236,0,6,0) L=-6 H=-6 hist=bfs len=8 val=-6 nodes=9
EVAL state=(236,0,6,0) L=-6 H=-6 hist=dfs1 len=24 val=-6 nodes=9
EVAL state=(236,0,6,0) L=-6 H=-6 hist=dfs2 len=24 val=-6 nodes=9
EVAL state=(240,0,6,0) L=-6 H=-6 hist=bfs len=8 val=-6 nodes=9
EVAL state=(240,0,6,0) L=-6 H=-6 hist=dfs1 len=18 val=-6 nodes=9
EVAL state=(240,0,6,0) L=-6 H=-6 hist=dfs2 len=22 val=-6 nodes=9
EVAL state=(242,0,6,0) L=-6 H=-6 hist=bfs len=10 val=null nodes=5000000
EVAL state=(242,0,6,0) L=-6 H=-6 hist=dfs1 len=22 val=0 nodes=4
EVAL state=(242,0,6,0) L=-6 H=-6 hist=dfs2 len=22 val=null nodes=5000000
EVAL state=(250,0,6,0) L=-6 H=-6 hist=bfs len=4 val=null nodes=5000000
EVAL state=(250,0,6,0) L=-6 H=-6 hist=dfs1 UNAVAILABLE
EVAL state=(250,0,6,0) L=-6 H=-6 hist=dfs2 len=24 val=null nodes=5000000
EVAL state=(258,0,6,0) L=-6 H=-6 hist=bfs len=4 val=null nodes=5000000
EVAL state=(258,0,6,0) L=-6 H=-6 hist=dfs1 len=20 val=null nodes=5000000
EVAL state=(258,0,6,0) L=-6 H=-6 hist=dfs2 UNAVAILABLE
EVAL state=(260,0,6,0) L=-6 H=-6 hist=bfs len=4 val=null nodes=5000000
EVAL state=(260,0,6,0) L=-6 H=-6 hist=dfs1 UNAVAILABLE
EVAL state=(260,0,6,0) L=-6 H=-6 hist=dfs2 len=24 val=null nodes=5000000
EVAL state=(267,0,6,0) L=-6 H=-6 hist=bfs len=4 val=null nodes=5000000
EVAL state=(267,0,6,0) L=-6 H=-6 hist=dfs1 len=24 val=null nodes=5000000
EVAL state=(267,0,6,0) L=-6 H=-6 hist=dfs2 UNAVAILABLE
EVAL state=(303,0,6,0) L=-6 H=-6 hist=bfs len=4 val=null nodes=5000000
EVAL state=(303,0,6,0) L=-6 H=-6 hist=dfs1 UNAVAILABLE
EVAL state=(303,0,6,0) L=-6 H=-6 hist=dfs2 UNAVAILABLE
EVAL state=(312,0,6,0) L=-6 H=-6 hist=bfs len=4 val=null nodes=5000000
EVAL state=(312,0,6,0) L=-6 H=-6 hist=dfs1 UNAVAILABLE
EVAL state=(312,0,6,0) L=-6 H=-6 hist=dfs2 len=24 val=null nodes=5000000
EVAL state=(321,0,6,0) L=-6 H=-6 hist=bfs len=6 val=null nodes=5000000
EVAL state=(321,0,6,0) L=-6 H=-6 hist=dfs1 UNAVAILABLE
EVAL state=(321,0,6,0) L=-6 H=-6 hist=dfs2 len=22 val=null nodes=5000000
EVAL state=(405,0,6,0) L=-6 H=-6 hist=bfs len=2 val=null nodes=5000000
EVAL state=(405,0,6,0) L=-6 H=-6 hist=dfs1 len=22 val=null nodes=5000000
EVAL state=(405,0,6,0) L=-6 H=-6 hist=dfs2 len=22 val=null nodes=5000000
EVAL state=(406,0,6,0) L=-6 H=-6 hist=bfs len=4 val=null nodes=5000000
EVAL state=(406,0,6,0) L=-6 H=-6 hist=dfs1 UNAVAILABLE
EVAL state=(406,0,6,0) L=-6 H=-6 hist=dfs2 UNAVAILABLE
EVAL state=(407,0,6,0) L=-6 H=-6 hist=bfs len=4 val=null nodes=5000000
EVAL state=(407,0,6,0) L=-6 H=-6 hist=dfs1 len=24 val=null nodes=5000000
EVAL state=(407,0,6,0) L=-6 H=-6 hist=dfs2 UNAVAILABLE
EVAL state=(411,0,6,0) L=-6 H=-6 hist=bfs len=4 val=-6 nodes=87
EVAL state=(411,0,6,0) L=-6 H=-6 hist=dfs1 len=24 val=-6 nodes=87
EVAL state=(411,0,6,0) L=-6 H=-6 hist=dfs2 len=24 val=-6 nodes=75
EVAL state=(412,0,6,0) L=-6 H=-6 hist=bfs len=4 val=-6 nodes=39
EVAL state=(412,0,6,0) L=-6 H=-6 hist=dfs1 UNAVAILABLE
EVAL state=(412,0,6,0) L=-6 H=-6 hist=dfs2 len=24 val=-6 nodes=33
EVAL state=(413,0,6,0) L=-6 H=-6 hist=bfs len=6 val=-6 nodes=18
EVAL state=(413,0,6,0) L=-6 H=-6 hist=dfs1 len=24 val=-6 nodes=18
EVAL state=(413,0,6,0) L=-6 H=-6 hist=dfs2 len=24 val=-6 nodes=18
EVAL state=(414,0,6,0) L=-6 H=-6 hist=bfs len=4 val=null nodes=5000000
EVAL state=(414,0,6,0) L=-6 H=-6 hist=dfs1 UNAVAILABLE
EVAL state=(414,0,6,0) L=-6 H=-6 hist=dfs2 UNAVAILABLE
EVAL state=(416,0,6,0) L=-6 H=-6 hist=bfs len=4 val=-6 nodes=64
EVAL state=(416,0,6,0) L=-6 H=-6 hist=dfs1 len=24 val=-6 nodes=41
EVAL state=(416,0,6,0) L=-6 H=-6 hist=dfs2 UNAVAILABLE
EVAL state=(438,0,6,0) L=-6 H=-6 hist=bfs len=4 val=-6 nodes=39
EVAL state=(438,0,6,0) L=-6 H=-6 hist=dfs1 len=24 val=-6 nodes=33
EVAL state=(438,0,6,0) L=-6 H=-6 hist=dfs2 UNAVAILABLE
EVAL state=(459,0,6,0) L=-6 H=-6 hist=bfs len=4 val=null nodes=5000000
EVAL state=(459,0,6,0) L=-6 H=-6 hist=dfs1 len=24 val=null nodes=5000000
EVAL state=(459,0,6,0) L=-6 H=-6 hist=dfs2 len=24 val=null nodes=5000000
EVAL state=(465,0,6,0) L=-6 H=-6 hist=bfs len=6 val=null nodes=5000000
EVAL state=(465,0,6,0) L=-6 H=-6 hist=dfs1 len=24 val=null nodes=5000000
EVAL state=(465,0,6,0) L=-6 H=-6 hist=dfs2 len=22 val=-6 nodes=13
EVAL state=(467,0,6,0) L=-6 H=-6 hist=bfs len=8 val=null nodes=5000000
EVAL state=(467,0,6,0) L=-6 H=-6 hist=dfs1 len=24 val=null nodes=5000000
EVAL state=(467,0,6,0) L=-6 H=-6 hist=dfs2 len=24 val=null nodes=5000000
EVAL state=(468,0,6,0) L=-6 H=-6 hist=bfs len=4 val=null nodes=5000000
EVAL state=(468,0,6,0) L=-6 H=-6 hist=dfs1 len=22 val=null nodes=5000000
EVAL state=(468,0,6,0) L=-6 H=-6 hist=dfs2 len=24 val=null nodes=5000000
EVAL state=(492,0,6,0) L=-6 H=-6 hist=bfs len=4 val=null nodes=5000000
EVAL state=(492,0,6,0) L=-6 H=-6 hist=dfs1 len=24 val=null nodes=5000000
EVAL state=(492,0,6,0) L=-6 H=-6 hist=dfs2 len=24 val=null nodes=5000000
EVAL state=(493,0,6,0) L=-6 H=-6 hist=bfs len=4 val=null nodes=5000000
EVAL state=(493,0,6,0) L=-6 H=-6 hist=dfs1 len=20 val=null nodes=5000000
EVAL state=(493,0,6,0) L=-6 H=-6 hist=dfs2 len=24 val=null nodes=5000000
EVAL state=(494,0,6,0) L=-6 H=-6 hist=bfs len=6 val=null nodes=5000000
EVAL state=(494,0,6,0) L=-6 H=-6 hist=dfs1 len=24 val=null nodes=5000000
EVAL state=(494,0,6,0) L=-6 H=-6 hist=dfs2 UNAVAILABLE
EVAL state=(510,0,6,0) L=-6 H=-6 hist=bfs len=6 val=null nodes=5000000
EVAL state=(510,0,6,0) L=-6 H=-6 hist=dfs1 len=24 val=null nodes=5000000
EVAL state=(510,0,6,0) L=-6 H=-6 hist=dfs2 len=20 val=null nodes=5000000
EVAL state=(519,0,6,0) L=-6 H=-6 hist=bfs len=4 val=null nodes=5000000
EVAL state=(519,0,6,0) L=-6 H=-6 hist=dfs1 len=24 val=null nodes=5000000
EVAL state=(519,0,6,0) L=-6 H=-6 hist=dfs2 len=24 val=null nodes=5000000
EVAL state=(520,0,6,0) L=-6 H=-6 hist=bfs len=4 val=null nodes=5000000
EVAL state=(520,0,6,0) L=-6 H=-6 hist=dfs1 len=24 val=null nodes=5000000
EVAL state=(520,0,6,0) L=-6 H=-6 hist=dfs2 len=24 val=null nodes=5000000
EVAL state=(521,0,6,0) L=-6 H=-6 hist=bfs len=6 val=null nodes=5000000
EVAL state=(521,0,6,0) L=-6 H=-6 hist=dfs1 UNAVAILABLE
EVAL state=(521,0,6,0) L=-6 H=-6 hist=dfs2 UNAVAILABLE
EVAL state=(546,0,6,0) L=-6 H=-6 hist=bfs len=6 val=-6 nodes=30
EVAL state=(546,0,6,0) L=-6 H=-6 hist=dfs1 UNAVAILABLE
EVAL state=(546,0,6,0) L=-6 H=-6 hist=dfs2 len=24 val=-6 nodes=26
EVAL state=(548,0,6,0) L=-6 H=-6 hist=bfs len=8 val=-6 nodes=9
EVAL state=(548,0,6,0) L=-6 H=-6 hist=dfs1 UNAVAILABLE
EVAL state=(548,0,6,0) L=-6 H=-6 hist=dfs2 UNAVAILABLE
EVAL state=(564,0,6,0) L=-6 H=-6 hist=bfs len=8 val=-6 nodes=9
EVAL state=(564,0,6,0) L=-6 H=-6 hist=dfs1 len=18 val=-6 nodes=9
EVAL state=(564,0,6,0) L=-6 H=-6 hist=dfs2 UNAVAILABLE
EVAL state=(650,0,6,0) L=-6 H=-6 hist=bfs len=6 val=null nodes=5000000
EVAL state=(650,0,6,0) L=-6 H=-6 hist=dfs1 len=24 val=null nodes=5000000
EVAL state=(650,0,6,0) L=-6 H=-6 hist=dfs2 len=24 val=null nodes=5000000
EVAL state=(654,0,6,0) L=-6 H=-6 hist=bfs len=6 val=null nodes=5000000
EVAL state=(654,0,6,0) L=-6 H=-6 hist=dfs1 len=24 val=null nodes=5000000
EVAL state=(654,0,6,0) L=-6 H=-6 hist=dfs2 len=24 val=null nodes=5000000
EVAL state=(655,0,6,0) L=-6 H=-6 hist=bfs len=6 val=null nodes=5000000
EVAL state=(655,0,6,0) L=-6 H=-6 hist=dfs1 len=24 val=null nodes=5000000
EVAL state=(655,0,6,0) L=-6 H=-6 hist=dfs2 len=24 val=null nodes=5000000
EVAL state=(656,0,6,0) L=-6 H=-6 hist=bfs len=8 val=-6 nodes=9
EVAL state=(656,0,6,0) L=-6 H=-6 hist=dfs1 len=24 val=-6 nodes=9
EVAL state=(656,0,6,0) L=-6 H=-6 hist=dfs2 len=20 val=-6 nodes=7
EVAL state=(657,0,6,0) L=-6 H=-6 hist=bfs len=4 val=null nodes=5000000
EVAL state=(657,0,6,0) L=-6 H=-6 hist=dfs1 len=20 val=null nodes=5000000
EVAL state=(657,0,6,0) L=-6 H=-6 hist=dfs2 UNAVAILABLE
EVAL state=(659,0,6,0) L=-6 H=-6 hist=bfs len=6 val=-6 nodes=18
EVAL state=(659,0,6,0) L=-6 H=-6 hist=dfs1 len=24 val=-6 nodes=14
EVAL state=(659,0,6,0) L=-6 H=-6 hist=dfs2 len=24 val=-6 nodes=18
EVAL state=(666,0,6,0) L=-6 H=-6 hist=bfs len=6 val=null nodes=5000000
EVAL state=(666,0,6,0) L=-6 H=-6 hist=dfs1 len=24 val=null nodes=5000000
EVAL state=(666,0,6,0) L=-6 H=-6 hist=dfs2 len=24 val=null nodes=5000000
EVAL state=(668,0,6,0) L=-6 H=-6 hist=bfs len=8 val=-6 nodes=9
EVAL state=(668,0,6,0) L=-6 H=-6 hist=dfs1 UNAVAILABLE
EVAL state=(668,0,6,0) L=-6 H=-6 hist=dfs2 UNAVAILABLE
EVAL state=(672,0,6,0) L=-6 H=-6 hist=bfs len=8 val=null nodes=5000000
EVAL state=(672,0,6,0) L=-6 H=-6 hist=dfs1 len=22 val=null nodes=5000000
EVAL state=(672,0,6,0) L=-6 H=-6 hist=dfs2 UNAVAILABLE
EVAL state=(673,0,6,0) L=-6 H=-6 hist=bfs len=8 val=null nodes=5000000
EVAL state=(673,0,6,0) L=-6 H=-6 hist=dfs1 len=24 val=null nodes=5000000
EVAL state=(673,0,6,0) L=-6 H=-6 hist=dfs2 len=24 val=null nodes=5000000
EVAL state=(674,0,6,0) L=-6 H=-6 hist=bfs len=10 val=null nodes=5000000
EVAL state=(674,0,6,0) L=-6 H=-6 hist=dfs1 len=22 val=null nodes=5000000
EVAL state=(674,0,6,0) L=-6 H=-6 hist=dfs2 len=20 val=null nodes=5000000
EVAL state=(675,0,6,0) L=-6 H=-6 hist=bfs len=4 val=null nodes=5000000
EVAL state=(675,0,6,0) L=-6 H=-6 hist=dfs1 len=22 val=null nodes=5000000
EVAL state=(675,0,6,0) L=-6 H=-6 hist=dfs2 len=24 val=null nodes=5000000
EVAL state=(676,0,6,0) L=-6 H=-6 hist=bfs len=4 val=null nodes=5000000
EVAL state=(676,0,6,0) L=-6 H=-6 hist=dfs1 len=24 val=null nodes=5000000
EVAL state=(676,0,6,0) L=-6 H=-6 hist=dfs2 len=24 val=null nodes=5000000
# progress: 100 states, 77/250 evals within budget, 38 states w/ value, 867M nodes (x100 block 1)
EVAL state=(681,0,6,0) L=-6 H=-6 hist=bfs len=6 val=-6 nodes=18
EVAL state=(681,0,6,0) L=-6 H=-6 hist=dfs1 len=24 val=-6 nodes=18
EVAL state=(681,0,6,0) L=-6 H=-6 hist=dfs2 len=24 val=-6 nodes=18
EVAL state=(699,0,6,0) L=-6 H=-6 hist=bfs len=8 val=null nodes=5000000
EVAL state=(699,0,6,0) L=-6 H=-6 hist=dfs1 len=24 val=null nodes=5000000
EVAL state=(699,0,6,0) L=-6 H=-6 hist=dfs2 UNAVAILABLE
EVAL state=(708,0,6,0) L=-6 H=-6 hist=bfs len=8 val=-6 nodes=9
EVAL state=(708,0,6,0) L=-6 H=-6 hist=dfs1 UNAVAILABLE
EVAL state=(708,0,6,0) L=-6 H=-6 hist=dfs2 UNAVAILABLE
EVAL state=(710,0,6,0) L=-6 H=-6 hist=bfs len=10 val=null nodes=5000000
EVAL state=(710,0,6,0) L=-6 H=-6 hist=dfs1 len=18 val=null nodes=5000000
EVAL state=(710,0,6,0) L=-6 H=-6 hist=dfs2 UNAVAILABLE
EVAL state=(726,0,6,0) L=-6 H=-6 hist=bfs len=10 val=null nodes=5000000
EVAL state=(726,0,6,0) L=-6 H=-6 hist=dfs1 len=20 val=null nodes=5000000
EVAL state=(726,0,6,0) L=-6 H=-6 hist=dfs2 len=24 val=null nodes=5000000
EVAL state=(1,1,6,0) L=-6 H=-6 hist=bfs len=1 val=null nodes=5000000
EVAL state=(1,1,6,0) L=-6 H=-6 hist=dfs1 len=1 val=null nodes=5000000
EVAL state=(1,1,6,0) L=-6 H=-6 hist=dfs2 len=1 val=null nodes=5000000
EVAL state=(7,1,6,0) L=-6 H=-6 hist=bfs len=3 val=null nodes=5000000
EVAL state=(7,1,6,0) L=-6 H=-6 hist=dfs1 UNAVAILABLE
EVAL state=(7,1,6,0) L=-6 H=-6 hist=dfs2 UNAVAILABLE
EVAL state=(9,1,6,0) L=-6 H=-6 hist=bfs len=1 val=null nodes=5000000
EVAL state=(9,1,6,0) L=-6 H=-6 hist=dfs1 len=21 val=null nodes=5000000
EVAL state=(9,1,6,0) L=-6 H=-6 hist=dfs2 len=1 val=null nodes=5000000
EVAL state=(11,1,6,0) L=-6 H=-6 hist=bfs len=3 val=null nodes=5000000
EVAL state=(11,1,6,0) L=-6 H=-6 hist=dfs1 UNAVAILABLE
EVAL state=(11,1,6,0) L=-6 H=-6 hist=dfs2 UNAVAILABLE
EVAL state=(15,1,6,0) L=-6 H=-6 hist=bfs len=3 val=null nodes=5000000
EVAL state=(15,1,6,0) L=-6 H=-6 hist=dfs1 UNAVAILABLE
EVAL state=(15,1,6,0) L=-6 H=-6 hist=dfs2 len=11 val=null nodes=5000000
EVAL state=(16,1,6,0) L=-6 H=-6 hist=bfs len=3 val=null nodes=5000000
EVAL state=(16,1,6,0) L=-6 H=-6 hist=dfs1 len=23 val=null nodes=5000000
EVAL state=(16,1,6,0) L=-6 H=-6 hist=dfs2 len=23 val=null nodes=5000000
EVAL state=(17,1,6,0) L=-6 H=-6 hist=bfs len=5 val=null nodes=5000000
EVAL state=(17,1,6,0) L=-6 H=-6 hist=dfs1 UNAVAILABLE
EVAL state=(17,1,6,0) L=-6 H=-6 hist=dfs2 UNAVAILABLE
EVAL state=(19,1,6,0) L=-6 H=-6 hist=bfs len=3 val=null nodes=5000000
EVAL state=(19,1,6,0) L=-6 H=-6 hist=dfs1 len=13 val=null nodes=5000000
EVAL state=(19,1,6,0) L=-6 H=-6 hist=dfs2 len=21 val=null nodes=5000000
EVAL state=(23,1,6,0) L=-6 H=-6 hist=bfs len=5 val=null nodes=5000000
EVAL state=(23,1,6,0) L=-6 H=-6 hist=dfs1 UNAVAILABLE
EVAL state=(23,1,6,0) L=-6 H=-6 hist=dfs2 UNAVAILABLE
EVAL state=(25,1,6,0) L=-6 H=-6 hist=bfs len=5 val=null nodes=5000000
EVAL state=(25,1,6,0) L=-6 H=-6 hist=dfs1 UNAVAILABLE
EVAL state=(25,1,6,0) L=-6 H=-6 hist=dfs2 len=23 val=null nodes=5000000
EVAL state=(27,1,6,0) L=-6 H=-6 hist=bfs len=1 val=null nodes=5000000
EVAL state=(27,1,6,0) L=-6 H=-6 hist=dfs1 len=21 val=null nodes=5000000
EVAL state=(27,1,6,0) L=-6 H=-6 hist=dfs2 len=19 val=null nodes=5000000
EVAL state=(28,1,6,0) L=-6 H=-6 hist=bfs len=3 val=null nodes=5000000
EVAL state=(28,1,6,0) L=-6 H=-6 hist=dfs1 len=21 val=null nodes=5000000
EVAL state=(28,1,6,0) L=-6 H=-6 hist=dfs2 UNAVAILABLE
EVAL state=(29,1,6,0) L=-6 H=-6 hist=bfs len=3 val=null nodes=5000000
EVAL state=(29,1,6,0) L=-6 H=-6 hist=dfs1 len=11 val=null nodes=5000000
EVAL state=(29,1,6,0) L=-6 H=-6 hist=dfs2 len=21 val=null nodes=5000000
EVAL state=(33,1,6,0) L=-6 H=-6 hist=bfs len=3 val=null nodes=5000000
EVAL state=(33,1,6,0) L=-6 H=-6 hist=dfs1 UNAVAILABLE
EVAL state=(33,1,6,0) L=-6 H=-6 hist=dfs2 len=21 val=null nodes=5000000
EVAL state=(34,1,6,0) L=-6 H=-6 hist=bfs len=3 val=null nodes=5000000
EVAL state=(34,1,6,0) L=-6 H=-6 hist=dfs1 len=23 val=null nodes=5000000
EVAL state=(34,1,6,0) L=-6 H=-6 hist=dfs2 len=23 val=null nodes=5000000
EVAL state=(35,1,6,0) L=-6 H=-6 hist=bfs len=5 val=null nodes=5000000
EVAL state=(35,1,6,0) L=-6 H=-6 hist=dfs1 UNAVAILABLE
EVAL state=(35,1,6,0) L=-6 H=-6 hist=dfs2 UNAVAILABLE
EVAL state=(36,1,6,0) L=-6 H=-6 hist=bfs len=3 val=null nodes=5000000
EVAL state=(36,1,6,0) L=-6 H=-6 hist=dfs1 UNAVAILABLE
EVAL state=(36,1,6,0) L=-6 H=-6 hist=dfs2 UNAVAILABLE
EVAL state=(38,1,6,0) L=-6 H=-6 hist=bfs len=3 val=null nodes=5000000
EVAL state=(38,1,6,0) L=-6 H=-6 hist=dfs1 len=23 val=null nodes=5000000
EVAL state=(38,1,6,0) L=-6 H=-6 hist=dfs2 len=23 val=null nodes=5000000
EVAL state=(42,1,6,0) L=-6 H=-6 hist=bfs len=3 val=null nodes=5000000
EVAL state=(42,1,6,0) L=-6 H=-6 hist=dfs1 UNAVAILABLE
EVAL state=(42,1,6,0) L=-6 H=-6 hist=dfs2 len=3 val=null nodes=5000000
EVAL state=(43,1,6,0) L=-6 H=-6 hist=bfs len=5 val=null nodes=5000000
EVAL state=(43,1,6,0) L=-6 H=-6 hist=dfs1 len=23 val=null nodes=5000000
EVAL state=(43,1,6,0) L=-6 H=-6 hist=dfs2 len=21 val=null nodes=5000000
EVAL state=(44,1,6,0) L=-6 H=-6 hist=bfs len=5 val=null nodes=5000000
EVAL state=(44,1,6,0) L=-6 H=-6 hist=dfs1 UNAVAILABLE
EVAL state=(44,1,6,0) L=-6 H=-6 hist=dfs2 len=23 val=null nodes=5000000
EVAL state=(45,1,6,0) L=-6 H=-6 hist=bfs len=3 val=null nodes=5000000
EVAL state=(45,1,6,0) L=-6 H=-6 hist=dfs1 len=11 val=null nodes=5000000
EVAL state=(45,1,6,0) L=-6 H=-6 hist=dfs2 UNAVAILABLE
EVAL state=(46,1,6,0) L=-6 H=-6 hist=bfs len=3 val=null nodes=5000000
EVAL state=(46,1,6,0) L=-6 H=-6 hist=dfs1 len=23 val=null nodes=5000000
EVAL state=(46,1,6,0) L=-6 H=-6 hist=dfs2 UNAVAILABLE
EVAL state=(47,1,6,0) L=-6 H=-6 hist=bfs len=5 val=null nodes=5000000
EVAL state=(47,1,6,0) L=-6 H=-6 hist=dfs1 len=23 val=null nodes=5000000
EVAL state=(47,1,6,0) L=-6 H=-6 hist=dfs2 UNAVAILABLE
EVAL state=(49,1,6,0) L=-6 H=-6 hist=bfs len=5 val=null nodes=5000000
EVAL state=(49,1,6,0) L=-6 H=-6 hist=dfs1 UNAVAILABLE
EVAL state=(49,1,6,0) L=-6 H=-6 hist=dfs2 UNAVAILABLE
EVAL state=(51,1,6,0) L=-6 H=-6 hist=bfs len=5 val=null nodes=5000000
EVAL state=(51,1,6,0) L=-6 H=-6 hist=dfs1 len=13 val=null nodes=5000000
EVAL state=(51,1,6,0) L=-6 H=-6 hist=dfs2 UNAVAILABLE
EVAL state=(52,1,6,0) L=-6 H=-6 hist=bfs len=5 val=null nodes=5000000
EVAL state=(52,1,6,0) L=-6 H=-6 hist=dfs1 UNAVAILABLE
EVAL state=(52,1,6,0) L=-6 H=-6 hist=dfs2 UNAVAILABLE
EVAL state=(53,1,6,0) L=-6 H=-6 hist=bfs len=7 val=null nodes=5000000
EVAL state=(53,1,6,0) L=-6 H=-6 hist=dfs1 UNAVAILABLE
EVAL state=(53,1,6,0) L=-6 H=-6 hist=dfs2 UNAVAILABLE
EVAL state=(55,1,6,0) L=-6 H=-6 hist=bfs len=3 val=null nodes=5000000
EVAL state=(55,1,6,0) L=-6 H=-6 hist=dfs1 len=21 val=null nodes=5000000
EVAL state=(55,1,6,0) L=-6 H=-6 hist=dfs2 UNAVAILABLE
EVAL state=(63,1,6,0) L=-6 H=-6 hist=bfs len=3 val=null nodes=5000000
EVAL state=(63,1,6,0) L=-6 H=-6 hist=dfs1 UNAVAILABLE
EVAL state=(63,1,6,0) L=-6 H=-6 hist=dfs2 UNAVAILABLE
EVAL state=(64,1,6,0) L=-6 H=-6 hist=bfs len=3 val=null nodes=5000000
EVAL state=(64,1,6,0) L=-6 H=-6 hist=dfs1 UNAVAILABLE
EVAL state=(64,1,6,0) L=-6 H=-6 hist=dfs2 len=23 val=null nodes=5000000
EVAL state=(69,1,6,0) L=-6 H=-6 hist=bfs len=5 val=null nodes=5000000
EVAL state=(69,1,6,0) L=-6 H=-6 hist=dfs1 UNAVAILABLE
EVAL state=(69,1,6,0) L=-6 H=-6 hist=dfs2 len=21 val=null nodes=5000000
EVAL state=(71,1,6,0) L=-6 H=-6 hist=bfs len=7 val=null nodes=5000000
EVAL state=(71,1,6,0) L=-6 H=-6 hist=dfs1 len=23 val=null nodes=5000000
EVAL state=(71,1,6,0) L=-6 H=-6 hist=dfs2 UNAVAILABLE
EVAL state=(73,1,6,0) L=-6 H=-6 hist=bfs len=5 val=null nodes=5000000
EVAL state=(73,1,6,0) L=-6 H=-6 hist=dfs1 UNAVAILABLE
EVAL state=(73,1,6,0) L=-6 H=-6 hist=dfs2 UNAVAILABLE
EVAL state=(76,1,6,0) L=-6 H=-6 hist=bfs len=5 val=null nodes=5000000
EVAL state=(76,1,6,0) L=-6 H=-6 hist=dfs1 len=23 val=null nodes=5000000
EVAL state=(76,1,6,0) L=-6 H=-6 hist=dfs2 len=23 val=null nodes=5000000
EVAL state=(77,1,6,0) L=-6 H=-6 hist=bfs len=7 val=null nodes=5000000
EVAL state=(77,1,6,0) L=-6 H=-6 hist=dfs1 UNAVAILABLE
EVAL state=(77,1,6,0) L=-6 H=-6 hist=dfs2 UNAVAILABLE
EVAL state=(88,1,6,0) L=-6 H=-6 hist=bfs len=3 val=null nodes=5000000
EVAL state=(88,1,6,0) L=-6 H=-6 hist=dfs1 UNAVAILABLE
EVAL state=(88,1,6,0) L=-6 H=-6 hist=dfs2 len=23 val=null nodes=5000000
EVAL state=(96,1,6,0) L=-6 H=-6 hist=bfs len=3 val=null nodes=5000000
EVAL state=(96,1,6,0) L=-6 H=-6 hist=dfs1 len=23 val=null nodes=5000000
EVAL state=(96,1,6,0) L=-6 H=-6 hist=dfs2 UNAVAILABLE
EVAL state=(98,1,6,0) L=-6 H=-6 hist=bfs len=5 val=null nodes=5000000
EVAL state=(98,1,6,0) L=-6 H=-6 hist=dfs1 UNAVAILABLE
EVAL state=(98,1,6,0) L=-6 H=-6 hist=dfs2 UNAVAILABLE
EVAL state=(106,1,6,0) L=-6 H=-6 hist=bfs len=5 val=null nodes=5000000
EVAL state=(106,1,6,0) L=-6 H=-6 hist=dfs1 len=23 val=null nodes=5000000
EVAL state=(106,1,6,0) L=-6 H=-6 hist=dfs2 len=23 val=null nodes=5000000
EVAL state=(115,1,6,0) L=-6 H=-6 hist=bfs len=5 val=null nodes=5000000
EVAL state=(115,1,6,0) L=-6 H=-6 hist=dfs1 len=23 val=null nodes=5000000
EVAL state=(115,1,6,0) L=-6 H=-6 hist=dfs2 UNAVAILABLE
EVAL state=(116,1,6,0) L=-6 H=-6 hist=bfs len=5 val=null nodes=5000000
EVAL state=(116,1,6,0) L=-6 H=-6 hist=dfs1 UNAVAILABLE
EVAL state=(116,1,6,0) L=-6 H=-6 hist=dfs2 UNAVAILABLE
EVAL state=(123,1,6,0) L=-6 H=-6 hist=bfs len=5 val=null nodes=5000000
EVAL state=(123,1,6,0) L=-6 H=-6 hist=dfs1 UNAVAILABLE
EVAL state=(123,1,6,0) L=-6 H=-6 hist=dfs2 UNAVAILABLE
EVAL state=(133,1,6,0) L=-6 H=-6 hist=bfs len=5 val=null nodes=5000000
EVAL state=(133,1,6,0) L=-6 H=-6 hist=dfs1 len=23 val=null nodes=5000000
EVAL state=(133,1,6,0) L=-6 H=-6 hist=dfs2 len=23 val=null nodes=5000000
EVAL state=(141,1,6,0) L=-6 H=-6 hist=bfs len=5 val=null nodes=5000000
EVAL state=(141,1,6,0) L=-6 H=-6 hist=dfs1 UNAVAILABLE
EVAL state=(141,1,6,0) L=-6 H=-6 hist=dfs2 len=19 val=null nodes=5000000
EVAL state=(143,1,6,0) L=-6 H=-6 hist=bfs len=7 val=null nodes=5000000
EVAL state=(143,1,6,0) L=-6 H=-6 hist=dfs1 len=23 val=null nodes=5000000
EVAL state=(143,1,6,0) L=-6 H=-6 hist=dfs2 len=23 val=null nodes=5000000
EVAL state=(150,1,6,0) L=-6 H=-6 hist=bfs len=5 val=-6 nodes=63
EVAL state=(150,1,6,0) L=-6 H=-6 hist=dfs1 UNAVAILABLE
EVAL state=(150,1,6,0) L=-6 H=-6 hist=dfs2 UNAVAILABLE
EVAL state=(159,1,6,0) L=-6 H=-6 hist=bfs len=7 val=null nodes=5000000
EVAL state=(159,1,6,0) L=-6 H=-6 hist=dfs1 len=23 val=null nodes=5000000
EVAL state=(159,1,6,0) L=-6 H=-6 hist=dfs2 UNAVAILABLE
EVAL state=(163,1,6,0) L=-6 H=-6 hist=bfs len=3 val=null nodes=5000000
EVAL state=(163,1,6,0) L=-6 H=-6 hist=dfs1 UNAVAILABLE
EVAL state=(163,1,6,0) L=-6 H=-6 hist=dfs2 len=11 val=null nodes=5000000
EVAL state=(167,1,6,0) L=-6 H=-6 hist=bfs len=5 val=null nodes=5000000
EVAL state=(167,1,6,0) L=-6 H=-6 hist=dfs1 len=13 val=null nodes=5000000
EVAL state=(167,1,6,0) L=-6 H=-6 hist=dfs2 len=23 val=null nodes=5000000
EVAL state=(169,1,6,0) L=-6 H=-6 hist=bfs len=5 val=-6 nodes=81
EVAL state=(169,1,6,0) L=-6 H=-6 hist=dfs1 len=23 val=-6 nodes=73
EVAL state=(169,1,6,0) L=-6 H=-6 hist=dfs2 len=21 val=-6 nodes=75
EVAL state=(171,1,6,0) L=-6 H=-6 hist=bfs len=3 val=null nodes=5000000
EVAL state=(171,1,6,0) L=-6 H=-6 hist=dfs1 UNAVAILABLE
EVAL state=(171,1,6,0) L=-6 H=-6 hist=dfs2 UNAVAILABLE
EVAL state=(172,1,6,0) L=-6 H=-6 hist=bfs len=3 val=null nodes=5000000
EVAL state=(172,1,6,0) L=-6 H=-6 hist=dfs1 len=23 val=null nodes=5000000
EVAL state=(172,1,6,0) L=-6 H=-6 hist=dfs2 len=23 val=null nodes=5000000
EVAL state=(173,1,6,0) L=-6 H=-6 hist=bfs len=5 val=null nodes=5000000
EVAL state=(173,1,6,0) L=-6 H=-6 hist=dfs1 len=23 val=null nodes=5000000
EVAL state=(173,1,6,0) L=-6 H=-6 hist=dfs2 len=23 val=null nodes=5000000
EVAL state=(176,1,6,0) L=-6 H=-6 hist=bfs len=5 val=null nodes=5000000
EVAL state=(176,1,6,0) L=-6 H=-6 hist=dfs1 len=21 val=null nodes=5000000
EVAL state=(176,1,6,0) L=-6 H=-6 hist=dfs2 len=23 val=null nodes=5000000
EVAL state=(177,1,6,0) L=-6 H=-6 hist=bfs len=5 val=null nodes=5000000
EVAL state=(177,1,6,0) L=-6 H=-6 hist=dfs1 len=23 val=null nodes=5000000
EVAL state=(177,1,6,0) L=-6 H=-6 hist=dfs2 UNAVAILABLE
EVAL state=(178,1,6,0) L=-6 H=-6 hist=bfs len=5 val=null nodes=5000000
EVAL state=(178,1,6,0) L=-6 H=-6 hist=dfs1 len=23 val=-6 nodes=40
EVAL state=(178,1,6,0) L=-6 H=-6 hist=dfs2 len=23 val=null nodes=5000000
EVAL state=(179,1,6,0) L=-6 H=-6 hist=bfs len=7 val=null nodes=5000000
EVAL state=(179,1,6,0) L=-6 H=-6 hist=dfs1 len=21 val=null nodes=5000000
EVAL state=(179,1,6,0) L=-6 H=-6 hist=dfs2 UNAVAILABLE
EVAL state=(181,1,6,0) L=-6 H=-6 hist=bfs len=5 val=null nodes=5000000
EVAL state=(181,1,6,0) L=-6 H=-6 hist=dfs1 len=23 val=null nodes=5000000
EVAL state=(181,1,6,0) L=-6 H=-6 hist=dfs2 len=23 val=null nodes=5000000
EVAL state=(183,1,6,0) L=-6 H=-6 hist=bfs len=5 val=null nodes=5000000
EVAL state=(183,1,6,0) L=-6 H=-6 hist=dfs1 len=23 val=null nodes=5000000
EVAL state=(183,1,6,0) L=-6 H=-6 hist=dfs2 UNAVAILABLE
EVAL state=(184,1,6,0) L=-6 H=-6 hist=bfs len=5 val=null nodes=5000000
EVAL state=(184,1,6,0) L=-6 H=-6 hist=dfs1 UNAVAILABLE
EVAL state=(184,1,6,0) L=-6 H=-6 hist=dfs2 len=23 val=null nodes=5000000
EVAL state=(187,1,6,0) L=-6 H=-6 hist=bfs len=7 val=-6 nodes=18
EVAL state=(187,1,6,0) L=-6 H=-6 hist=dfs1 UNAVAILABLE
EVAL state=(187,1,6,0) L=-6 H=-6 hist=dfs2 UNAVAILABLE
EVAL state=(189,1,6,0) L=-6 H=-6 hist=bfs len=3 val=null nodes=5000000
EVAL state=(189,1,6,0) L=-6 H=-6 hist=dfs1 len=3 val=null nodes=5000000
EVAL state=(189,1,6,0) L=-6 H=-6 hist=dfs2 UNAVAILABLE
EVAL state=(190,1,6,0) L=-6 H=-6 hist=bfs len=3 val=null nodes=5000000
EVAL state=(190,1,6,0) L=-6 H=-6 hist=dfs1 len=5 val=null nodes=5000000
EVAL state=(190,1,6,0) L=-6 H=-6 hist=dfs2 len=23 val=null nodes=5000000
EVAL state=(192,1,6,0) L=-6 H=-6 hist=bfs len=3 val=null nodes=5000000
EVAL state=(192,1,6,0) L=-6 H=-6 hist=dfs1 len=23 val=null nodes=5000000
EVAL state=(192,1,6,0) L=-6 H=-6 hist=dfs2 UNAVAILABLE
EVAL state=(193,1,6,0) L=-6 H=-6 hist=bfs len=5 val=null nodes=5000000
EVAL state=(193,1,6,0) L=-6 H=-6 hist=dfs1 UNAVAILABLE
EVAL state=(193,1,6,0) L=-6 H=-6 hist=dfs2 len=23 val=null nodes=5000000
EVAL state=(195,1,6,0) L=-6 H=-6 hist=bfs len=5 val=null nodes=5000000
EVAL state=(195,1,6,0) L=-6 H=-6 hist=dfs1 len=23 val=-6 nodes=100
EVAL state=(195,1,6,0) L=-6 H=-6 hist=dfs2 UNAVAILABLE
EVAL state=(198,1,6,0) L=-6 H=-6 hist=bfs len=3 val=null nodes=5000000
EVAL state=(198,1,6,0) L=-6 H=-6 hist=dfs1 UNAVAILABLE
EVAL state=(198,1,6,0) L=-6 H=-6 hist=dfs2 UNAVAILABLE
EVAL state=(199,1,6,0) L=-6 H=-6 hist=bfs len=5 val=null nodes=5000000
EVAL state=(199,1,6,0) L=-6 H=-6 hist=dfs1 len=23 val=null nodes=5000000
EVAL state=(199,1,6,0) L=-6 H=-6 hist=dfs2 UNAVAILABLE
EVAL state=(201,1,6,0) L=-6 H=-6 hist=bfs len=5 val=null nodes=5000000
EVAL state=(201,1,6,0) L=-6 H=-6 hist=dfs1 len=21 val=null nodes=5000000
EVAL state=(201,1,6,0) L=-6 H=-6 hist=dfs2 len=23 val=null nodes=5000000
EVAL state=(204,1,6,0) L=-6 H=-6 hist=bfs len=5 val=null nodes=5000000
EVAL state=(204,1,6,0) L=-6 H=-6 hist=dfs1 UNAVAILABLE
EVAL state=(204,1,6,0) L=-6 H=-6 hist=dfs2 UNAVAILABLE
EVAL state=(207,1,6,0) L=-6 H=-6 hist=bfs len=5 val=-6 nodes=117
EVAL state=(207,1,6,0) L=-6 H=-6 hist=dfs1 UNAVAILABLE
EVAL state=(207,1,6,0) L=-6 H=-6 hist=dfs2 len=21 val=-6 nodes=117
EVAL state=(208,1,6,0) L=-6 H=-6 hist=bfs len=5 val=-6 nodes=57
EVAL state=(208,1,6,0) L=-6 H=-6 hist=dfs1 UNAVAILABLE
EVAL state=(208,1,6,0) L=-6 H=-6 hist=dfs2 UNAVAILABLE
EVAL state=(210,1,6,0) L=-6 H=-6 hist=bfs len=5 val=-6 nodes=63
EVAL state=(210,1,6,0) L=-6 H=-6 hist=dfs1 UNAVAILABLE
EVAL state=(210,1,6,0) L=-6 H=-6 hist=dfs2 UNAVAILABLE
EVAL state=(213,1,6,0) L=-6 H=-6 hist=bfs len=7 val=-6 nodes=18
EVAL state=(213,1,6,0) L=-6 H=-6 hist=dfs1 len=23 val=-6 nodes=18
EVAL state=(213,1,6,0) L=-6 H=-6 hist=dfs2 len=23 val=-6 nodes=18
EVAL state=(217,1,6,0) L=-6 H=-6 hist=bfs len=5 val=null nodes=5000000
EVAL state=(217,1,6,0) L=-6 H=-6 hist=dfs1 UNAVAILABLE
EVAL state=(217,1,6,0) L=-6 H=-6 hist=dfs2 len=19 val=null nodes=5000000
EVAL state=(220,1,6,0) L=-6 H=-6 hist=bfs len=5 val=null nodes=5000000
EVAL state=(220,1,6,0) L=-6 H=-6 hist=dfs1 len=23 val=null nodes=5000000
EVAL state=(220,1,6,0) L=-6 H=-6 hist=dfs2 len=23 val=null nodes=5000000
EVAL state=(221,1,6,0) L=-6 H=-6 hist=bfs len=7 val=null nodes=5000000
EVAL state=(221,1,6,0) L=-6 H=-6 hist=dfs1 UNAVAILABLE
EVAL state=(221,1,6,0) L=-6 H=-6 hist=dfs2 len=21 val=null nodes=5000000
EVAL state=(225,1,6,0) L=-6 H=-6 hist=bfs len=5 val=null nodes=5000000
EVAL state=(225,1,6,0) L=-6 H=-6 hist=dfs1 UNAVAILABLE
EVAL state=(225,1,6,0) L=-6 H=-6 hist=dfs2 len=23 val=null nodes=5000000
EVAL state=(226,1,6,0) L=-6 H=-6 hist=bfs len=5 val=null nodes=5000000
EVAL state=(226,1,6,0) L=-6 H=-6 hist=dfs1 len=23 val=null nodes=5000000
EVAL state=(226,1,6,0) L=-6 H=-6 hist=dfs2 UNAVAILABLE
EVAL state=(227,1,6,0) L=-6 H=-6 hist=bfs len=7 val=null nodes=5000000
EVAL state=(227,1,6,0) L=-6 H=-6 hist=dfs1 UNAVAILABLE
EVAL state=(227,1,6,0) L=-6 H=-6 hist=dfs2 len=23 val=null nodes=5000000
EVAL state=(231,1,6,0) L=-6 H=-6 hist=bfs len=7 val=null nodes=5000000
EVAL state=(231,1,6,0) L=-6 H=-6 hist=dfs1 len=23 val=null nodes=5000000
EVAL state=(231,1,6,0) L=-6 H=-6 hist=dfs2 UNAVAILABLE
EVAL state=(233,1,6,0) L=-6 H=-6 hist=bfs len=9 val=null nodes=5000000
EVAL state=(233,1,6,0) L=-6 H=-6 hist=dfs1 UNAVAILABLE
EVAL state=(233,1,6,0) L=-6 H=-6 hist=dfs2 UNAVAILABLE
EVAL state=(235,1,6,0) L=-6 H=-6 hist=bfs len=7 val=-6 nodes=18
EVAL state=(235,1,6,0) L=-6 H=-6 hist=dfs1 len=21 val=-6 nodes=18
EVAL state=(235,1,6,0) L=-6 H=-6 hist=dfs2 UNAVAILABLE
EVAL state=(237,1,6,0) L=-6 H=-6 hist=bfs len=7 val=null nodes=5000000
EVAL state=(237,1,6,0) L=-6 H=-6 hist=dfs1 UNAVAILABLE
EVAL state=(237,1,6,0) L=-6 H=-6 hist=dfs2 len=21 val=null nodes=5000000
EVAL state=(243,1,6,0) L=-6 H=-6 hist=bfs len=1 val=null nodes=5000000
EVAL state=(243,1,6,0) L=-6 H=-6 hist=dfs1 len=1 val=null nodes=5000000
EVAL state=(243,1,6,0) L=-6 H=-6 hist=dfs2 len=1 val=null nodes=5000000
EVAL state=(244,1,6,0) L=-6 H=-6 hist=bfs len=3 val=null nodes=5000000
EVAL state=(244,1,6,0) L=-6 H=-6 hist=dfs1 len=23 val=null nodes=5000000
EVAL state=(244,1,6,0) L=-6 H=-6 hist=dfs2 len=21 val=null nodes=5000000
EVAL state=(245,1,6,0) L=-6 H=-6 hist=bfs len=3 val=null nodes=5000000
EVAL state=(245,1,6,0) L=-6 H=-6 hist=dfs1 UNAVAILABLE
EVAL state=(245,1,6,0) L=-6 H=-6 hist=dfs2 UNAVAILABLE
EVAL state=(249,1,6,0) L=-6 H=-6 hist=bfs len=3 val=null nodes=5000000
EVAL state=(249,1,6,0) L=-6 H=-6 hist=dfs1 UNAVAILABLE
EVAL state=(249,1,6,0) L=-6 H=-6 hist=dfs2 len=21 val=null nodes=5000000
EVAL state=(250,1,6,0) L=-6 H=-6 hist=bfs len=3 val=null nodes=5000000
EVAL state=(250,1,6,0) L=-6 H=-6 hist=dfs1 UNAVAILABLE
EVAL state=(250,1,6,0) L=-6 H=-6 hist=dfs2 UNAVAILABLE
EVAL state=(251,1,6,0) L=-6 H=-6 hist=bfs len=5 val=null nodes=5000000
EVAL state=(251,1,6,0) L=-6 H=-6 hist=dfs1 UNAVAILABLE
EVAL state=(251,1,6,0) L=-6 H=-6 hist=dfs2 UNAVAILABLE
EVAL state=(252,1,6,0) L=-6 H=-6 hist=bfs len=3 val=null nodes=5000000
EVAL state=(252,1,6,0) L=-6 H=-6 hist=dfs1 len=23 val=null nodes=5000000
EVAL state=(252,1,6,0) L=-6 H=-6 hist=dfs2 len=23 val=null nodes=5000000
EVAL state=(254,1,6,0) L=-6 H=-6 hist=bfs len=3 val=null nodes=5000000
EVAL state=(254,1,6,0) L=-6 H=-6 hist=dfs1 UNAVAILABLE
EVAL state=(254,1,6,0) L=-6 H=-6 hist=dfs2 UNAVAILABLE
EVAL state=(257,1,6,0) L=-6 H=-6 hist=bfs len=5 val=null nodes=5000000
EVAL state=(257,1,6,0) L=-6 H=-6 hist=dfs1 len=19 val=null nodes=5000000
EVAL state=(257,1,6,0) L=-6 H=-6 hist=dfs2 len=23 val=null nodes=5000000
EVAL state=(258,1,6,0) L=-6 H=-6 hist=bfs len=3 val=null nodes=5000000
EVAL state=(258,1,6,0) L=-6 H=-6 hist=dfs1 UNAVAILABLE
EVAL state=(258,1,6,0) L=-6 H=-6 hist=dfs2 UNAVAILABLE
# progress: 200 states, 97/451 evals within budget, 50 states w/ value, 1772M nodes (x100 block 2)
EVAL state=(259,1,6,0) L=-6 H=-6 hist=bfs len=5 val=null nodes=5000000
EVAL state=(259,1,6,0) L=-6 H=-6 hist=dfs1 len=21 val=null nodes=5000000
EVAL state=(259,1,6,0) L=-6 H=-6 hist=dfs2 UNAVAILABLE
EVAL state=(260,1,6,0) L=-6 H=-6 hist=bfs len=5 val=null nodes=5000000
EVAL state=(260,1,6,0) L=-6 H=-6 hist=dfs1 UNAVAILABLE
EVAL state=(260,1,6,0) L=-6 H=-6 hist=dfs2 len=23 val=null nodes=5000000
EVAL state=(261,1,6,0) L=-6 H=-6 hist=bfs len=3 val=null nodes=5000000
EVAL state=(261,1,6,0) L=-6 H=-6 hist=dfs1 len=11 val=null nodes=5000000
EVAL state=(261,1,6,0) L=-6 H=-6 hist=dfs2 UNAVAILABLE
EVAL state=(262,1,6,0) L=-6 H=-6 hist=bfs len=3 val=null nodes=5000000
EVAL state=(262,1,6,0) L=-6 H=-6 hist=dfs1 len=23 val=null nodes=5000000
EVAL state=(262,1,6,0) L=-6 H=-6 hist=dfs2 UNAVAILABLE
EVAL state=(263,1,6,0) L=-6 H=-6 hist=bfs len=5 val=null nodes=5000000
EVAL state=(263,1,6,0) L=-6 H=-6 hist=dfs1 len=23 val=null nodes=5000000
EVAL state=(263,1,6,0) L=-6 H=-6 hist=dfs2 UNAVAILABLE
EVAL state=(267,1,6,0) L=-6 H=-6 hist=bfs len=5 val=null nodes=5000000
EVAL state=(267,1,6,0) L=-6 H=-6 hist=dfs1 UNAVAILABLE
EVAL state=(267,1,6,0) L=-6 H=-6 hist=dfs2 len=23 val=null nodes=5000000
EVAL state=(268,1,6,0) L=-6 H=-6 hist=bfs len=5 val=null nodes=5000000
EVAL state=(268,1,6,0) L=-6 H=-6 hist=dfs1 len=23 val=null nodes=5000000
EVAL state=(268,1,6,0) L=-6 H=-6 hist=dfs2 UNAVAILABLE
EVAL state=(269,1,6,0) L=-6 H=-6 hist=bfs len=7 val=null nodes=5000000
EVAL state=(269,1,6,0) L=-6 H=-6 hist=dfs1 len=23 val=null nodes=5000000
EVAL state=(269,1,6,0) L=-6 H=-6 hist=dfs2 len=21 val=null nodes=5000000
EVAL state=(272,1,6,0) L=-6 H=-6 hist=bfs len=3 val=null nodes=5000000
EVAL state=(272,1,6,0) L=-6 H=-6 hist=dfs1 len=23 val=null nodes=5000000
EVAL state=(272,1,6,0) L=-6 H=-6 hist=dfs2 UNAVAILABLE
EVAL state=(276,1,6,0) L=-6 H=-6 hist=bfs len=3 val=null nodes=5000000
EVAL state=(276,1,6,0) L=-6 H=-6 hist=dfs1 UNAVAILABLE
EVAL state=(276,1,6,0) L=-6 H=-6 hist=dfs2 len=23 val=null nodes=5000000
EVAL state=(277,1,6,0) L=-6 H=-6 hist=bfs len=5 val=null nodes=5000000
EVAL state=(277,1,6,0) L=-6 H=-6 hist=dfs1 UNAVAILABLE
EVAL state=(277,1,6,0) L=-6 H=-6 hist=dfs2 len=21 val=null nodes=5000000
EVAL state=(278,1,6,0) L=-6 H=-6 hist=bfs len=5 val=null nodes=5000000
EVAL state=(278,1,6,0) L=-6 H=-6 hist=dfs1 len=23 val=null nodes=5000000
EVAL state=(278,1,6,0) L=-6 H=-6 hist=dfs2 len=23 val=-6 nodes=467
EVAL state=(281,1,6,0) L=-6 H=-6 hist=bfs len=5 val=null nodes=5000000
EVAL state=(281,1,6,0) L=-6 H=-6 hist=dfs1 len=23 val=null nodes=5000000
EVAL state=(281,1,6,0) L=-6 H=-6 hist=dfs2 len=23 val=null nodes=5000000
EVAL state=(285,1,6,0) L=-6 H=-6 hist=bfs len=5 val=null nodes=5000000
EVAL state=(285,1,6,0) L=-6 H=-6 hist=dfs1 UNAVAILABLE
EVAL state=(285,1,6,0) L=-6 H=-6 hist=dfs2 UNAVAILABLE
EVAL state=(286,1,6,0) L=-6 H=-6 hist=bfs len=7 val=null nodes=5000000
EVAL state=(286,1,6,0) L=-6 H=-6 hist=dfs1 UNAVAILABLE
EVAL state=(286,1,6,0) L=-6 H=-6 hist=dfs2 UNAVAILABLE
EVAL state=(287,1,6,0) L=-6 H=-6 hist=bfs len=5 val=null nodes=5000000
EVAL state=(287,1,6,0) L=-6 H=-6 hist=dfs1 len=23 val=null nodes=5000000
EVAL state=(287,1,6,0) L=-6 H=-6 hist=dfs2 UNAVAILABLE
EVAL state=(288,1,6,0) L=-6 H=-6 hist=bfs len=3 val=null nodes=5000000
EVAL state=(288,1,6,0) L=-6 H=-6 hist=dfs1 len=21 val=null nodes=5000000
EVAL state=(288,1,6,0) L=-6 H=-6 hist=dfs2 len=23 val=null nodes=5000000
EVAL state=(289,1,6,0) L=-6 H=-6 hist=bfs len=5 val=null nodes=5000000
EVAL state=(289,1,6,0) L=-6 H=-6 hist=dfs1 UNAVAILABLE
EVAL state=(289,1,6,0) L=-6 H=-6 hist=dfs2 len=23 val=null nodes=5000000
EVAL state=(290,1,6,0) L=-6 H=-6 hist=bfs len=5 val=null nodes=5000000
EVAL state=(290,1,6,0) L=-6 H=-6 hist=dfs1 UNAVAILABLE
EVAL state=(290,1,6,0) L=-6 H=-6 hist=dfs2 len=23 val=-6 nodes=82
EVAL state=(294,1,6,0) L=-6 H=-6 hist=bfs len=5 val=null nodes=5000000
EVAL state=(294,1,6,0) L=-6 H=-6 hist=dfs1 len=19 val=null nodes=5000000
EVAL state=(294,1,6,0) L=-6 H=-6 hist=dfs2 len=23 val=null nodes=5000000
EVAL state=(295,1,6,0) L=-6 H=-6 hist=bfs len=5 val=null nodes=5000000
EVAL state=(295,1,6,0) L=-6 H=-6 hist=dfs1 UNAVAILABLE
EVAL state=(295,1,6,0) L=-6 H=-6 hist=dfs2 UNAVAILABLE
EVAL state=(296,1,6,0) L=-6 H=-6 hist=bfs len=7 val=null nodes=5000000
EVAL state=(296,1,6,0) L=-6 H=-6 hist=dfs1 UNAVAILABLE
EVAL state=(296,1,6,0) L=-6 H=-6 hist=dfs2 UNAVAILABLE
EVAL state=(297,1,6,0) L=-6 H=-6 hist=bfs len=3 val=null nodes=5000000
EVAL state=(297,1,6,0) L=-6 H=-6 hist=dfs1 UNAVAILABLE
EVAL state=(297,1,6,0) L=-6 H=-6 hist=dfs2 UNAVAILABLE
EVAL state=(298,1,6,0) L=-6 H=-6 hist=bfs len=3 val=null nodes=5000000
EVAL state=(298,1,6,0) L=-6 H=-6 hist=dfs1 UNAVAILABLE
EVAL state=(298,1,6,0) L=-6 H=-6 hist=dfs2 UNAVAILABLE
EVAL state=(303,1,6,0) L=-6 H=-6 hist=bfs len=5 val=null nodes=5000000
EVAL state=(303,1,6,0) L=-6 H=-6 hist=dfs1 len=23 val=null nodes=5000000
EVAL state=(303,1,6,0) L=-6 H=-6 hist=dfs2 len=21 val=null nodes=5000000
EVAL state=(305,1,6,0) L=-6 H=-6 hist=bfs len=7 val=null nodes=5000000
EVAL state=(305,1,6,0) L=-6 H=-6 hist=dfs1 len=23 val=null nodes=5000000
EVAL state=(305,1,6,0) L=-6 H=-6 hist=dfs2 len=23 val=null nodes=5000000
EVAL state=(306,1,6,0) L=-6 H=-6 hist=bfs len=3 val=null nodes=5000000
EVAL state=(306,1,6,0) L=-6 H=-6 hist=dfs1 len=23 val=null nodes=5000000
EVAL state=(306,1,6,0) L=-6 H=-6 hist=dfs2 len=23 val=null nodes=5000000
EVAL state=(307,1,6,0) L=-6 H=-6 hist=bfs len=5 val=null nodes=5000000
EVAL state=(307,1,6,0) L=-6 H=-6 hist=dfs1 UNAVAILABLE
EVAL state=(307,1,6,0) L=-6 H=-6 hist=dfs2 len=23 val=null nodes=5000000
EVAL state=(311,1,6,0) L=-6 H=-6 hist=bfs len=5 val=null nodes=5000000
EVAL state=(311,1,6,0) L=-6 H=-6 hist=dfs1 len=21 val=null nodes=5000000
EVAL state=(311,1,6,0) L=-6 H=-6 hist=dfs2 len=21 val=null nodes=5000000
EVAL state=(312,1,6,0) L=-6 H=-6 hist=bfs len=5 val=null nodes=5000000
EVAL state=(312,1,6,0) L=-6 H=-6 hist=dfs1 UNAVAILABLE
EVAL state=(312,1,6,0) L=-6 H=-6 hist=dfs2 len=23 val=null nodes=5000000
EVAL state=(314,1,6,0) L=-6 H=-6 hist=bfs len=7 val=null nodes=5000000
EVAL state=(314,1,6,0) L=-6 H=-6 hist=dfs1 len=17 val=null nodes=5000000
EVAL state=(314,1,6,0) L=-6 H=-6 hist=dfs2 UNAVAILABLE
EVAL state=(315,1,6,0) L=-6 H=-6 hist=bfs len=5 val=null nodes=5000000
EVAL state=(315,1,6,0) L=-6 H=-6 hist=dfs1 len=23 val=null nodes=5000000
EVAL state=(315,1,6,0) L=-6 H=-6 hist=dfs2 UNAVAILABLE
EVAL state=(316,1,6,0) L=-6 H=-6 hist=bfs len=5 val=null nodes=5000000
EVAL state=(316,1,6,0) L=-6 H=-6 hist=dfs1 len=5 val=null nodes=5000000
EVAL state=(316,1,6,0) L=-6 H=-6 hist=dfs2 len=23 val=null nodes=5000000
EVAL state=(317,1,6,0) L=-6 H=-6 hist=bfs len=7 val=null nodes=5000000
EVAL state=(317,1,6,0) L=-6 H=-6 hist=dfs1 UNAVAILABLE
EVAL state=(317,1,6,0) L=-6 H=-6 hist=dfs2 UNAVAILABLE
EVAL state=(321,1,6,0) L=-6 H=-6 hist=bfs len=7 val=null nodes=5000000
EVAL state=(321,1,6,0) L=-6 H=-6 hist=dfs1 UNAVAILABLE
EVAL state=(321,1,6,0) L=-6 H=-6 hist=dfs2 len=23 val=null nodes=5000000
EVAL state=(323,1,6,0) L=-6 H=-6 hist=bfs len=9 val=null nodes=5000000
EVAL state=(323,1,6,0) L=-6 H=-6 hist=dfs1 len=23 val=null nodes=5000000
EVAL state=(323,1,6,0) L=-6 H=-6 hist=dfs2 len=23 val=null nodes=5000000
EVAL state=(331,1,6,0) L=-6 H=-6 hist=bfs len=5 val=null nodes=5000000
EVAL state=(331,1,6,0) L=-6 H=-6 hist=dfs1 len=23 val=null nodes=5000000
EVAL state=(331,1,6,0) L=-6 H=-6 hist=dfs2 len=23 val=null nodes=5000000
EVAL state=(339,1,6,0) L=-6 H=-6 hist=bfs len=5 val=null nodes=5000000
EVAL state=(339,1,6,0) L=-6 H=-6 hist=dfs1 UNAVAILABLE
EVAL state=(339,1,6,0) L=-6 H=-6 hist=dfs2 len=23 val=null nodes=5000000
EVAL state=(341,1,6,0) L=-6 H=-6 hist=bfs len=5 val=null nodes=5000000
EVAL state=(341,1,6,0) L=-6 H=-6 hist=dfs1 len=23 val=null nodes=5000000
EVAL state=(341,1,6,0) L=-6 H=-6 hist=dfs2 len=23 val=null nodes=5000000
EVAL state=(348,1,6,0) L=-6 H=-6 hist=bfs len=5 val=null nodes=5000000
EVAL state=(348,1,6,0) L=-6 H=-6 hist=dfs1 len=23 val=null nodes=5000000
EVAL state=(348,1,6,0) L=-6 H=-6 hist=dfs2 UNAVAILABLE
EVAL state=(384,1,6,0) L=-6 H=-6 hist=bfs len=5 val=null nodes=5000000
EVAL state=(384,1,6,0) L=-6 H=-6 hist=dfs1 UNAVAILABLE
EVAL state=(384,1,6,0) L=-6 H=-6 hist=dfs2 UNAVAILABLE
EVAL state=(387,1,6,0) L=-6 H=-6 hist=bfs len=5 val=null nodes=5000000
EVAL state=(387,1,6,0) L=-6 H=-6 hist=dfs1 len=23 val=null nodes=5000000
EVAL state=(387,1,6,0) L=-6 H=-6 hist=dfs2 UNAVAILABLE
EVAL state=(389,1,6,0) L=-6 H=-6 hist=bfs len=5 val=null nodes=5000000
EVAL state=(389,1,6,0) L=-6 H=-6 hist=dfs1 len=21 val=null nodes=5000000
EVAL state=(389,1,6,0) L=-6 H=-6 hist=dfs2 len=23 val=null nodes=5000000
EVAL state=(396,1,6,0) L=-6 H=-6 hist=bfs len=5 val=null nodes=5000000
EVAL state=(396,1,6,0) L=-6 H=-6 hist=dfs1 len=23 val=null nodes=5000000
EVAL state=(396,1,6,0) L=-6 H=-6 hist=dfs2 len=21 val=null nodes=5000000
EVAL state=(405,1,6,0) L=-6 H=-6 hist=bfs len=3 val=null nodes=5000000
EVAL state=(405,1,6,0) L=-6 H=-6 hist=dfs1 UNAVAILABLE
EVAL state=(405,1,6,0) L=-6 H=-6 hist=dfs2 UNAVAILABLE
EVAL state=(406,1,6,0) L=-6 H=-6 hist=bfs len=3 val=null nodes=5000000
EVAL state=(406,1,6,0) L=-6 H=-6 hist=dfs1 UNAVAILABLE
EVAL state=(406,1,6,0) L=-6 H=-6 hist=dfs2 len=23 val=null nodes=5000000
EVAL state=(407,1,6,0) L=-6 H=-6 hist=bfs len=5 val=-6 nodes=117
EVAL state=(407,1,6,0) L=-6 H=-6 hist=dfs1 len=19 val=-6 nodes=90
EVAL state=(407,1,6,0) L=-6 H=-6 hist=dfs2 UNAVAILABLE
EVAL state=(408,1,6,0) L=-6 H=-6 hist=bfs len=3 val=null nodes=5000000
EVAL state=(408,1,6,0) L=-6 H=-6 hist=dfs1 len=21 val=null nodes=5000000
EVAL state=(408,1,6,0) L=-6 H=-6 hist=dfs2 len=23 val=null nodes=5000000
EVAL state=(409,1,6,0) L=-6 H=-6 hist=bfs len=5 val=null nodes=5000000
EVAL state=(409,1,6,0) L=-6 H=-6 hist=dfs1 len=23 val=null nodes=5000000
EVAL state=(409,1,6,0) L=-6 H=-6 hist=dfs2 len=23 val=null nodes=5000000
EVAL state=(410,1,6,0) L=-6 H=-6 hist=bfs len=5 val=-6 nodes=63
EVAL state=(410,1,6,0) L=-6 H=-6 hist=dfs1 len=23 val=-6 nodes=59
EVAL state=(410,1,6,0) L=-6 H=-6 hist=dfs2 len=23 val=-6 nodes=63
EVAL state=(411,1,6,0) L=-6 H=-6 hist=bfs len=5 val=-6 nodes=81
EVAL state=(411,1,6,0) L=-6 H=-6 hist=dfs1 len=23 val=-6 nodes=71
EVAL state=(411,1,6,0) L=-6 H=-6 hist=dfs2 len=23 val=-6 nodes=81
EVAL state=(412,1,6,0) L=-6 H=-6 hist=bfs len=5 val=-6 nodes=39
EVAL state=(412,1,6,0) L=-6 H=-6 hist=dfs1 UNAVAILABLE
EVAL state=(412,1,6,0) L=-6 H=-6 hist=dfs2 len=23 val=-6 nodes=33
EVAL state=(413,1,6,0) L=-6 H=-6 hist=bfs len=7 val=-6 nodes=18
EVAL state=(413,1,6,0) L=-6 H=-6 hist=dfs1 UNAVAILABLE
EVAL state=(413,1,6,0) L=-6 H=-6 hist=dfs2 UNAVAILABLE
EVAL state=(414,1,6,0) L=-6 H=-6 hist=bfs len=3 val=null nodes=5000000
EVAL state=(414,1,6,0) L=-6 H=-6 hist=dfs1 len=15 val=null nodes=5000000
EVAL state=(414,1,6,0) L=-6 H=-6 hist=dfs2 UNAVAILABLE
EVAL state=(415,1,6,0) L=-6 H=-6 hist=bfs len=5 val=null nodes=5000000
EVAL state=(415,1,6,0) L=-6 H=-6 hist=dfs1 UNAVAILABLE
EVAL state=(415,1,6,0) L=-6 H=-6 hist=dfs2 UNAVAILABLE
EVAL state=(416,1,6,0) L=-6 H=-6 hist=bfs len=5 val=null nodes=5000000
EVAL state=(416,1,6,0) L=-6 H=-6 hist=dfs1 UNAVAILABLE
EVAL state=(416,1,6,0) L=-6 H=-6 hist=dfs2 UNAVAILABLE
EVAL state=(417,1,6,0) L=-6 H=-6 hist=bfs len=5 val=null nodes=5000000
EVAL state=(417,1,6,0) L=-6 H=-6 hist=dfs1 UNAVAILABLE
EVAL state=(417,1,6,0) L=-6 H=-6 hist=dfs2 UNAVAILABLE
EVAL state=(432,1,6,0) L=-6 H=-6 hist=bfs len=3 val=null nodes=5000000
EVAL state=(432,1,6,0) L=-6 H=-6 hist=dfs1 len=21 val=-6 nodes=179
EVAL state=(432,1,6,0) L=-6 H=-6 hist=dfs2 len=21 val=null nodes=5000000
EVAL state=(433,1,6,0) L=-6 H=-6 hist=bfs len=5 val=-6 nodes=150
EVAL state=(433,1,6,0) L=-6 H=-6 hist=dfs1 UNAVAILABLE
EVAL state=(433,1,6,0) L=-6 H=-6 hist=dfs2 len=23 val=-6 nodes=148
EVAL state=(438,1,6,0) L=-6 H=-6 hist=bfs len=5 val=-6 nodes=39
EVAL state=(438,1,6,0) L=-6 H=-6 hist=dfs1 UNAVAILABLE
EVAL state=(438,1,6,0) L=-6 H=-6 hist=dfs2 len=23 val=-6 nodes=33
EVAL state=(441,1,6,0) L=-6 H=-6 hist=bfs len=5 val=null nodes=5000000
EVAL state=(441,1,6,0) L=-6 H=-6 hist=dfs1 UNAVAILABLE
EVAL state=(441,1,6,0) L=-6 H=-6 hist=dfs2 len=23 val=null nodes=5000000
EVAL state=(442,1,6,0) L=-6 H=-6 hist=bfs len=7 val=null nodes=5000000
EVAL state=(442,1,6,0) L=-6 H=-6 hist=dfs1 len=21 val=null nodes=5000000
EVAL state=(442,1,6,0) L=-6 H=-6 hist=dfs2 len=21 val=null nodes=5000000
EVAL state=(459,1,6,0) L=-6 H=-6 hist=bfs len=5 val=null nodes=5000000
EVAL state=(459,1,6,0) L=-6 H=-6 hist=dfs1 UNAVAILABLE
EVAL state=(459,1,6,0) L=-6 H=-6 hist=dfs2 UNAVAILABLE
EVAL state=(460,1,6,0) L=-6 H=-6 hist=bfs len=5 val=null nodes=5000000
EVAL state=(460,1,6,0) L=-6 H=-6 hist=dfs1 len=23 val=null nodes=5000000
EVAL state=(460,1,6,0) L=-6 H=-6 hist=dfs2 UNAVAILABLE
EVAL state=(461,1,6,0) L=-6 H=-6 hist=bfs len=7 val=null nodes=5000000
EVAL state=(461,1,6,0) L=-6 H=-6 hist=dfs1 len=21 val=null nodes=5000000
EVAL state=(461,1,6,0) L=-6 H=-6 hist=dfs2 len=23 val=null nodes=5000000
EVAL state=(462,1,6,0) L=-6 H=-6 hist=bfs len=5 val=null nodes=5000000
EVAL state=(462,1,6,0) L=-6 H=-6 hist=dfs1 UNAVAILABLE
EVAL state=(462,1,6,0) L=-6 H=-6 hist=dfs2 UNAVAILABLE
EVAL state=(465,1,6,0) L=-6 H=-6 hist=bfs len=7 val=null nodes=5000000
EVAL state=(465,1,6,0) L=-6 H=-6 hist=dfs1 UNAVAILABLE
EVAL state=(465,1,6,0) L=-6 H=-6 hist=dfs2 UNAVAILABLE
EVAL state=(467,1,6,0) L=-6 H=-6 hist=bfs len=9 val=null nodes=5000000
EVAL state=(467,1,6,0) L=-6 H=-6 hist=dfs1 len=23 val=null nodes=5000000
EVAL state=(467,1,6,0) L=-6 H=-6 hist=dfs2 UNAVAILABLE
EVAL state=(468,1,6,0) L=-6 H=-6 hist=bfs len=5 val=null nodes=5000000
EVAL state=(468,1,6,0) L=-6 H=-6 hist=dfs1 len=23 val=null nodes=5000000
EVAL state=(468,1,6,0) L=-6 H=-6 hist=dfs2 len=19 val=null nodes=5000000
EVAL state=(469,1,6,0) L=-6 H=-6 hist=bfs len=5 val=null nodes=5000000
EVAL state=(469,1,6,0) L=-6 H=-6 hist=dfs1 len=23 val=-3 nodes=2882579
EVAL state=(469,1,6,0) L=-6 H=-6 hist=dfs2 UNAVAILABLE
EVAL state=(470,1,6,0) L=-6 H=-6 hist=bfs len=7 val=null nodes=5000000
EVAL state=(470,1,6,0) L=-6 H=-6 hist=dfs1 UNAVAILABLE
EVAL state=(470,1,6,0) L=-6 H=-6 hist=dfs2 UNAVAILABLE
EVAL state=(471,1,6,0) L=-6 H=-6 hist=bfs len=5 val=null nodes=5000000
EVAL state=(471,1,6,0) L=-6 H=-6 hist=dfs1 len=19 val=null nodes=5000000
EVAL state=(471,1,6,0) L=-6 H=-6 hist=dfs2 len=23 val=null nodes=5000000
EVAL state=(487,1,6,0) L=-6 H=-6 hist=bfs len=3 val=null nodes=5000000
EVAL state=(487,1,6,0) L=-6 H=-6 hist=dfs1 len=13 val=null nodes=5000000
EVAL state=(487,1,6,0) L=-6 H=-6 hist=dfs2 UNAVAILABLE
EVAL state=(493,1,6,0) L=-6 H=-6 hist=bfs len=5 val=null nodes=5000000
EVAL state=(493,1,6,0) L=-6 H=-6 hist=dfs1 UNAVAILABLE
EVAL state=(493,1,6,0) L=-6 H=-6 hist=dfs2 len=23 val=null nodes=5000000
EVAL state=(495,1,6,0) L=-6 H=-6 hist=bfs len=3 val=null nodes=5000000
EVAL state=(495,1,6,0) L=-6 H=-6 hist=dfs1 UNAVAILABLE
EVAL state=(495,1,6,0) L=-6 H=-6 hist=dfs2 UNAVAILABLE
EVAL state=(496,1,6,0) L=-6 H=-6 hist=bfs len=3 val=null nodes=5000000
EVAL state=(496,1,6,0) L=-6 H=-6 hist=dfs1 len=23 val=null nodes=5000000
EVAL state=(496,1,6,0) L=-6 H=-6 hist=dfs2 UNAVAILABLE
EVAL state=(497,1,6,0) L=-6 H=-6 hist=bfs len=5 val=null nodes=5000000
EVAL state=(497,1,6,0) L=-6 H=-6 hist=dfs1 len=23 val=null nodes=5000000
EVAL state=(497,1,6,0) L=-6 H=-6 hist=dfs2 UNAVAILABLE
EVAL state=(500,1,6,0) L=-6 H=-6 hist=bfs len=5 val=null nodes=5000000
EVAL state=(500,1,6,0) L=-6 H=-6 hist=dfs1 len=17 val=null nodes=5000000
EVAL state=(500,1,6,0) L=-6 H=-6 hist=dfs2 len=21 val=null nodes=5000000
EVAL state=(509,1,6,0) L=-6 H=-6 hist=bfs len=7 val=null nodes=5000000
EVAL state=(509,1,6,0) L=-6 H=-6 hist=dfs1 UNAVAILABLE
EVAL state=(509,1,6,0) L=-6 H=-6 hist=dfs2 UNAVAILABLE
EVAL state=(511,1,6,0) L=-6 H=-6 hist=bfs len=7 val=null nodes=5000000
EVAL state=(511,1,6,0) L=-6 H=-6 hist=dfs1 len=21 val=null nodes=5000000
EVAL state=(511,1,6,0) L=-6 H=-6 hist=dfs2 UNAVAILABLE
EVAL state=(513,1,6,0) L=-6 H=-6 hist=bfs len=3 val=null nodes=5000000
EVAL state=(513,1,6,0) L=-6 H=-6 hist=dfs1 len=21 val=null nodes=5000000
EVAL state=(513,1,6,0) L=-6 H=-6 hist=dfs2 UNAVAILABLE
EVAL state=(514,1,6,0) L=-6 H=-6 hist=bfs len=3 val=null nodes=5000000
EVAL state=(514,1,6,0) L=-6 H=-6 hist=dfs1 len=21 val=null nodes=5000000
EVAL state=(514,1,6,0) L=-6 H=-6 hist=dfs2 UNAVAILABLE
EVAL state=(515,1,6,0) L=-6 H=-6 hist=bfs len=5 val=null nodes=5000000
EVAL state=(515,1,6,0) L=-6 H=-6 hist=dfs1 UNAVAILABLE
EVAL state=(515,1,6,0) L=-6 H=-6 hist=dfs2 UNAVAILABLE
EVAL state=(519,1,6,0) L=-6 H=-6 hist=bfs len=5 val=null nodes=5000000
EVAL state=(519,1,6,0) L=-6 H=-6 hist=dfs1 len=23 val=null nodes=5000000
EVAL state=(519,1,6,0) L=-6 H=-6 hist=dfs2 UNAVAILABLE
EVAL state=(520,1,6,0) L=-6 H=-6 hist=bfs len=5 val=null nodes=5000000
EVAL state=(520,1,6,0) L=-6 H=-6 hist=dfs1 UNAVAILABLE
EVAL state=(520,1,6,0) L=-6 H=-6 hist=dfs2 len=23 val=null nodes=5000000
EVAL state=(521,1,6,0) L=-6 H=-6 hist=bfs len=7 val=null nodes=5000000
EVAL state=(521,1,6,0) L=-6 H=-6 hist=dfs1 len=23 val=-6 nodes=3036
EVAL state=(521,1,6,0) L=-6 H=-6 hist=dfs2 UNAVAILABLE
EVAL state=(522,1,6,0) L=-6 H=-6 hist=bfs len=3 val=null nodes=5000000
EVAL state=(522,1,6,0) L=-6 H=-6 hist=dfs1 len=23 val=null nodes=5000000
EVAL state=(522,1,6,0) L=-6 H=-6 hist=dfs2 UNAVAILABLE
EVAL state=(523,1,6,0) L=-6 H=-6 hist=bfs len=5 val=null nodes=5000000
EVAL state=(523,1,6,0) L=-6 H=-6 hist=dfs1 len=23 val=null nodes=5000000
EVAL state=(523,1,6,0) L=-6 H=-6 hist=dfs2 UNAVAILABLE
EVAL state=(524,1,6,0) L=-6 H=-6 hist=bfs len=5 val=null nodes=5000000
EVAL state=(524,1,6,0) L=-6 H=-6 hist=dfs1 UNAVAILABLE
EVAL state=(524,1,6,0) L=-6 H=-6 hist=dfs2 len=23 val=-6 nodes=42
EVAL state=(533,1,6,0) L=-6 H=-6 hist=bfs len=7 val=null nodes=5000000
EVAL state=(533,1,6,0) L=-6 H=-6 hist=dfs1 UNAVAILABLE
EVAL state=(533,1,6,0) L=-6 H=-6 hist=dfs2 len=21 val=null nodes=5000000
EVAL state=(535,1,6,0) L=-6 H=-6 hist=bfs len=5 val=null nodes=5000000
EVAL state=(535,1,6,0) L=-6 H=-6 hist=dfs1 len=21 val=null nodes=5000000
EVAL state=(535,1,6,0) L=-6 H=-6 hist=dfs2 len=23 val=null nodes=5000000
EVAL state=(537,1,6,0) L=-6 H=-6 hist=bfs len=7 val=null nodes=5000000
EVAL state=(537,1,6,0) L=-6 H=-6 hist=dfs1 len=23 val=null nodes=5000000
EVAL state=(537,1,6,0) L=-6 H=-6 hist=dfs2 len=23 val=null nodes=5000000
EVAL state=(538,1,6,0) L=-6 H=-6 hist=bfs len=7 val=null nodes=5000000
EVAL state=(538,1,6,0) L=-6 H=-6 hist=dfs1 UNAVAILABLE
EVAL state=(538,1,6,0) L=-6 H=-6 hist=dfs2 len=23 val=null nodes=5000000
EVAL state=(539,1,6,0) L=-6 H=-6 hist=bfs len=9 val=null nodes=5000000
EVAL state=(539,1,6,0) L=-6 H=-6 hist=dfs1 len=23 val=null nodes=5000000
EVAL state=(539,1,6,0) L=-6 H=-6 hist=dfs2 UNAVAILABLE
EVAL state=(541,1,6,0) L=-6 H=-6 hist=bfs len=5 val=null nodes=5000000
EVAL state=(541,1,6,0) L=-6 H=-6 hist=dfs1 len=23 val=null nodes=5000000
EVAL state=(541,1,6,0) L=-6 H=-6 hist=dfs2 UNAVAILABLE
EVAL state=(549,1,6,0) L=-6 H=-6 hist=bfs len=5 val=null nodes=5000000
EVAL state=(549,1,6,0) L=-6 H=-6 hist=dfs1 UNAVAILABLE
EVAL state=(549,1,6,0) L=-6 H=-6 hist=dfs2 len=21 val=null nodes=5000000
EVAL state=(550,1,6,0) L=-6 H=-6 hist=bfs len=5 val=null nodes=5000000
EVAL state=(550,1,6,0) L=-6 H=-6 hist=dfs1 UNAVAILABLE
EVAL state=(550,1,6,0) L=-6 H=-6 hist=dfs2 len=23 val=-6 nodes=70
EVAL state=(551,1,6,0) L=-6 H=-6 hist=bfs len=7 val=null nodes=5000000
EVAL state=(551,1,6,0) L=-6 H=-6 hist=dfs1 len=23 val=null nodes=5000000
EVAL state=(551,1,6,0) L=-6 H=-6 hist=dfs2 UNAVAILABLE
EVAL state=(559,1,6,0) L=-6 H=-6 hist=bfs len=7 val=null nodes=5000000
EVAL state=(559,1,6,0) L=-6 H=-6 hist=dfs1 len=23 val=null nodes=5000000
EVAL state=(559,1,6,0) L=-6 H=-6 hist=dfs2 len=23 val=null nodes=5000000
EVAL state=(573,1,6,0) L=-6 H=-6 hist=bfs len=5 val=null nodes=5000000
EVAL state=(573,1,6,0) L=-6 H=-6 hist=dfs1 UNAVAILABLE
EVAL state=(573,1,6,0) L=-6 H=-6 hist=dfs2 len=23 val=null nodes=5000000
# progress: 300 states, 119/659 evals within budget, 64 states w/ value, 2705M nodes (x100 block 3)
EVAL state=(574,1,6,0) L=-6 H=-6 hist=bfs len=5 val=-6 nodes=63
EVAL state=(574,1,6,0) L=-6 H=-6 hist=dfs1 len=23 val=-6 nodes=53
EVAL state=(574,1,6,0) L=-6 H=-6 hist=dfs2 UNAVAILABLE
EVAL state=(575,1,6,0) L=-6 H=-6 hist=bfs len=7 val=null nodes=5000000
EVAL state=(575,1,6,0) L=-6 H=-6 hist=dfs1 UNAVAILABLE
EVAL state=(575,1,6,0) L=-6 H=-6 hist=dfs2 UNAVAILABLE
EVAL state=(591,1,6,0) L=-6 H=-6 hist=bfs len=7 val=null nodes=5000000
EVAL state=(591,1,6,0) L=-6 H=-6 hist=dfs1 len=23 val=null nodes=5000000
EVAL state=(591,1,6,0) L=-6 H=-6 hist=dfs2 UNAVAILABLE
EVAL state=(595,1,6,0) L=-6 H=-6 hist=bfs len=5 val=null nodes=5000000
EVAL state=(595,1,6,0) L=-6 H=-6 hist=dfs1 len=23 val=null nodes=5000000
EVAL state=(595,1,6,0) L=-6 H=-6 hist=dfs2 len=23 val=null nodes=5000000
EVAL state=(596,1,6,0) L=-6 H=-6 hist=bfs len=5 val=null nodes=5000000
EVAL state=(596,1,6,0) L=-6 H=-6 hist=dfs1 len=5 val=null nodes=5000000
EVAL state=(596,1,6,0) L=-6 H=-6 hist=dfs2 UNAVAILABLE
EVAL state=(600,1,6,0) L=-6 H=-6 hist=bfs len=5 val=null nodes=5000000
EVAL state=(600,1,6,0) L=-6 H=-6 hist=dfs1 UNAVAILABLE
EVAL state=(600,1,6,0) L=-6 H=-6 hist=dfs2 len=23 val=null nodes=5000000
EVAL state=(613,1,6,0) L=-6 H=-6 hist=bfs len=5 val=null nodes=5000000
EVAL state=(613,1,6,0) L=-6 H=-6 hist=dfs1 UNAVAILABLE
EVAL state=(613,1,6,0) L=-6 H=-6 hist=dfs2 UNAVAILABLE
EVAL state=(621,1,6,0) L=-6 H=-6 hist=bfs len=5 val=null nodes=5000000
EVAL state=(621,1,6,0) L=-6 H=-6 hist=dfs1 UNAVAILABLE
EVAL state=(621,1,6,0) L=-6 H=-6 hist=dfs2 len=21 val=null nodes=5000000
EVAL state=(623,1,6,0) L=-6 H=-6 hist=bfs len=7 val=-6 nodes=150
EVAL state=(623,1,6,0) L=-6 H=-6 hist=dfs1 UNAVAILABLE
EVAL state=(623,1,6,0) L=-6 H=-6 hist=dfs2 UNAVAILABLE
EVAL state=(639,1,6,0) L=-6 H=-6 hist=bfs len=7 val=null nodes=5000000
EVAL state=(639,1,6,0) L=-6 H=-6 hist=dfs1 len=23 val=null nodes=5000000
EVAL state=(639,1,6,0) L=-6 H=-6 hist=dfs2 len=23 val=null nodes=5000000
EVAL state=(649,1,6,0) L=-6 H=-6 hist=bfs len=5 val=null nodes=5000000
EVAL state=(649,1,6,0) L=-6 H=-6 hist=dfs1 UNAVAILABLE
EVAL state=(649,1,6,0) L=-6 H=-6 hist=dfs2 len=23 val=null nodes=5000000
EVAL state=(653,1,6,0) L=-6 H=-6 hist=bfs len=7 val=null nodes=5000000
EVAL state=(653,1,6,0) L=-6 H=-6 hist=dfs1 UNAVAILABLE
EVAL state=(653,1,6,0) L=-6 H=-6 hist=dfs2 UNAVAILABLE
EVAL state=(655,1,6,0) L=-6 H=-6 hist=bfs len=7 val=null nodes=5000000
EVAL state=(655,1,6,0) L=-6 H=-6 hist=dfs1 UNAVAILABLE
EVAL state=(655,1,6,0) L=-6 H=-6 hist=dfs2 len=23 val=null nodes=5000000
EVAL state=(657,1,6,0) L=-6 H=-6 hist=bfs len=5 val=null nodes=5000000
EVAL state=(657,1,6,0) L=-6 H=-6 hist=dfs1 UNAVAILABLE
EVAL state=(657,1,6,0) L=-6 H=-6 hist=dfs2 len=23 val=null nodes=5000000
EVAL state=(658,1,6,0) L=-6 H=-6 hist=bfs len=5 val=null nodes=5000000
EVAL state=(658,1,6,0) L=-6 H=-6 hist=dfs1 UNAVAILABLE
EVAL state=(658,1,6,0) L=-6 H=-6 hist=dfs2 UNAVAILABLE
EVAL state=(659,1,6,0) L=-6 H=-6 hist=bfs len=7 val=-6 nodes=18
EVAL state=(659,1,6,0) L=-6 H=-6 hist=dfs1 UNAVAILABLE
EVAL state=(659,1,6,0) L=-6 H=-6 hist=dfs2 UNAVAILABLE
EVAL state=(660,1,6,0) L=-6 H=-6 hist=bfs len=5 val=null nodes=5000000
EVAL state=(660,1,6,0) L=-6 H=-6 hist=dfs1 UNAVAILABLE
EVAL state=(660,1,6,0) L=-6 H=-6 hist=dfs2 len=21 val=null nodes=5000000
EVAL state=(667,1,6,0) L=-6 H=-6 hist=bfs len=7 val=null nodes=5000000
EVAL state=(667,1,6,0) L=-6 H=-6 hist=dfs1 len=23 val=null nodes=5000000
EVAL state=(667,1,6,0) L=-6 H=-6 hist=dfs2 UNAVAILABLE
EVAL state=(669,1,6,0) L=-6 H=-6 hist=bfs len=7 val=null nodes=5000000
EVAL state=(669,1,6,0) L=-6 H=-6 hist=dfs1 len=21 val=null nodes=5000000
EVAL state=(669,1,6,0) L=-6 H=-6 hist=dfs2 UNAVAILABLE
EVAL state=(673,1,6,0) L=-6 H=-6 hist=bfs len=9 val=null nodes=5000000
EVAL state=(673,1,6,0) L=-6 H=-6 hist=dfs1 UNAVAILABLE
EVAL state=(673,1,6,0) L=-6 H=-6 hist=dfs2 UNAVAILABLE
EVAL state=(675,1,6,0) L=-6 H=-6 hist=bfs len=5 val=null nodes=5000000
EVAL state=(675,1,6,0) L=-6 H=-6 hist=dfs1 len=23 val=null nodes=5000000
EVAL state=(675,1,6,0) L=-6 H=-6 hist=dfs2 len=21 val=null nodes=5000000
EVAL state=(676,1,6,0) L=-6 H=-6 hist=bfs len=5 val=null nodes=5000000
EVAL state=(676,1,6,0) L=-6 H=-6 hist=dfs1 UNAVAILABLE
EVAL state=(676,1,6,0) L=-6 H=-6 hist=dfs2 len=23 val=null nodes=5000000
EVAL state=(678,1,6,0) L=-6 H=-6 hist=bfs len=5 val=null nodes=5000000
EVAL state=(678,1,6,0) L=-6 H=-6 hist=dfs1 UNAVAILABLE
EVAL state=(678,1,6,0) L=-6 H=-6 hist=dfs2 len=23 val=null nodes=5000000
EVAL state=(679,1,6,0) L=-6 H=-6 hist=bfs len=5 val=null nodes=5000000
EVAL state=(679,1,6,0) L=-6 H=-6 hist=dfs1 len=23 val=null nodes=5000000
EVAL state=(679,1,6,0) L=-6 H=-6 hist=dfs2 len=23 val=null nodes=5000000
EVAL state=(681,1,6,0) L=-6 H=-6 hist=bfs len=7 val=-6 nodes=18
EVAL state=(681,1,6,0) L=-6 H=-6 hist=dfs1 UNAVAILABLE
EVAL state=(681,1,6,0) L=-6 H=-6 hist=dfs2 len=23 val=-6 nodes=18
EVAL state=(684,1,6,0) L=-6 H=-6 hist=bfs len=5 val=null nodes=5000000
EVAL state=(684,1,6,0) L=-6 H=-6 hist=dfs1 UNAVAILABLE
EVAL state=(684,1,6,0) L=-6 H=-6 hist=dfs2 len=23 val=null nodes=5000000
EVAL state=(685,1,6,0) L=-6 H=-6 hist=bfs len=5 val=null nodes=5000000
EVAL state=(685,1,6,0) L=-6 H=-6 hist=dfs1 len=23 val=null nodes=5000000
EVAL state=(685,1,6,0) L=-6 H=-6 hist=dfs2 len=23 val=null nodes=5000000
EVAL state=(693,1,6,0) L=-6 H=-6 hist=bfs len=7 val=null nodes=5000000
EVAL state=(693,1,6,0) L=-6 H=-6 hist=dfs1 len=23 val=null nodes=5000000
EVAL state=(693,1,6,0) L=-6 H=-6 hist=dfs2 UNAVAILABLE
EVAL state=(694,1,6,0) L=-6 H=-6 hist=bfs len=7 val=null nodes=5000000
EVAL state=(694,1,6,0) L=-6 H=-6 hist=dfs1 len=21 val=null nodes=5000000
EVAL state=(694,1,6,0) L=-6 H=-6 hist=dfs2 len=23 val=null nodes=5000000
EVAL state=(699,1,6,0) L=-6 H=-6 hist=bfs len=9 val=null nodes=5000000
EVAL state=(699,1,6,0) L=-6 H=-6 hist=dfs1 UNAVAILABLE
EVAL state=(699,1,6,0) L=-6 H=-6 hist=dfs2 UNAVAILABLE
EVAL state=(703,1,6,0) L=-6 H=-6 hist=bfs len=7 val=null nodes=5000000
EVAL state=(703,1,6,0) L=-6 H=-6 hist=dfs1 UNAVAILABLE
EVAL state=(703,1,6,0) L=-6 H=-6 hist=dfs2 UNAVAILABLE
EVAL state=(711,1,6,0) L=-6 H=-6 hist=bfs len=7 val=null nodes=5000000
EVAL state=(711,1,6,0) L=-6 H=-6 hist=dfs1 len=7 val=null nodes=5000000
EVAL state=(711,1,6,0) L=-6 H=-6 hist=dfs2 UNAVAILABLE
EVAL state=(712,1,6,0) L=-6 H=-6 hist=bfs len=7 val=null nodes=5000000
EVAL state=(712,1,6,0) L=-6 H=-6 hist=dfs1 UNAVAILABLE
EVAL state=(712,1,6,0) L=-6 H=-6 hist=dfs2 len=23 val=null nodes=5000000
EVAL state=(713,1,6,0) L=-6 H=-6 hist=bfs len=9 val=null nodes=5000000
EVAL state=(713,1,6,0) L=-6 H=-6 hist=dfs1 UNAVAILABLE
EVAL state=(713,1,6,0) L=-6 H=-6 hist=dfs2 UNAVAILABLE
EVAL state=(721,1,6,0) L=-6 H=-6 hist=bfs len=9 val=null nodes=5000000
EVAL state=(721,1,6,0) L=-6 H=-6 hist=dfs1 len=23 val=null nodes=5000000
EVAL state=(721,1,6,0) L=-6 H=-6 hist=dfs2 len=19 val=null nodes=5000000
EVAL state=(2,1,6,1) L=-6 H=-6 hist=bfs len=3 val=-6 nodes=617
EVAL state=(2,1,6,1) L=-6 H=-6 hist=dfs1 UNAVAILABLE
EVAL state=(2,1,6,1) L=-6 H=-6 hist=dfs2 UNAVAILABLE
EVAL state=(6,1,6,1) L=-6 H=-6 hist=bfs len=3 val=-6 nodes=617
EVAL state=(6,1,6,1) L=-6 H=-6 hist=dfs1 UNAVAILABLE
EVAL state=(6,1,6,1) L=-6 H=-6 hist=dfs2 len=21 val=-6 nodes=617
EVAL state=(7,1,6,1) L=-6 H=-6 hist=bfs len=3 val=null nodes=5000000
EVAL state=(7,1,6,1) L=-6 H=-6 hist=dfs1 UNAVAILABLE
EVAL state=(7,1,6,1) L=-6 H=-6 hist=dfs2 UNAVAILABLE
EVAL state=(8,1,6,1) L=-6 H=-6 hist=bfs len=5 val=-6 nodes=122
EVAL state=(8,1,6,1) L=-6 H=-6 hist=dfs1 UNAVAILABLE
EVAL state=(8,1,6,1) L=-6 H=-6 hist=dfs2 len=5 val=-6 nodes=122
EVAL state=(11,1,6,1) L=-6 H=-6 hist=bfs len=3 val=null nodes=5000000
EVAL state=(11,1,6,1) L=-6 H=-6 hist=dfs1 UNAVAILABLE
EVAL state=(11,1,6,1) L=-6 H=-6 hist=dfs2 len=21 val=null nodes=5000000
EVAL state=(15,1,6,1) L=-6 H=-6 hist=bfs len=3 val=null nodes=5000000
EVAL state=(15,1,6,1) L=-6 H=-6 hist=dfs1 UNAVAILABLE
EVAL state=(15,1,6,1) L=-6 H=-6 hist=dfs2 len=21 val=null nodes=5000000
EVAL state=(16,1,6,1) L=-6 H=-6 hist=bfs len=5 val=null nodes=5000000
EVAL state=(16,1,6,1) L=-6 H=-6 hist=dfs1 UNAVAILABLE
EVAL state=(16,1,6,1) L=-6 H=-6 hist=dfs2 UNAVAILABLE
EVAL state=(17,1,6,1) L=-6 H=-6 hist=bfs len=5 val=null nodes=5000000
EVAL state=(17,1,6,1) L=-6 H=-6 hist=dfs1 UNAVAILABLE
EVAL state=(17,1,6,1) L=-6 H=-6 hist=dfs2 UNAVAILABLE
EVAL state=(18,1,6,1) L=-6 H=-6 hist=bfs len=3 val=-6 nodes=617
EVAL state=(18,1,6,1) L=-6 H=-6 hist=dfs1 UNAVAILABLE
EVAL state=(18,1,6,1) L=-6 H=-6 hist=dfs2 UNAVAILABLE
EVAL state=(19,1,6,1) L=-6 H=-6 hist=bfs len=3 val=null nodes=5000000
EVAL state=(19,1,6,1) L=-6 H=-6 hist=dfs1 UNAVAILABLE
EVAL state=(19,1,6,1) L=-6 H=-6 hist=dfs2 UNAVAILABLE
EVAL state=(20,1,6,1) L=-6 H=-6 hist=bfs len=5 val=-6 nodes=122
EVAL state=(20,1,6,1) L=-6 H=-6 hist=dfs1 UNAVAILABLE
EVAL state=(20,1,6,1) L=-6 H=-6 hist=dfs2 UNAVAILABLE
EVAL state=(23,1,6,1) L=-6 H=-6 hist=bfs len=5 val=-6 nodes=77
EVAL state=(23,1,6,1) L=-6 H=-6 hist=dfs1 len=17 val=-6 nodes=53
EVAL state=(23,1,6,1) L=-6 H=-6 hist=dfs2 UNAVAILABLE
EVAL state=(24,1,6,1) L=-6 H=-6 hist=bfs len=5 val=-6 nodes=122
EVAL state=(24,1,6,1) L=-6 H=-6 hist=dfs1 len=23 val=-6 nodes=122
EVAL state=(24,1,6,1) L=-6 H=-6 hist=dfs2 UNAVAILABLE
EVAL state=(25,1,6,1) L=-6 H=-6 hist=bfs len=5 val=null nodes=5000000
EVAL state=(25,1,6,1) L=-6 H=-6 hist=dfs1 UNAVAILABLE
EVAL state=(25,1,6,1) L=-6 H=-6 hist=dfs2 UNAVAILABLE
EVAL state=(26,1,6,1) L=-6 H=-6 hist=bfs len=7 val=-6 nodes=29
EVAL state=(26,1,6,1) L=-6 H=-6 hist=dfs1 UNAVAILABLE
EVAL state=(26,1,6,1) L=-6 H=-6 hist=dfs2 UNAVAILABLE
EVAL state=(29,1,6,1) L=-6 H=-6 hist=bfs len=3 val=null nodes=5000000
EVAL state=(29,1,6,1) L=-6 H=-6 hist=dfs1 UNAVAILABLE
EVAL state=(29,1,6,1) L=-6 H=-6 hist=dfs2 UNAVAILABLE
EVAL state=(33,1,6,1) L=-6 H=-6 hist=bfs len=3 val=null nodes=5000000
EVAL state=(33,1,6,1) L=-6 H=-6 hist=dfs1 len=23 val=null nodes=5000000
EVAL state=(33,1,6,1) L=-6 H=-6 hist=dfs2 UNAVAILABLE
EVAL state=(34,1,6,1) L=-6 H=-6 hist=bfs len=5 val=null nodes=5000000
EVAL state=(34,1,6,1) L=-6 H=-6 hist=dfs1 len=23 val=null nodes=5000000
EVAL state=(34,1,6,1) L=-6 H=-6 hist=dfs2 len=23 val=null nodes=5000000
EVAL state=(35,1,6,1) L=-6 H=-6 hist=bfs len=5 val=null nodes=5000000
EVAL state=(35,1,6,1) L=-6 H=-6 hist=dfs1 len=23 val=-6 nodes=79
EVAL state=(35,1,6,1) L=-6 H=-6 hist=dfs2 len=23 val=-6 nodes=1003923
EVAL state=(38,1,6,1) L=-6 H=-6 hist=bfs len=5 val=null nodes=5000000
EVAL state=(38,1,6,1) L=-6 H=-6 hist=dfs1 UNAVAILABLE
EVAL state=(38,1,6,1) L=-6 H=-6 hist=dfs2 UNAVAILABLE
EVAL state=(42,1,6,1) L=-6 H=-6 hist=bfs len=5 val=null nodes=5000000
EVAL state=(42,1,6,1) L=-6 H=-6 hist=dfs1 UNAVAILABLE
EVAL state=(42,1,6,1) L=-6 H=-6 hist=dfs2 UNAVAILABLE
EVAL state=(43,1,6,1) L=-6 H=-6 hist=bfs len=7 val=null nodes=5000000
EVAL state=(43,1,6,1) L=-6 H=-6 hist=dfs1 UNAVAILABLE
EVAL state=(43,1,6,1) L=-6 H=-6 hist=dfs2 UNAVAILABLE
EVAL state=(44,1,6,1) L=-6 H=-6 hist=bfs len=5 val=-6 nodes=39
EVAL state=(44,1,6,1) L=-6 H=-6 hist=dfs1 UNAVAILABLE
EVAL state=(44,1,6,1) L=-6 H=-6 hist=dfs2 len=23 val=-6 nodes=32
EVAL state=(45,1,6,1) L=-6 H=-6 hist=bfs len=3 val=null nodes=5000000
EVAL state=(45,1,6,1) L=-6 H=-6 hist=dfs1 len=23 val=null nodes=5000000
EVAL state=(45,1,6,1) L=-6 H=-6 hist=dfs2 UNAVAILABLE
EVAL state=(46,1,6,1) L=-6 H=-6 hist=bfs len=5 val=null nodes=5000000
EVAL state=(46,1,6,1) L=-6 H=-6 hist=dfs1 len=23 val=null nodes=5000000
EVAL state=(46,1,6,1) L=-6 H=-6 hist=dfs2 len=23 val=-6 nodes=156
EVAL state=(47,1,6,1) L=-6 H=-6 hist=bfs len=5 val=null nodes=5000000
EVAL state=(47,1,6,1) L=-6 H=-6 hist=dfs1 UNAVAILABLE
EVAL state=(47,1,6,1) L=-6 H=-6 hist=dfs2 UNAVAILABLE
EVAL state=(49,1,6,1) L=-6 H=-6 hist=bfs len=7 val=null nodes=5000000
EVAL state=(49,1,6,1) L=-6 H=-6 hist=dfs1 UNAVAILABLE
EVAL state=(49,1,6,1) L=-6 H=-6 hist=dfs2 UNAVAILABLE
EVAL state=(51,1,6,1) L=-6 H=-6 hist=bfs len=5 val=null nodes=5000000
EVAL state=(51,1,6,1) L=-6 H=-6 hist=dfs1 UNAVAILABLE
EVAL state=(51,1,6,1) L=-6 H=-6 hist=dfs2 UNAVAILABLE
EVAL state=(52,1,6,1) L=-6 H=-6 hist=bfs len=5 val=-6 nodes=56
EVAL state=(52,1,6,1) L=-6 H=-6 hist=dfs1 UNAVAILABLE
EVAL state=(52,1,6,1) L=-6 H=-6 hist=dfs2 UNAVAILABLE
EVAL state=(53,1,6,1) L=-6 H=-6 hist=bfs len=7 val=-6 nodes=17
EVAL state=(53,1,6,1) L=-6 H=-6 hist=dfs1 UNAVAILABLE
EVAL state=(53,1,6,1) L=-6 H=-6 hist=dfs2 UNAVAILABLE
EVAL state=(54,1,6,1) L=-6 H=-6 hist=bfs len=3 val=-6 nodes=617
EVAL state=(54,1,6,1) L=-6 H=-6 hist=dfs1 UNAVAILABLE
EVAL state=(54,1,6,1) L=-6 H=-6 hist=dfs2 UNAVAILABLE
EVAL state=(55,1,6,1) L=-6 H=-6 hist=bfs len=3 val=null nodes=5000000
EVAL state=(55,1,6,1) L=-6 H=-6 hist=dfs1 UNAVAILABLE
EVAL state=(55,1,6,1) L=-6 H=-6 hist=dfs2 UNAVAILABLE
EVAL state=(56,1,6,1) L=-6 H=-6 hist=bfs len=5 val=-6 nodes=122
EVAL state=(56,1,6,1) L=-6 H=-6 hist=dfs1 UNAVAILABLE
EVAL state=(56,1,6,1) L=-6 H=-6 hist=dfs2 len=23 val=-6 nodes=122
EVAL state=(60,1,6,1) L=-6 H=-6 hist=bfs len=5 val=-6 nodes=122
EVAL state=(60,1,6,1) L=-6 H=-6 hist=dfs1 len=23 val=-6 nodes=122
EVAL state=(60,1,6,1) L=-6 H=-6 hist=dfs2 len=23 val=-6 nodes=110
EVAL state=(62,1,6,1) L=-6 H=-6 hist=bfs len=7 val=-6 nodes=29
EVAL state=(62,1,6,1) L=-6 H=-6 hist=dfs1 UNAVAILABLE
EVAL state=(62,1,6,1) L=-6 H=-6 hist=dfs2 len=23 val=-6 nodes=25
EVAL state=(63,1,6,1) L=-6 H=-6 hist=bfs len=3 val=null nodes=5000000
EVAL state=(63,1,6,1) L=-6 H=-6 hist=dfs1 UNAVAILABLE
EVAL state=(63,1,6,1) L=-6 H=-6 hist=dfs2 UNAVAILABLE
EVAL state=(64,1,6,1) L=-6 H=-6 hist=bfs len=5 val=null nodes=5000000
EVAL state=(64,1,6,1) L=-6 H=-6 hist=dfs1 len=23 val=null nodes=5000000
EVAL state=(64,1,6,1) L=-6 H=-6 hist=dfs2 UNAVAILABLE
EVAL state=(69,1,6,1) L=-6 H=-6 hist=bfs len=5 val=null nodes=5000000
EVAL state=(69,1,6,1) L=-6 H=-6 hist=dfs1 UNAVAILABLE
EVAL state=(69,1,6,1) L=-6 H=-6 hist=dfs2 len=23 val=null nodes=5000000
EVAL state=(71,1,6,1) L=-6 H=-6 hist=bfs len=7 val=null nodes=5000000
EVAL state=(71,1,6,1) L=-6 H=-6 hist=dfs1 UNAVAILABLE
EVAL state=(71,1,6,1) L=-6 H=-6 hist=dfs2 len=21 val=null nodes=5000000
EVAL state=(72,1,6,1) L=-6 H=-6 hist=bfs len=5 val=-6 nodes=122
EVAL state=(72,1,6,1) L=-6 H=-6 hist=dfs1 UNAVAILABLE
EVAL state=(72,1,6,1) L=-6 H=-6 hist=dfs2 len=23 val=-6 nodes=110
EVAL state=(73,1,6,1) L=-6 H=-6 hist=bfs len=5 val=null nodes=5000000
EVAL state=(73,1,6,1) L=-6 H=-6 hist=dfs1 UNAVAILABLE
EVAL state=(73,1,6,1) L=-6 H=-6 hist=dfs2 len=23 val=null nodes=5000000
EVAL state=(74,1,6,1) L=-6 H=-6 hist=bfs len=7 val=-6 nodes=29
EVAL state=(74,1,6,1) L=-6 H=-6 hist=dfs1 UNAVAILABLE
EVAL state=(74,1,6,1) L=-6 H=-6 hist=dfs2 UNAVAILABLE
EVAL state=(76,1,6,1) L=-6 H=-6 hist=bfs len=5 val=-6 nodes=59
EVAL state=(76,1,6,1) L=-6 H=-6 hist=dfs1 UNAVAILABLE
EVAL state=(76,1,6,1) L=-6 H=-6 hist=dfs2 len=23 val=-6 nodes=40
EVAL state=(77,1,6,1) L=-6 H=-6 hist=bfs len=7 val=-6 nodes=17
EVAL state=(77,1,6,1) L=-6 H=-6 hist=dfs1 len=21 val=-6 nodes=17
EVAL state=(77,1,6,1) L=-6 H=-6 hist=dfs2 len=23 val=-6 nodes=13
EVAL state=(78,1,6,1) L=-6 H=-6 hist=bfs len=7 val=-6 nodes=29
EVAL state=(78,1,6,1) L=-6 H=-6 hist=dfs1 UNAVAILABLE
EVAL state=(78,1,6,1) L=-6 H=-6 hist=dfs2 len=19 val=-6 nodes=29
EVAL state=(80,1,6,1) L=-6 H=-6 hist=bfs len=9 val=-6 nodes=8
EVAL state=(80,1,6,1) L=-6 H=-6 hist=dfs1 UNAVAILABLE
EVAL state=(80,1,6,1) L=-6 H=-6 hist=dfs2 len=23 val=-6 nodes=6
EVAL state=(88,1,6,1) L=-6 H=-6 hist=bfs len=5 val=null nodes=5000000
EVAL state=(88,1,6,1) L=-6 H=-6 hist=dfs1 len=23 val=null nodes=5000000
EVAL state=(88,1,6,1) L=-6 H=-6 hist=dfs2 len=23 val=null nodes=5000000
EVAL state=(96,1,6,1) L=-6 H=-6 hist=bfs len=5 val=null nodes=5000000
EVAL state=(96,1,6,1) L=-6 H=-6 hist=dfs1 UNAVAILABLE
EVAL state=(96,1,6,1) L=-6 H=-6 hist=dfs2 UNAVAILABLE
EVAL state=(98,1,6,1) L=-6 H=-6 hist=bfs len=5 val=null nodes=5000000
EVAL state=(98,1,6,1) L=-6 H=-6 hist=dfs1 UNAVAILABLE
EVAL state=(98,1,6,1) L=-6 H=-6 hist=dfs2 len=23 val=null nodes=5000000
EVAL state=(106,1,6,1) L=-6 H=-6 hist=bfs len=5 val=null nodes=5000000
EVAL state=(106,1,6,1) L=-6 H=-6 hist=dfs1 UNAVAILABLE
EVAL state=(106,1,6,1) L=-6 H=-6 hist=dfs2 UNAVAILABLE
EVAL state=(115,1,6,1) L=-6 H=-6 hist=bfs len=7 val=null nodes=5000000
EVAL state=(115,1,6,1) L=-6 H=-6 hist=dfs1 len=23 val=null nodes=5000000
EVAL state=(115,1,6,1) L=-6 H=-6 hist=dfs2 UNAVAILABLE
EVAL state=(116,1,6,1) L=-6 H=-6 hist=bfs len=5 val=null nodes=5000000
EVAL state=(116,1,6,1) L=-6 H=-6 hist=dfs1 UNAVAILABLE
EVAL state=(116,1,6,1) L=-6 H=-6 hist=dfs2 len=23 val=-6 nodes=4584
EVAL state=(123,1,6,1) L=-6 H=-6 hist=bfs len=7 val=null nodes=5000000
EVAL state=(123,1,6,1) L=-6 H=-6 hist=dfs1 UNAVAILABLE
EVAL state=(123,1,6,1) L=-6 H=-6 hist=dfs2 UNAVAILABLE
EVAL state=(133,1,6,1) L=-6 H=-6 hist=bfs len=7 val=null nodes=5000000
EVAL state=(133,1,6,1) L=-6 H=-6 hist=dfs1 len=23 val=null nodes=5000000
EVAL state=(133,1,6,1) L=-6 H=-6 hist=dfs2 UNAVAILABLE
EVAL state=(141,1,6,1) L=-6 H=-6 hist=bfs len=5 val=null nodes=5000000
EVAL state=(141,1,6,1) L=-6 H=-6 hist=dfs1 len=23 val=null nodes=5000000
EVAL state=(141,1,6,1) L=-6 H=-6 hist=dfs2 UNAVAILABLE
EVAL state=(143,1,6,1) L=-6 H=-6 hist=bfs len=7 val=null nodes=5000000
EVAL state=(143,1,6,1) L=-6 H=-6 hist=dfs1 len=23 val=null nodes=5000000
EVAL state=(143,1,6,1) L=-6 H=-6 hist=dfs2 len=23 val=null nodes=5000000
EVAL state=(150,1,6,1) L=-6 H=-6 hist=bfs len=5 val=-6 nodes=32
EVAL state=(150,1,6,1) L=-6 H=-6 hist=dfs1 UNAVAILABLE
EVAL state=(150,1,6,1) L=-6 H=-6 hist=dfs2 len=23 val=-6 nodes=28
EVAL state=(159,1,6,1) L=-6 H=-6 hist=bfs len=7 val=null nodes=5000000
EVAL state=(159,1,6,1) L=-6 H=-6 hist=dfs1 UNAVAILABLE
EVAL state=(159,1,6,1) L=-6 H=-6 hist=dfs2 UNAVAILABLE
EVAL state=(162,1,6,1) L=-6 H=-6 hist=bfs len=3 val=-6 nodes=617
EVAL state=(162,1,6,1) L=-6 H=-6 hist=dfs1 len=23 val=-6 nodes=495
EVAL state=(162,1,6,1) L=-6 H=-6 hist=dfs2 UNAVAILABLE
EVAL state=(163,1,6,1) L=-6 H=-6 hist=bfs len=3 val=null nodes=5000000
EVAL state=(163,1,6,1) L=-6 H=-6 hist=dfs1 UNAVAILABLE
EVAL state=(163,1,6,1) L=-6 H=-6 hist=dfs2 len=23 val=null nodes=5000000
EVAL state=(164,1,6,1) L=-6 H=-6 hist=bfs len=5 val=-6 nodes=122
EVAL state=(164,1,6,1) L=-6 H=-6 hist=dfs1 UNAVAILABLE
EVAL state=(164,1,6,1) L=-6 H=-6 hist=dfs2 len=23 val=-6 nodes=122
EVAL state=(167,1,6,1) L=-6 H=-6 hist=bfs len=5 val=-6 nodes=68
EVAL state=(167,1,6,1) L=-6 H=-6 hist=dfs1 UNAVAILABLE
EVAL state=(167,1,6,1) L=-6 H=-6 hist=dfs2 UNAVAILABLE
EVAL state=(168,1,6,1) L=-6 H=-6 hist=bfs len=5 val=-6 nodes=122
EVAL state=(168,1,6,1) L=-6 H=-6 hist=dfs1 len=23 val=-6 nodes=122
EVAL state=(168,1,6,1) L=-6 H=-6 hist=dfs2 len=23 val=-6 nodes=98
EVAL state=(169,1,6,1) L=-6 H=-6 hist=bfs len=5 val=-6 nodes=68
EVAL state=(169,1,6,1) L=-6 H=-6 hist=dfs1 UNAVAILABLE
EVAL state=(169,1,6,1) L=-6 H=-6 hist=dfs2 UNAVAILABLE
EVAL state=(170,1,6,1) L=-6 H=-6 hist=bfs len=7 val=-6 nodes=29
EVAL state=(170,1,6,1) L=-6 H=-6 hist=dfs1 UNAVAILABLE
EVAL state=(170,1,6,1) L=-6 H=-6 hist=dfs2 UNAVAILABLE
# progress: 400 states, 177/835 evals within budget, 99 states w/ value, 3296M nodes (x100 block 4)
EVAL state=(171,1,6,1) L=-6 H=-6 hist=bfs len=3 val=null nodes=5000000
EVAL state=(171,1,6,1) L=-6 H=-6 hist=dfs1 UNAVAILABLE
EVAL state=(171,1,6,1) L=-6 H=-6 hist=dfs2 UNAVAILABLE
EVAL state=(172,1,6,1) L=-6 H=-6 hist=bfs len=5 val=null nodes=5000000
EVAL state=(172,1,6,1) L=-6 H=-6 hist=dfs1 UNAVAILABLE
EVAL state=(172,1,6,1) L=-6 H=-6 hist=dfs2 UNAVAILABLE
EVAL state=(173,1,6,1) L=-6 H=-6 hist=bfs len=5 val=null nodes=5000000
EVAL state=(173,1,6,1) L=-6 H=-6 hist=dfs1 UNAVAILABLE
EVAL state=(173,1,6,1) L=-6 H=-6 hist=dfs2 UNAVAILABLE
EVAL state=(176,1,6,1) L=-6 H=-6 hist=bfs len=5 val=null nodes=5000000
EVAL state=(176,1,6,1) L=-6 H=-6 hist=dfs1 UNAVAILABLE
EVAL state=(176,1,6,1) L=-6 H=-6 hist=dfs2 len=23 val=null nodes=5000000
EVAL state=(177,1,6,1) L=-6 H=-6 hist=bfs len=5 val=null nodes=5000000
EVAL state=(177,1,6,1) L=-6 H=-6 hist=dfs1 len=23 val=null nodes=5000000
EVAL state=(177,1,6,1) L=-6 H=-6 hist=dfs2 UNAVAILABLE
EVAL state=(178,1,6,1) L=-6 H=-6 hist=bfs len=5 val=null nodes=5000000
EVAL state=(178,1,6,1) L=-6 H=-6 hist=dfs1 UNAVAILABLE
EVAL state=(178,1,6,1) L=-6 H=-6 hist=dfs2 UNAVAILABLE
EVAL state=(179,1,6,1) L=-6 H=-6 hist=bfs len=7 val=null nodes=5000000
EVAL state=(179,1,6,1) L=-6 H=-6 hist=dfs1 len=23 val=null nodes=5000000
EVAL state=(179,1,6,1) L=-6 H=-6 hist=dfs2 UNAVAILABLE
EVAL state=(180,1,6,1) L=-6 H=-6 hist=bfs len=5 val=-6 nodes=122
EVAL state=(180,1,6,1) L=-6 H=-6 hist=dfs1 len=23 val=-6 nodes=122
EVAL state=(180,1,6,1) L=-6 H=-6 hist=dfs2 len=23 val=-6 nodes=110
EVAL state=(181,1,6,1) L=-6 H=-6 hist=bfs len=5 val=-6 nodes=53
EVAL state=(181,1,6,1) L=-6 H=-6 hist=dfs1 UNAVAILABLE
EVAL state=(181,1,6,1) L=-6 H=-6 hist=dfs2 len=23 val=-6 nodes=53
EVAL state=(182,1,6,1) L=-6 H=-6 hist=bfs len=7 val=-6 nodes=29
EVAL state=(182,1,6,1) L=-6 H=-6 hist=dfs1 UNAVAILABLE
EVAL state=(182,1,6,1) L=-6 H=-6 hist=dfs2 UNAVAILABLE
EVAL state=(183,1,6,1) L=-6 H=-6 hist=bfs len=5 val=-6 nodes=68
EVAL state=(183,1,6,1) L=-6 H=-6 hist=dfs1 UNAVAILABLE
EVAL state=(183,1,6,1) L=-6 H=-6 hist=dfs2 UNAVAILABLE
EVAL state=(184,1,6,1) L=-6 H=-6 hist=bfs len=5 val=-6 nodes=59
EVAL state=(184,1,6,1) L=-6 H=-6 hist=dfs1 UNAVAILABLE
EVAL state=(184,1,6,1) L=-6 H=-6 hist=dfs2 UNAVAILABLE
EVAL state=(186,1,6,1) L=-6 H=-6 hist=bfs len=7 val=-6 nodes=29
EVAL state=(186,1,6,1) L=-6 H=-6 hist=dfs1 len=23 val=-6 nodes=29
EVAL state=(186,1,6,1) L=-6 H=-6 hist=dfs2 UNAVAILABLE
EVAL state=(187,1,6,1) L=-6 H=-6 hist=bfs len=7 val=-6 nodes=17
EVAL state=(187,1,6,1) L=-6 H=-6 hist=dfs1 UNAVAILABLE
EVAL state=(187,1,6,1) L=-6 H=-6 hist=dfs2 UNAVAILABLE
EVAL state=(188,1,6,1) L=-6 H=-6 hist=bfs len=9 val=-6 nodes=8
EVAL state=(188,1,6,1) L=-6 H=-6 hist=dfs1 UNAVAILABLE
EVAL state=(188,1,6,1) L=-6 H=-6 hist=dfs2 UNAVAILABLE
EVAL state=(189,1,6,1) L=-6 H=-6 hist=bfs len=3 val=null nodes=5000000
EVAL state=(189,1,6,1) L=-6 H=-6 hist=dfs1 UNAVAILABLE
EVAL state=(189,1,6,1) L=-6 H=-6 hist=dfs2 UNAVAILABLE
EVAL state=(190,1,6,1) L=-6 H=-6 hist=bfs len=5 val=null nodes=5000000
EVAL state=(190,1,6,1) L=-6 H=-6 hist=dfs1 len=23 val=-6 nodes=298
EVAL state=(190,1,6,1) L=-6 H=-6 hist=dfs2 UNAVAILABLE
EVAL state=(192,1,6,1) L=-6 H=-6 hist=bfs len=5 val=null nodes=5000000
EVAL state=(192,1,6,1) L=-6 H=-6 hist=dfs1 UNAVAILABLE
EVAL state=(192,1,6,1) L=-6 H=-6 hist=dfs2 len=23 val=null nodes=5000000
EVAL state=(193,1,6,1) L=-6 H=-6 hist=bfs len=7 val=null nodes=5000000
EVAL state=(193,1,6,1) L=-6 H=-6 hist=dfs1 len=23 val=null nodes=5000000
EVAL state=(193,1,6,1) L=-6 H=-6 hist=dfs2 UNAVAILABLE
EVAL state=(195,1,6,1) L=-6 H=-6 hist=bfs len=5 val=null nodes=5000000
EVAL state=(195,1,6,1) L=-6 H=-6 hist=dfs1 len=21 val=null nodes=5000000
EVAL state=(195,1,6,1) L=-6 H=-6 hist=dfs2 UNAVAILABLE
EVAL state=(198,1,6,1) L=-6 H=-6 hist=bfs len=5 val=null nodes=5000000
EVAL state=(198,1,6,1) L=-6 H=-6 hist=dfs1 len=23 val=null nodes=5000000
EVAL state=(198,1,6,1) L=-6 H=-6 hist=dfs2 UNAVAILABLE
EVAL state=(199,1,6,1) L=-6 H=-6 hist=bfs len=7 val=null nodes=5000000
EVAL state=(199,1,6,1) L=-6 H=-6 hist=dfs1 UNAVAILABLE
EVAL state=(199,1,6,1) L=-6 H=-6 hist=dfs2 UNAVAILABLE
EVAL state=(201,1,6,1) L=-6 H=-6 hist=bfs len=7 val=-6 nodes=70
EVAL state=(201,1,6,1) L=-6 H=-6 hist=dfs1 UNAVAILABLE
EVAL state=(201,1,6,1) L=-6 H=-6 hist=dfs2 UNAVAILABLE
EVAL state=(204,1,6,1) L=-6 H=-6 hist=bfs len=5 val=-6 nodes=39
EVAL state=(204,1,6,1) L=-6 H=-6 hist=dfs1 UNAVAILABLE
EVAL state=(204,1,6,1) L=-6 H=-6 hist=dfs2 len=23 val=-6 nodes=3309418
EVAL state=(207,1,6,1) L=-6 H=-6 hist=bfs len=5 val=-6 nodes=68
EVAL state=(207,1,6,1) L=-6 H=-6 hist=dfs1 UNAVAILABLE
EVAL state=(207,1,6,1) L=-6 H=-6 hist=dfs2 UNAVAILABLE
EVAL state=(208,1,6,1) L=-6 H=-6 hist=bfs len=5 val=-6 nodes=56
EVAL state=(208,1,6,1) L=-6 H=-6 hist=dfs1 len=23 val=-6 nodes=50
EVAL state=(208,1,6,1) L=-6 H=-6 hist=dfs2 len=23 val=-6 nodes=50
EVAL state=(210,1,6,1) L=-6 H=-6 hist=bfs len=5 val=-6 nodes=32
EVAL state=(210,1,6,1) L=-6 H=-6 hist=dfs1 UNAVAILABLE
EVAL state=(210,1,6,1) L=-6 H=-6 hist=dfs2 UNAVAILABLE
EVAL state=(213,1,6,1) L=-6 H=-6 hist=bfs len=7 val=-6 nodes=17
EVAL state=(213,1,6,1) L=-6 H=-6 hist=dfs1 UNAVAILABLE
EVAL state=(213,1,6,1) L=-6 H=-6 hist=dfs2 UNAVAILABLE
EVAL state=(216,1,6,1) L=-6 H=-6 hist=bfs len=5 val=-6 nodes=122
EVAL state=(216,1,6,1) L=-6 H=-6 hist=dfs1 len=23 val=-6 nodes=98
EVAL state=(216,1,6,1) L=-6 H=-6 hist=dfs2 UNAVAILABLE
EVAL state=(217,1,6,1) L=-6 H=-6 hist=bfs len=5 val=null nodes=5000000
EVAL state=(217,1,6,1) L=-6 H=-6 hist=dfs1 len=23 val=null nodes=5000000
EVAL state=(217,1,6,1) L=-6 H=-6 hist=dfs2 UNAVAILABLE
EVAL state=(218,1,6,1) L=-6 H=-6 hist=bfs len=7 val=-6 nodes=29
EVAL state=(218,1,6,1) L=-6 H=-6 hist=dfs1 len=23 val=-6 nodes=29
EVAL state=(218,1,6,1) L=-6 H=-6 hist=dfs2 UNAVAILABLE
EVAL state=(220,1,6,1) L=-6 H=-6 hist=bfs len=5 val=-6 nodes=59
EVAL state=(220,1,6,1) L=-6 H=-6 hist=dfs1 len=23 val=-6 nodes=43
EVAL state=(220,1,6,1) L=-6 H=-6 hist=dfs2 UNAVAILABLE
EVAL state=(221,1,6,1) L=-6 H=-6 hist=bfs len=7 val=-6 nodes=17
EVAL state=(221,1,6,1) L=-6 H=-6 hist=dfs1 UNAVAILABLE
EVAL state=(221,1,6,1) L=-6 H=-6 hist=dfs2 len=23 val=null nodes=5000000
EVAL state=(222,1,6,1) L=-6 H=-6 hist=bfs len=7 val=-6 nodes=29
EVAL state=(222,1,6,1) L=-6 H=-6 hist=dfs1 len=23 val=-6 nodes=29
EVAL state=(222,1,6,1) L=-6 H=-6 hist=dfs2 UNAVAILABLE
EVAL state=(224,1,6,1) L=-6 H=-6 hist=bfs len=9 val=-6 nodes=8
EVAL state=(224,1,6,1) L=-6 H=-6 hist=dfs1 UNAVAILABLE
EVAL state=(224,1,6,1) L=-6 H=-6 hist=dfs2 len=23 val=-6 nodes=6
EVAL state=(225,1,6,1) L=-6 H=-6 hist=bfs len=5 val=null nodes=5000000
EVAL state=(225,1,6,1) L=-6 H=-6 hist=dfs1 len=23 val=null nodes=5000000
EVAL state=(225,1,6,1) L=-6 H=-6 hist=dfs2 UNAVAILABLE
EVAL state=(226,1,6,1) L=-6 H=-6 hist=bfs len=5 val=null nodes=5000000
EVAL state=(226,1,6,1) L=-6 H=-6 hist=dfs1 UNAVAILABLE
EVAL state=(226,1,6,1) L=-6 H=-6 hist=dfs2 UNAVAILABLE
EVAL state=(227,1,6,1) L=-6 H=-6 hist=bfs len=7 val=null nodes=5000000
EVAL state=(227,1,6,1) L=-6 H=-6 hist=dfs1 UNAVAILABLE
EVAL state=(227,1,6,1) L=-6 H=-6 hist=dfs2 len=23 val=null nodes=5000000
EVAL state=(231,1,6,1) L=-6 H=-6 hist=bfs len=7 val=null nodes=5000000
EVAL state=(231,1,6,1) L=-6 H=-6 hist=dfs1 UNAVAILABLE
EVAL state=(231,1,6,1) L=-6 H=-6 hist=dfs2 UNAVAILABLE
EVAL state=(233,1,6,1) L=-6 H=-6 hist=bfs len=9 val=null nodes=5000000
EVAL state=(233,1,6,1) L=-6 H=-6 hist=dfs1 UNAVAILABLE
EVAL state=(233,1,6,1) L=-6 H=-6 hist=dfs2 len=19 val=-3 nodes=6
EVAL state=(234,1,6,1) L=-6 H=-6 hist=bfs len=7 val=-6 nodes=29
EVAL state=(234,1,6,1) L=-6 H=-6 hist=dfs1 len=23 val=-6 nodes=29
EVAL state=(234,1,6,1) L=-6 H=-6 hist=dfs2 len=23 val=-6 nodes=29
EVAL state=(235,1,6,1) L=-6 H=-6 hist=bfs len=7 val=-6 nodes=17
EVAL state=(235,1,6,1) L=-6 H=-6 hist=dfs1 UNAVAILABLE
EVAL state=(235,1,6,1) L=-6 H=-6 hist=dfs2 UNAVAILABLE
EVAL state=(236,1,6,1) L=-6 H=-6 hist=bfs len=9 val=-6 nodes=8
EVAL state=(236,1,6,1) L=-6 H=-6 hist=dfs1 len=19 val=-6 nodes=6
EVAL state=(236,1,6,1) L=-6 H=-6 hist=dfs2 UNAVAILABLE
EVAL state=(237,1,6,1) L=-6 H=-6 hist=bfs len=7 val=-6 nodes=17
EVAL state=(237,1,6,1) L=-6 H=-6 hist=dfs1 UNAVAILABLE
EVAL state=(237,1,6,1) L=-6 H=-6 hist=dfs2 UNAVAILABLE
EVAL state=(240,1,6,1) L=-6 H=-6 hist=bfs len=9 val=-6 nodes=8
EVAL state=(240,1,6,1) L=-6 H=-6 hist=dfs1 len=21 val=-6 nodes=6
EVAL state=(240,1,6,1) L=-6 H=-6 hist=dfs2 len=17 val=-6 nodes=8
EVAL state=(242,1,6,1) L=-6 H=-6 hist=bfs len=11 val=-6 nodes=2
EVAL state=(242,1,6,1) L=-6 H=-6 hist=dfs1 UNAVAILABLE
EVAL state=(242,1,6,1) L=-6 H=-6 hist=dfs2 len=23 val=-6 nodes=2
EVAL state=(245,1,6,1) L=-6 H=-6 hist=bfs len=3 val=null nodes=5000000
EVAL state=(245,1,6,1) L=-6 H=-6 hist=dfs1 UNAVAILABLE
EVAL state=(245,1,6,1) L=-6 H=-6 hist=dfs2 len=23 val=null nodes=5000000
EVAL state=(249,1,6,1) L=-6 H=-6 hist=bfs len=3 val=null nodes=5000000
EVAL state=(249,1,6,1) L=-6 H=-6 hist=dfs1 UNAVAILABLE
EVAL state=(249,1,6,1) L=-6 H=-6 hist=dfs2 UNAVAILABLE
EVAL state=(250,1,6,1) L=-6 H=-6 hist=bfs len=5 val=null nodes=5000000
EVAL state=(250,1,6,1) L=-6 H=-6 hist=dfs1 UNAVAILABLE
EVAL state=(250,1,6,1) L=-6 H=-6 hist=dfs2 UNAVAILABLE
EVAL state=(251,1,6,1) L=-6 H=-6 hist=bfs len=5 val=null nodes=5000000
EVAL state=(251,1,6,1) L=-6 H=-6 hist=dfs1 UNAVAILABLE
EVAL state=(251,1,6,1) L=-6 H=-6 hist=dfs2 UNAVAILABLE
EVAL state=(254,1,6,1) L=-6 H=-6 hist=bfs len=5 val=null nodes=5000000
EVAL state=(254,1,6,1) L=-6 H=-6 hist=dfs1 UNAVAILABLE
EVAL state=(254,1,6,1) L=-6 H=-6 hist=dfs2 UNAVAILABLE
EVAL state=(257,1,6,1) L=-6 H=-6 hist=bfs len=7 val=null nodes=5000000
EVAL state=(257,1,6,1) L=-6 H=-6 hist=dfs1 len=19 val=null nodes=5000000
EVAL state=(257,1,6,1) L=-6 H=-6 hist=dfs2 UNAVAILABLE
EVAL state=(258,1,6,1) L=-6 H=-6 hist=bfs len=5 val=null nodes=5000000
EVAL state=(258,1,6,1) L=-6 H=-6 hist=dfs1 len=23 val=null nodes=5000000
EVAL state=(258,1,6,1) L=-6 H=-6 hist=dfs2 UNAVAILABLE
EVAL state=(259,1,6,1) L=-6 H=-6 hist=bfs len=7 val=null nodes=5000000
EVAL state=(259,1,6,1) L=-6 H=-6 hist=dfs1 UNAVAILABLE
EVAL state=(259,1,6,1) L=-6 H=-6 hist=dfs2 UNAVAILABLE
EVAL state=(260,1,6,1) L=-6 H=-6 hist=bfs len=5 val=null nodes=5000000
EVAL state=(260,1,6,1) L=-6 H=-6 hist=dfs1 UNAVAILABLE
EVAL state=(260,1,6,1) L=-6 H=-6 hist=dfs2 UNAVAILABLE
EVAL state=(261,1,6,1) L=-6 H=-6 hist=bfs len=3 val=null nodes=5000000
EVAL state=(261,1,6,1) L=-6 H=-6 hist=dfs1 UNAVAILABLE
EVAL state=(261,1,6,1) L=-6 H=-6 hist=dfs2 UNAVAILABLE
EVAL state=(262,1,6,1) L=-6 H=-6 hist=bfs len=5 val=null nodes=5000000
EVAL state=(262,1,6,1) L=-6 H=-6 hist=dfs1 UNAVAILABLE
EVAL state=(262,1,6,1) L=-6 H=-6 hist=dfs2 UNAVAILABLE
EVAL state=(263,1,6,1) L=-6 H=-6 hist=bfs len=5 val=null nodes=5000000
EVAL state=(263,1,6,1) L=-6 H=-6 hist=dfs1 len=23 val=null nodes=5000000
EVAL state=(263,1,6,1) L=-6 H=-6 hist=dfs2 len=23 val=null nodes=5000000
EVAL state=(267,1,6,1) L=-6 H=-6 hist=bfs len=5 val=null nodes=5000000
EVAL state=(267,1,6,1) L=-6 H=-6 hist=dfs1 UNAVAILABLE
EVAL state=(267,1,6,1) L=-6 H=-6 hist=dfs2 len=21 val=null nodes=5000000
EVAL state=(268,1,6,1) L=-6 H=-6 hist=bfs len=5 val=null nodes=5000000
EVAL state=(268,1,6,1) L=-6 H=-6 hist=dfs1 UNAVAILABLE
EVAL state=(268,1,6,1) L=-6 H=-6 hist=dfs2 UNAVAILABLE
EVAL state=(269,1,6,1) L=-6 H=-6 hist=bfs len=7 val=null nodes=5000000
EVAL state=(269,1,6,1) L=-6 H=-6 hist=dfs1 len=23 val=null nodes=5000000
EVAL state=(269,1,6,1) L=-6 H=-6 hist=dfs2 len=23 val=null nodes=5000000
EVAL state=(272,1,6,1) L=-6 H=-6 hist=bfs len=5 val=null nodes=5000000
EVAL state=(272,1,6,1) L=-6 H=-6 hist=dfs1 len=23 val=null nodes=5000000
EVAL state=(272,1,6,1) L=-6 H=-6 hist=dfs2 UNAVAILABLE
EVAL state=(276,1,6,1) L=-6 H=-6 hist=bfs len=5 val=null nodes=5000000
EVAL state=(276,1,6,1) L=-6 H=-6 hist=dfs1 UNAVAILABLE
EVAL state=(276,1,6,1) L=-6 H=-6 hist=dfs2 UNAVAILABLE
EVAL state=(277,1,6,1) L=-6 H=-6 hist=bfs len=7 val=null nodes=5000000
EVAL state=(277,1,6,1) L=-6 H=-6 hist=dfs1 UNAVAILABLE
EVAL state=(277,1,6,1) L=-6 H=-6 hist=dfs2 UNAVAILABLE
EVAL state=(278,1,6,1) L=-6 H=-6 hist=bfs len=5 val=null nodes=5000000
EVAL state=(278,1,6,1) L=-6 H=-6 hist=dfs1 UNAVAILABLE
EVAL state=(278,1,6,1) L=-6 H=-6 hist=dfs2 UNAVAILABLE
EVAL state=(281,1,6,1) L=-6 H=-6 hist=bfs len=7 val=null nodes=5000000
EVAL state=(281,1,6,1) L=-6 H=-6 hist=dfs1 UNAVAILABLE
EVAL state=(281,1,6,1) L=-6 H=-6 hist=dfs2 UNAVAILABLE
EVAL state=(285,1,6,1) L=-6 H=-6 hist=bfs len=7 val=null nodes=5000000
EVAL state=(285,1,6,1) L=-6 H=-6 hist=dfs1 UNAVAILABLE
EVAL state=(285,1,6,1) L=-6 H=-6 hist=dfs2 len=23 val=null nodes=5000000
EVAL state=(286,1,6,1) L=-6 H=-6 hist=bfs len=9 val=null nodes=5000000
EVAL state=(286,1,6,1) L=-6 H=-6 hist=dfs1 UNAVAILABLE
EVAL state=(286,1,6,1) L=-6 H=-6 hist=dfs2 UNAVAILABLE
EVAL state=(287,1,6,1) L=-6 H=-6 hist=bfs len=7 val=-6 nodes=51
EVAL state=(287,1,6,1) L=-6 H=-6 hist=dfs1 UNAVAILABLE
EVAL state=(287,1,6,1) L=-6 H=-6 hist=dfs2 UNAVAILABLE
EVAL state=(288,1,6,1) L=-6 H=-6 hist=bfs len=5 val=null nodes=5000000
EVAL state=(288,1,6,1) L=-6 H=-6 hist=dfs1 UNAVAILABLE
EVAL state=(288,1,6,1) L=-6 H=-6 hist=dfs2 UNAVAILABLE
EVAL state=(289,1,6,1) L=-6 H=-6 hist=bfs len=7 val=null nodes=5000000
EVAL state=(289,1,6,1) L=-6 H=-6 hist=dfs1 len=23 val=null nodes=5000000
EVAL state=(289,1,6,1) L=-6 H=-6 hist=dfs2 len=21 val=null nodes=5000000
EVAL state=(290,1,6,1) L=-6 H=-6 hist=bfs len=5 val=null nodes=5000000
EVAL state=(290,1,6,1) L=-6 H=-6 hist=dfs1 UNAVAILABLE
EVAL state=(290,1,6,1) L=-6 H=-6 hist=dfs2 UNAVAILABLE
EVAL state=(294,1,6,1) L=-6 H=-6 hist=bfs len=5 val=null nodes=5000000
EVAL state=(294,1,6,1) L=-6 H=-6 hist=dfs1 UNAVAILABLE
EVAL state=(294,1,6,1) L=-6 H=-6 hist=dfs2 UNAVAILABLE
EVAL state=(295,1,6,1) L=-6 H=-6 hist=bfs len=7 val=-6 nodes=44
EVAL state=(295,1,6,1) L=-6 H=-6 hist=dfs1 UNAVAILABLE
EVAL state=(295,1,6,1) L=-6 H=-6 hist=dfs2 UNAVAILABLE
EVAL state=(296,1,6,1) L=-6 H=-6 hist=bfs len=7 val=-6 nodes=11
EVAL state=(296,1,6,1) L=-6 H=-6 hist=dfs1 UNAVAILABLE
EVAL state=(296,1,6,1) L=-6 H=-6 hist=dfs2 UNAVAILABLE
EVAL state=(297,1,6,1) L=-6 H=-6 hist=bfs len=3 val=null nodes=5000000
EVAL state=(297,1,6,1) L=-6 H=-6 hist=dfs1 len=23 val=null nodes=5000000
EVAL state=(297,1,6,1) L=-6 H=-6 hist=dfs2 UNAVAILABLE
EVAL state=(298,1,6,1) L=-6 H=-6 hist=bfs len=5 val=null nodes=5000000
EVAL state=(298,1,6,1) L=-6 H=-6 hist=dfs1 UNAVAILABLE
EVAL state=(298,1,6,1) L=-6 H=-6 hist=dfs2 len=23 val=null nodes=5000000
EVAL state=(303,1,6,1) L=-6 H=-6 hist=bfs len=5 val=null nodes=5000000
EVAL state=(303,1,6,1) L=-6 H=-6 hist=dfs1 UNAVAILABLE
EVAL state=(303,1,6,1) L=-6 H=-6 hist=dfs2 len=23 val=null nodes=5000000
EVAL state=(305,1,6,1) L=-6 H=-6 hist=bfs len=7 val=null nodes=5000000
EVAL state=(305,1,6,1) L=-6 H=-6 hist=dfs1 len=23 val=null nodes=5000000
EVAL state=(305,1,6,1) L=-6 H=-6 hist=dfs2 UNAVAILABLE
EVAL state=(306,1,6,1) L=-6 H=-6 hist=bfs len=5 val=null nodes=5000000
EVAL state=(306,1,6,1) L=-6 H=-6 hist=dfs1 UNAVAILABLE
EVAL state=(306,1,6,1) L=-6 H=-6 hist=dfs2 len=23 val=null nodes=5000000
EVAL state=(307,1,6,1) L=-6 H=-6 hist=bfs len=7 val=null nodes=5000000
EVAL state=(307,1,6,1) L=-6 H=-6 hist=dfs1 UNAVAILABLE
EVAL state=(307,1,6,1) L=-6 H=-6 hist=dfs2 UNAVAILABLE
EVAL state=(311,1,6,1) L=-6 H=-6 hist=bfs len=7 val=null nodes=5000000
EVAL state=(311,1,6,1) L=-6 H=-6 hist=dfs1 UNAVAILABLE
EVAL state=(311,1,6,1) L=-6 H=-6 hist=dfs2 UNAVAILABLE
EVAL state=(312,1,6,1) L=-6 H=-6 hist=bfs len=5 val=null nodes=5000000
EVAL state=(312,1,6,1) L=-6 H=-6 hist=dfs1 len=21 val=null nodes=5000000
EVAL state=(312,1,6,1) L=-6 H=-6 hist=dfs2 len=21 val=null nodes=5000000
EVAL state=(314,1,6,1) L=-6 H=-6 hist=bfs len=7 val=null nodes=5000000
EVAL state=(314,1,6,1) L=-6 H=-6 hist=dfs1 UNAVAILABLE
EVAL state=(314,1,6,1) L=-6 H=-6 hist=dfs2 UNAVAILABLE
EVAL state=(315,1,6,1) L=-6 H=-6 hist=bfs len=5 val=null nodes=5000000
EVAL state=(315,1,6,1) L=-6 H=-6 hist=dfs1 len=23 val=null nodes=5000000
EVAL state=(315,1,6,1) L=-6 H=-6 hist=dfs2 len=23 val=null nodes=5000000
EVAL state=(316,1,6,1) L=-6 H=-6 hist=bfs len=5 val=null nodes=5000000
EVAL state=(316,1,6,1) L=-6 H=-6 hist=dfs1 UNAVAILABLE
EVAL state=(316,1,6,1) L=-6 H=-6 hist=dfs2 UNAVAILABLE
EVAL state=(317,1,6,1) L=-6 H=-6 hist=bfs len=7 val=null nodes=5000000
EVAL state=(317,1,6,1) L=-6 H=-6 hist=dfs1 len=23 val=null nodes=5000000
EVAL state=(317,1,6,1) L=-6 H=-6 hist=dfs2 len=23 val=null nodes=5000000
EVAL state=(321,1,6,1) L=-6 H=-6 hist=bfs len=7 val=null nodes=5000000
EVAL state=(321,1,6,1) L=-6 H=-6 hist=dfs1 UNAVAILABLE
EVAL state=(321,1,6,1) L=-6 H=-6 hist=dfs2 len=21 val=null nodes=5000000
EVAL state=(323,1,6,1) L=-6 H=-6 hist=bfs len=9 val=null nodes=5000000
EVAL state=(323,1,6,1) L=-6 H=-6 hist=dfs1 UNAVAILABLE
EVAL state=(323,1,6,1) L=-6 H=-6 hist=dfs2 len=21 val=null nodes=5000000
EVAL state=(331,1,6,1) L=-6 H=-6 hist=bfs len=7 val=null nodes=5000000
EVAL state=(331,1,6,1) L=-6 H=-6 hist=dfs1 len=23 val=null nodes=5000000
EVAL state=(331,1,6,1) L=-6 H=-6 hist=dfs2 UNAVAILABLE
EVAL state=(339,1,6,1) L=-6 H=-6 hist=bfs len=7 val=null nodes=5000000
EVAL state=(339,1,6,1) L=-6 H=-6 hist=dfs1 UNAVAILABLE
EVAL state=(339,1,6,1) L=-6 H=-6 hist=dfs2 UNAVAILABLE
EVAL state=(341,1,6,1) L=-6 H=-6 hist=bfs len=7 val=null nodes=5000000
EVAL state=(341,1,6,1) L=-6 H=-6 hist=dfs1 UNAVAILABLE
EVAL state=(341,1,6,1) L=-6 H=-6 hist=dfs2 UNAVAILABLE
EVAL state=(348,1,6,1) L=-6 H=-6 hist=bfs len=5 val=null nodes=5000000
EVAL state=(348,1,6,1) L=-6 H=-6 hist=dfs1 len=23 val=null nodes=5000000
EVAL state=(348,1,6,1) L=-6 H=-6 hist=dfs2 len=21 val=null nodes=5000000
EVAL state=(384,1,6,1) L=-6 H=-6 hist=bfs len=5 val=null nodes=5000000
EVAL state=(384,1,6,1) L=-6 H=-6 hist=dfs1 len=23 val=null nodes=5000000
EVAL state=(384,1,6,1) L=-6 H=-6 hist=dfs2 len=23 val=null nodes=5000000
EVAL state=(387,1,6,1) L=-6 H=-6 hist=bfs len=7 val=null nodes=5000000
EVAL state=(387,1,6,1) L=-6 H=-6 hist=dfs1 len=19 val=null nodes=5000000
EVAL state=(387,1,6,1) L=-6 H=-6 hist=dfs2 UNAVAILABLE
EVAL state=(389,1,6,1) L=-6 H=-6 hist=bfs len=7 val=null nodes=5000000
EVAL state=(389,1,6,1) L=-6 H=-6 hist=dfs1 len=23 val=0 nodes=3
EVAL state=(389,1,6,1) L=-6 H=-6 hist=dfs2 len=17 val=null nodes=5000000
EVAL state=(396,1,6,1) L=-6 H=-6 hist=bfs len=5 val=null nodes=5000000
EVAL state=(396,1,6,1) L=-6 H=-6 hist=dfs1 UNAVAILABLE
EVAL state=(396,1,6,1) L=-6 H=-6 hist=dfs2 len=23 val=null nodes=5000000
EVAL state=(405,1,6,1) L=-6 H=-6 hist=bfs len=3 val=null nodes=5000000
EVAL state=(405,1,6,1) L=-6 H=-6 hist=dfs1 UNAVAILABLE
EVAL state=(405,1,6,1) L=-6 H=-6 hist=dfs2 UNAVAILABLE
EVAL state=(406,1,6,1) L=-6 H=-6 hist=bfs len=5 val=-6 nodes=134
EVAL state=(406,1,6,1) L=-6 H=-6 hist=dfs1 UNAVAILABLE
EVAL state=(406,1,6,1) L=-6 H=-6 hist=dfs2 UNAVAILABLE
EVAL state=(407,1,6,1) L=-6 H=-6 hist=bfs len=5 val=-6 nodes=68
EVAL state=(407,1,6,1) L=-6 H=-6 hist=dfs1 UNAVAILABLE
EVAL state=(407,1,6,1) L=-6 H=-6 hist=dfs2 UNAVAILABLE
# progress: 500 states, 229/1000 evals within budget, 133 states w/ value, 3864M nodes (x100 block 5)
EVAL state=(408,1,6,1) L=-6 H=-6 hist=bfs len=5 val=null nodes=5000000
EVAL state=(408,1,6,1) L=-6 H=-6 hist=dfs1 len=23 val=-6 nodes=177
EVAL state=(408,1,6,1) L=-6 H=-6 hist=dfs2 UNAVAILABLE
EVAL state=(409,1,6,1) L=-6 H=-6 hist=bfs len=7 val=-6 nodes=62
EVAL state=(409,1,6,1) L=-6 H=-6 hist=dfs1 UNAVAILABLE
EVAL state=(409,1,6,1) L=-6 H=-6 hist=dfs2 UNAVAILABLE
EVAL state=(410,1,6,1) L=-6 H=-6 hist=bfs len=5 val=-6 nodes=32
EVAL state=(410,1,6,1) L=-6 H=-6 hist=dfs1 UNAVAILABLE
EVAL state=(410,1,6,1) L=-6 H=-6 hist=dfs2 UNAVAILABLE
EVAL state=(411,1,6,1) L=-6 H=-6 hist=bfs len=5 val=-6 nodes=68
EVAL state=(411,1,6,1) L=-6 H=-6 hist=dfs1 len=23 val=-6 nodes=58
EVAL state=(411,1,6,1) L=-6 H=-6 hist=dfs2 UNAVAILABLE
EVAL state=(412,1,6,1) L=-6 H=-6 hist=bfs len=5 val=-6 nodes=38
EVAL state=(412,1,6,1) L=-6 H=-6 hist=dfs1 UNAVAILABLE
EVAL state=(412,1,6,1) L=-6 H=-6 hist=dfs2 UNAVAILABLE
EVAL state=(413,1,6,1) L=-6 H=-6 hist=bfs len=7 val=-6 nodes=17
EVAL state=(413,1,6,1) L=-6 H=-6 hist=dfs1 len=23 val=-6 nodes=17
EVAL state=(413,1,6,1) L=-6 H=-6 hist=dfs2 len=23 val=-6 nodes=17
EVAL state=(414,1,6,1) L=-6 H=-6 hist=bfs len=5 val=-6 nodes=234
EVAL state=(414,1,6,1) L=-6 H=-6 hist=dfs1 UNAVAILABLE
EVAL state=(414,1,6,1) L=-6 H=-6 hist=dfs2 UNAVAILABLE
EVAL state=(415,1,6,1) L=-6 H=-6 hist=bfs len=7 val=null nodes=5000000
EVAL state=(415,1,6,1) L=-6 H=-6 hist=dfs1 UNAVAILABLE
EVAL state=(415,1,6,1) L=-6 H=-6 hist=dfs2 UNAVAILABLE
EVAL state=(416,1,6,1) L=-6 H=-6 hist=bfs len=5 val=-6 nodes=63
EVAL state=(416,1,6,1) L=-6 H=-6 hist=dfs1 UNAVAILABLE
EVAL state=(416,1,6,1) L=-6 H=-6 hist=dfs2 UNAVAILABLE
EVAL state=(417,1,6,1) L=-6 H=-6 hist=bfs len=7 val=null nodes=5000000
EVAL state=(417,1,6,1) L=-6 H=-6 hist=dfs1 len=9 val=null nodes=5000000
EVAL state=(417,1,6,1) L=-6 H=-6 hist=dfs2 len=23 val=null nodes=5000000
EVAL state=(432,1,6,1) L=-6 H=-6 hist=bfs len=5 val=null nodes=5000000
EVAL state=(432,1,6,1) L=-6 H=-6 hist=dfs1 UNAVAILABLE
EVAL state=(432,1,6,1) L=-6 H=-6 hist=dfs2 UNAVAILABLE
EVAL state=(433,1,6,1) L=-6 H=-6 hist=bfs len=7 val=-6 nodes=134
EVAL state=(433,1,6,1) L=-6 H=-6 hist=dfs1 UNAVAILABLE
EVAL state=(433,1,6,1) L=-6 H=-6 hist=dfs2 UNAVAILABLE
EVAL state=(438,1,6,1) L=-6 H=-6 hist=bfs len=5 val=-6 nodes=38
EVAL state=(438,1,6,1) L=-6 H=-6 hist=dfs1 len=21 val=-6 nodes=33
EVAL state=(438,1,6,1) L=-6 H=-6 hist=dfs2 UNAVAILABLE
EVAL state=(441,1,6,1) L=-6 H=-6 hist=bfs len=7 val=-6 nodes=135
EVAL state=(441,1,6,1) L=-6 H=-6 hist=dfs1 UNAVAILABLE
EVAL state=(441,1,6,1) L=-6 H=-6 hist=dfs2 UNAVAILABLE
EVAL state=(442,1,6,1) L=-6 H=-6 hist=bfs len=9 val=null nodes=5000000
EVAL state=(442,1,6,1) L=-6 H=-6 hist=dfs1 UNAVAILABLE
EVAL state=(442,1,6,1) L=-6 H=-6 hist=dfs2 UNAVAILABLE
EVAL state=(459,1,6,1) L=-6 H=-6 hist=bfs len=5 val=null nodes=5000000
EVAL state=(459,1,6,1) L=-6 H=-6 hist=dfs1 UNAVAILABLE
EVAL state=(459,1,6,1) L=-6 H=-6 hist=dfs2 UNAVAILABLE
EVAL state=(460,1,6,1) L=-6 H=-6 hist=bfs len=5 val=null nodes=5000000
EVAL state=(460,1,6,1) L=-6 H=-6 hist=dfs1 UNAVAILABLE
EVAL state=(460,1,6,1) L=-6 H=-6 hist=dfs2 UNAVAILABLE
EVAL state=(461,1,6,1) L=-6 H=-6 hist=bfs len=7 val=null nodes=5000000
EVAL state=(461,1,6,1) L=-6 H=-6 hist=dfs1 len=23 val=null nodes=5000000
EVAL state=(461,1,6,1) L=-6 H=-6 hist=dfs2 len=23 val=null nodes=5000000
EVAL state=(462,1,6,1) L=-6 H=-6 hist=bfs len=5 val=-6 nodes=20
EVAL state=(462,1,6,1) L=-6 H=-6 hist=dfs1 UNAVAILABLE
EVAL state=(462,1,6,1) L=-6 H=-6 hist=dfs2 UNAVAILABLE
EVAL state=(465,1,6,1) L=-6 H=-6 hist=bfs len=7 val=null nodes=5000000
EVAL state=(465,1,6,1) L=-6 H=-6 hist=dfs1 len=23 val=null nodes=5000000
EVAL state=(465,1,6,1) L=-6 H=-6 hist=dfs2 len=23 val=-3 nodes=10
EVAL state=(467,1,6,1) L=-6 H=-6 hist=bfs len=9 val=null nodes=5000000
EVAL state=(467,1,6,1) L=-6 H=-6 hist=dfs1 UNAVAILABLE
EVAL state=(467,1,6,1) L=-6 H=-6 hist=dfs2 UNAVAILABLE
EVAL state=(468,1,6,1) L=-6 H=-6 hist=bfs len=5 val=null nodes=5000000
EVAL state=(468,1,6,1) L=-6 H=-6 hist=dfs1 len=23 val=null nodes=5000000
EVAL state=(468,1,6,1) L=-6 H=-6 hist=dfs2 UNAVAILABLE
EVAL state=(469,1,6,1) L=-6 H=-6 hist=bfs len=7 val=null nodes=5000000
EVAL state=(469,1,6,1) L=-6 H=-6 hist=dfs1 len=23 val=null nodes=5000000
EVAL state=(469,1,6,1) L=-6 H=-6 hist=dfs2 UNAVAILABLE
EVAL state=(470,1,6,1) L=-6 H=-6 hist=bfs len=7 val=null nodes=5000000
EVAL state=(470,1,6,1) L=-6 H=-6 hist=dfs1 UNAVAILABLE
EVAL state=(470,1,6,1) L=-6 H=-6 hist=dfs2 len=23 val=null nodes=5000000
EVAL state=(471,1,6,1) L=-6 H=-6 hist=bfs len=7 val=null nodes=5000000
EVAL state=(471,1,6,1) L=-6 H=-6 hist=dfs1 len=23 val=null nodes=5000000
EVAL state=(471,1,6,1) L=-6 H=-6 hist=dfs2 len=21 val=null nodes=5000000
EVAL state=(486,1,6,1) L=-6 H=-6 hist=bfs len=3 val=-6 nodes=617
EVAL state=(486,1,6,1) L=-6 H=-6 hist=dfs1 len=21 val=-6 nodes=617
EVAL state=(486,1,6,1) L=-6 H=-6 hist=dfs2 UNAVAILABLE
EVAL state=(487,1,6,1) L=-6 H=-6 hist=bfs len=3 val=null nodes=5000000
EVAL state=(487,1,6,1) L=-6 H=-6 hist=dfs1 UNAVAILABLE
EVAL state=(487,1,6,1) L=-6 H=-6 hist=dfs2 len=17 val=null nodes=5000000
EVAL state=(488,1,6,1) L=-6 H=-6 hist=bfs len=5 val=-6 nodes=122
EVAL state=(488,1,6,1) L=-6 H=-6 hist=dfs1 UNAVAILABLE
EVAL state=(488,1,6,1) L=-6 H=-6 hist=dfs2 len=21 val=-6 nodes=122
EVAL state=(492,1,6,1) L=-6 H=-6 hist=bfs len=5 val=-6 nodes=122
EVAL state=(492,1,6,1) L=-6 H=-6 hist=dfs1 UNAVAILABLE
EVAL state=(492,1,6,1) L=-6 H=-6 hist=dfs2 len=23 val=-6 nodes=122
EVAL state=(493,1,6,1) L=-6 H=-6 hist=bfs len=5 val=null nodes=5000000
EVAL state=(493,1,6,1) L=-6 H=-6 hist=dfs1 len=23 val=null nodes=5000000
EVAL state=(493,1,6,1) L=-6 H=-6 hist=dfs2 len=23 val=null nodes=5000000
EVAL state=(494,1,6,1) L=-6 H=-6 hist=bfs len=7 val=-6 nodes=29
EVAL state=(494,1,6,1) L=-6 H=-6 hist=dfs1 len=9 val=-6 nodes=29
EVAL state=(494,1,6,1) L=-6 H=-6 hist=dfs2 UNAVAILABLE
EVAL state=(495,1,6,1) L=-6 H=-6 hist=bfs len=3 val=null nodes=5000000
EVAL state=(495,1,6,1) L=-6 H=-6 hist=dfs1 len=21 val=null nodes=5000000
EVAL state=(495,1,6,1) L=-6 H=-6 hist=dfs2 UNAVAILABLE
EVAL state=(496,1,6,1) L=-6 H=-6 hist=bfs len=5 val=null nodes=5000000
EVAL state=(496,1,6,1) L=-6 H=-6 hist=dfs1 UNAVAILABLE
EVAL state=(496,1,6,1) L=-6 H=-6 hist=dfs2 UNAVAILABLE
EVAL state=(497,1,6,1) L=-6 H=-6 hist=bfs len=5 val=null nodes=5000000
EVAL state=(497,1,6,1) L=-6 H=-6 hist=dfs1 len=23 val=null nodes=5000000
EVAL state=(497,1,6,1) L=-6 H=-6 hist=dfs2 UNAVAILABLE
EVAL state=(500,1,6,1) L=-6 H=-6 hist=bfs len=5 val=null nodes=5000000
EVAL state=(500,1,6,1) L=-6 H=-6 hist=dfs1 UNAVAILABLE
EVAL state=(500,1,6,1) L=-6 H=-6 hist=dfs2 UNAVAILABLE
EVAL state=(504,1,6,1) L=-6 H=-6 hist=bfs len=5 val=-6 nodes=122
EVAL state=(504,1,6,1) L=-6 H=-6 hist=dfs1 len=23 val=-6 nodes=122
EVAL state=(504,1,6,1) L=-6 H=-6 hist=dfs2 len=21 val=-6 nodes=122
EVAL state=(506,1,6,1) L=-6 H=-6 hist=bfs len=7 val=-6 nodes=29
EVAL state=(506,1,6,1) L=-6 H=-6 hist=dfs1 UNAVAILABLE
EVAL state=(506,1,6,1) L=-6 H=-6 hist=dfs2 len=23 val=-6 nodes=25
EVAL state=(509,1,6,1) L=-6 H=-6 hist=bfs len=7 val=null nodes=5000000
EVAL state=(509,1,6,1) L=-6 H=-6 hist=dfs1 UNAVAILABLE
EVAL state=(509,1,6,1) L=-6 H=-6 hist=dfs2 len=23 val=null nodes=5000000
EVAL state=(510,1,6,1) L=-6 H=-6 hist=bfs len=7 val=-6 nodes=29
EVAL state=(510,1,6,1) L=-6 H=-6 hist=dfs1 UNAVAILABLE
EVAL state=(510,1,6,1) L=-6 H=-6 hist=dfs2 len=23 val=-6 nodes=21
EVAL state=(511,1,6,1) L=-6 H=-6 hist=bfs len=7 val=-6 nodes=17
EVAL state=(511,1,6,1) L=-6 H=-6 hist=dfs1 UNAVAILABLE
EVAL state=(511,1,6,1) L=-6 H=-6 hist=dfs2 len=21 val=-3 nodes=345
# ** C1-WITNESS: state (511,1,6,1) evaluates to different values under different genuine arrivals: bfs=-6 long=[null,-3,null,null] **
EVAL state=(512,1,6,1) L=-6 H=-6 hist=bfs len=9 val=-6 nodes=8
EVAL state=(512,1,6,1) L=-6 H=-6 hist=dfs1 len=23 val=-6 nodes=8
EVAL state=(512,1,6,1) L=-6 H=-6 hist=dfs2 len=23 val=-6 nodes=8
EVAL state=(513,1,6,1) L=-6 H=-6 hist=bfs len=3 val=null nodes=5000000
EVAL state=(513,1,6,1) L=-6 H=-6 hist=dfs1 UNAVAILABLE
EVAL state=(513,1,6,1) L=-6 H=-6 hist=dfs2 UNAVAILABLE
EVAL state=(514,1,6,1) L=-6 H=-6 hist=bfs len=5 val=-6 nodes=146
EVAL state=(514,1,6,1) L=-6 H=-6 hist=dfs1 UNAVAILABLE
EVAL state=(514,1,6,1) L=-6 H=-6 hist=dfs2 UNAVAILABLE
EVAL state=(515,1,6,1) L=-6 H=-6 hist=bfs len=5 val=null nodes=5000000
EVAL state=(515,1,6,1) L=-6 H=-6 hist=dfs1 UNAVAILABLE
EVAL state=(515,1,6,1) L=-6 H=-6 hist=dfs2 len=23 val=null nodes=5000000
EVAL state=(519,1,6,1) L=-6 H=-6 hist=bfs len=5 val=null nodes=5000000
EVAL state=(519,1,6,1) L=-6 H=-6 hist=dfs1 UNAVAILABLE
EVAL state=(519,1,6,1) L=-6 H=-6 hist=dfs2 UNAVAILABLE
EVAL state=(520,1,6,1) L=-6 H=-6 hist=bfs len=5 val=null nodes=5000000
EVAL state=(520,1,6,1) L=-6 H=-6 hist=dfs1 UNAVAILABLE
EVAL state=(520,1,6,1) L=-6 H=-6 hist=dfs2 UNAVAILABLE
EVAL state=(521,1,6,1) L=-6 H=-6 hist=bfs len=7 val=null nodes=5000000
EVAL state=(521,1,6,1) L=-6 H=-6 hist=dfs1 len=23 val=null nodes=5000000
EVAL state=(521,1,6,1) L=-6 H=-6 hist=dfs2 UNAVAILABLE
EVAL state=(522,1,6,1) L=-6 H=-6 hist=bfs len=5 val=null nodes=5000000
EVAL state=(522,1,6,1) L=-6 H=-6 hist=dfs1 UNAVAILABLE
EVAL state=(522,1,6,1) L=-6 H=-6 hist=dfs2 UNAVAILABLE
EVAL state=(523,1,6,1) L=-6 H=-6 hist=bfs len=7 val=null nodes=5000000
EVAL state=(523,1,6,1) L=-6 H=-6 hist=dfs1 UNAVAILABLE
EVAL state=(523,1,6,1) L=-6 H=-6 hist=dfs2 len=23 val=-3 nodes=82
EVAL state=(524,1,6,1) L=-6 H=-6 hist=bfs len=5 val=null nodes=5000000
EVAL state=(524,1,6,1) L=-6 H=-6 hist=dfs1 UNAVAILABLE
EVAL state=(524,1,6,1) L=-6 H=-6 hist=dfs2 UNAVAILABLE
EVAL state=(533,1,6,1) L=-6 H=-6 hist=bfs len=7 val=null nodes=5000000
EVAL state=(533,1,6,1) L=-6 H=-6 hist=dfs1 len=23 val=null nodes=5000000
EVAL state=(533,1,6,1) L=-6 H=-6 hist=dfs2 UNAVAILABLE
EVAL state=(535,1,6,1) L=-6 H=-6 hist=bfs len=7 val=null nodes=5000000
EVAL state=(535,1,6,1) L=-6 H=-6 hist=dfs1 len=23 val=null nodes=5000000
EVAL state=(535,1,6,1) L=-6 H=-6 hist=dfs2 UNAVAILABLE
EVAL state=(537,1,6,1) L=-6 H=-6 hist=bfs len=7 val=null nodes=5000000
EVAL state=(537,1,6,1) L=-6 H=-6 hist=dfs1 UNAVAILABLE
EVAL state=(537,1,6,1) L=-6 H=-6 hist=dfs2 len=23 val=null nodes=5000000
EVAL state=(538,1,6,1) L=-6 H=-6 hist=bfs len=7 val=null nodes=5000000
EVAL state=(538,1,6,1) L=-6 H=-6 hist=dfs1 UNAVAILABLE
EVAL state=(538,1,6,1) L=-6 H=-6 hist=dfs2 len=23 val=null nodes=5000000
EVAL state=(539,1,6,1) L=-6 H=-6 hist=bfs len=9 val=null nodes=5000000
EVAL state=(539,1,6,1) L=-6 H=-6 hist=dfs1 UNAVAILABLE
EVAL state=(539,1,6,1) L=-6 H=-6 hist=dfs2 len=23 val=-3 nodes=6
EVAL state=(540,1,6,1) L=-6 H=-6 hist=bfs len=5 val=-6 nodes=122
EVAL state=(540,1,6,1) L=-6 H=-6 hist=dfs1 UNAVAILABLE
EVAL state=(540,1,6,1) L=-6 H=-6 hist=dfs2 UNAVAILABLE
EVAL state=(541,1,6,1) L=-6 H=-6 hist=bfs len=5 val=-6 nodes=68
EVAL state=(541,1,6,1) L=-6 H=-6 hist=dfs1 len=23 val=-6 nodes=68
EVAL state=(541,1,6,1) L=-6 H=-6 hist=dfs2 UNAVAILABLE
EVAL state=(542,1,6,1) L=-6 H=-6 hist=bfs len=7 val=-6 nodes=29
EVAL state=(542,1,6,1) L=-6 H=-6 hist=dfs1 len=23 val=-6 nodes=29
EVAL state=(542,1,6,1) L=-6 H=-6 hist=dfs2 UNAVAILABLE
EVAL state=(546,1,6,1) L=-6 H=-6 hist=bfs len=7 val=-6 nodes=29
EVAL state=(546,1,6,1) L=-6 H=-6 hist=dfs1 UNAVAILABLE
EVAL state=(546,1,6,1) L=-6 H=-6 hist=dfs2 UNAVAILABLE
EVAL state=(548,1,6,1) L=-6 H=-6 hist=bfs len=9 val=-6 nodes=8
EVAL state=(548,1,6,1) L=-6 H=-6 hist=dfs1 len=23 val=-6 nodes=8
EVAL state=(548,1,6,1) L=-6 H=-6 hist=dfs2 UNAVAILABLE
EVAL state=(549,1,6,1) L=-6 H=-6 hist=bfs len=5 val=null nodes=5000000
EVAL state=(549,1,6,1) L=-6 H=-6 hist=dfs1 UNAVAILABLE
EVAL state=(549,1,6,1) L=-6 H=-6 hist=dfs2 UNAVAILABLE
EVAL state=(550,1,6,1) L=-6 H=-6 hist=bfs len=5 val=-6 nodes=44
EVAL state=(550,1,6,1) L=-6 H=-6 hist=dfs1 UNAVAILABLE
EVAL state=(550,1,6,1) L=-6 H=-6 hist=dfs2 UNAVAILABLE
EVAL state=(551,1,6,1) L=-6 H=-6 hist=bfs len=7 val=-6 nodes=17
EVAL state=(551,1,6,1) L=-6 H=-6 hist=dfs1 len=23 val=-6 nodes=17
EVAL state=(551,1,6,1) L=-6 H=-6 hist=dfs2 UNAVAILABLE
EVAL state=(558,1,6,1) L=-6 H=-6 hist=bfs len=7 val=-6 nodes=29
EVAL state=(558,1,6,1) L=-6 H=-6 hist=dfs1 UNAVAILABLE
EVAL state=(558,1,6,1) L=-6 H=-6 hist=dfs2 UNAVAILABLE
EVAL state=(559,1,6,1) L=-6 H=-6 hist=bfs len=7 val=-6 nodes=17
EVAL state=(559,1,6,1) L=-6 H=-6 hist=dfs1 len=23 val=-6 nodes=17
EVAL state=(559,1,6,1) L=-6 H=-6 hist=dfs2 UNAVAILABLE
EVAL state=(560,1,6,1) L=-6 H=-6 hist=bfs len=9 val=-6 nodes=8
EVAL state=(560,1,6,1) L=-6 H=-6 hist=dfs1 UNAVAILABLE
EVAL state=(560,1,6,1) L=-6 H=-6 hist=dfs2 UNAVAILABLE
EVAL state=(564,1,6,1) L=-6 H=-6 hist=bfs len=9 val=-6 nodes=8
EVAL state=(564,1,6,1) L=-6 H=-6 hist=dfs1 UNAVAILABLE
EVAL state=(564,1,6,1) L=-6 H=-6 hist=dfs2 len=21 val=-6 nodes=8
EVAL state=(566,1,6,1) L=-6 H=-6 hist=bfs len=11 val=-6 nodes=2
EVAL state=(566,1,6,1) L=-6 H=-6 hist=dfs1 len=19 val=-6 nodes=2
EVAL state=(566,1,6,1) L=-6 H=-6 hist=dfs2 UNAVAILABLE
EVAL state=(573,1,6,1) L=-6 H=-6 hist=bfs len=5 val=null nodes=5000000
EVAL state=(573,1,6,1) L=-6 H=-6 hist=dfs1 len=23 val=null nodes=5000000
EVAL state=(573,1,6,1) L=-6 H=-6 hist=dfs2 UNAVAILABLE
EVAL state=(574,1,6,1) L=-6 H=-6 hist=bfs len=5 val=-6 nodes=32
EVAL state=(574,1,6,1) L=-6 H=-6 hist=dfs1 len=23 val=-6 nodes=28
EVAL state=(574,1,6,1) L=-6 H=-6 hist=dfs2 len=23 val=-6 nodes=22
EVAL state=(575,1,6,1) L=-6 H=-6 hist=bfs len=7 val=null nodes=5000000
EVAL state=(575,1,6,1) L=-6 H=-6 hist=dfs1 UNAVAILABLE
EVAL state=(575,1,6,1) L=-6 H=-6 hist=dfs2 UNAVAILABLE
EVAL state=(591,1,6,1) L=-6 H=-6 hist=bfs len=7 val=null nodes=5000000
EVAL state=(591,1,6,1) L=-6 H=-6 hist=dfs1 len=21 val=null nodes=5000000
EVAL state=(591,1,6,1) L=-6 H=-6 hist=dfs2 len=21 val=-6 nodes=2271747
EVAL state=(595,1,6,1) L=-6 H=-6 hist=bfs len=7 val=null nodes=5000000
EVAL state=(595,1,6,1) L=-6 H=-6 hist=dfs1 UNAVAILABLE
EVAL state=(595,1,6,1) L=-6 H=-6 hist=dfs2 UNAVAILABLE
EVAL state=(596,1,6,1) L=-6 H=-6 hist=bfs len=5 val=null nodes=5000000
EVAL state=(596,1,6,1) L=-6 H=-6 hist=dfs1 UNAVAILABLE
EVAL state=(596,1,6,1) L=-6 H=-6 hist=dfs2 UNAVAILABLE
EVAL state=(600,1,6,1) L=-6 H=-6 hist=bfs len=5 val=null nodes=5000000
EVAL state=(600,1,6,1) L=-6 H=-6 hist=dfs1 UNAVAILABLE
EVAL state=(600,1,6,1) L=-6 H=-6 hist=dfs2 UNAVAILABLE
EVAL state=(613,1,6,1) L=-6 H=-6 hist=bfs len=7 val=null nodes=5000000
EVAL state=(613,1,6,1) L=-6 H=-6 hist=dfs1 len=23 val=null nodes=5000000
EVAL state=(613,1,6,1) L=-6 H=-6 hist=dfs2 len=21 val=null nodes=5000000
EVAL state=(621,1,6,1) L=-6 H=-6 hist=bfs len=5 val=-6 nodes=77
EVAL state=(621,1,6,1) L=-6 H=-6 hist=dfs1 len=23 val=-6 nodes=77
EVAL state=(621,1,6,1) L=-6 H=-6 hist=dfs2 UNAVAILABLE
EVAL state=(623,1,6,1) L=-6 H=-6 hist=bfs len=7 val=-6 nodes=17
EVAL state=(623,1,6,1) L=-6 H=-6 hist=dfs1 UNAVAILABLE
EVAL state=(623,1,6,1) L=-6 H=-6 hist=dfs2 len=21 val=-6 nodes=17
EVAL state=(639,1,6,1) L=-6 H=-6 hist=bfs len=7 val=null nodes=5000000
EVAL state=(639,1,6,1) L=-6 H=-6 hist=dfs1 UNAVAILABLE
EVAL state=(639,1,6,1) L=-6 H=-6 hist=dfs2 UNAVAILABLE
EVAL state=(648,1,6,1) L=-6 H=-6 hist=bfs len=5 val=-6 nodes=122
EVAL state=(648,1,6,1) L=-6 H=-6 hist=dfs1 UNAVAILABLE
EVAL state=(648,1,6,1) L=-6 H=-6 hist=dfs2 UNAVAILABLE
EVAL state=(649,1,6,1) L=-6 H=-6 hist=bfs len=5 val=null nodes=5000000
EVAL state=(649,1,6,1) L=-6 H=-6 hist=dfs1 UNAVAILABLE
EVAL state=(649,1,6,1) L=-6 H=-6 hist=dfs2 len=23 val=null nodes=5000000
EVAL state=(650,1,6,1) L=-6 H=-6 hist=bfs len=7 val=-6 nodes=29
EVAL state=(650,1,6,1) L=-6 H=-6 hist=dfs1 UNAVAILABLE
EVAL state=(650,1,6,1) L=-6 H=-6 hist=dfs2 len=23 val=-6 nodes=25
EVAL state=(653,1,6,1) L=-6 H=-6 hist=bfs len=7 val=-6 nodes=17
EVAL state=(653,1,6,1) L=-6 H=-6 hist=dfs1 len=23 val=-6 nodes=17
EVAL state=(653,1,6,1) L=-6 H=-6 hist=dfs2 len=23 val=-6 nodes=17
EVAL state=(654,1,6,1) L=-6 H=-6 hist=bfs len=7 val=-6 nodes=29
EVAL state=(654,1,6,1) L=-6 H=-6 hist=dfs1 UNAVAILABLE
EVAL state=(654,1,6,1) L=-6 H=-6 hist=dfs2 UNAVAILABLE
EVAL state=(655,1,6,1) L=-6 H=-6 hist=bfs len=7 val=null nodes=5000000
EVAL state=(655,1,6,1) L=-6 H=-6 hist=dfs1 UNAVAILABLE
EVAL state=(655,1,6,1) L=-6 H=-6 hist=dfs2 UNAVAILABLE
EVAL state=(656,1,6,1) L=-6 H=-6 hist=bfs len=9 val=-6 nodes=8
EVAL state=(656,1,6,1) L=-6 H=-6 hist=dfs1 UNAVAILABLE
EVAL state=(656,1,6,1) L=-6 H=-6 hist=dfs2 UNAVAILABLE
EVAL state=(657,1,6,1) L=-6 H=-6 hist=bfs len=5 val=-6 nodes=68
EVAL state=(657,1,6,1) L=-6 H=-6 hist=dfs1 UNAVAILABLE
EVAL state=(657,1,6,1) L=-6 H=-6 hist=dfs2 UNAVAILABLE
EVAL state=(658,1,6,1) L=-6 H=-6 hist=bfs len=5 val=-6 nodes=33
EVAL state=(658,1,6,1) L=-6 H=-6 hist=dfs1 len=23 val=null nodes=5000000
EVAL state=(658,1,6,1) L=-6 H=-6 hist=dfs2 UNAVAILABLE
EVAL state=(659,1,6,1) L=-6 H=-6 hist=bfs len=7 val=-6 nodes=17
EVAL state=(659,1,6,1) L=-6 H=-6 hist=dfs1 len=21 val=-6 nodes=17
EVAL state=(659,1,6,1) L=-6 H=-6 hist=dfs2 UNAVAILABLE
EVAL state=(660,1,6,1) L=-6 H=-6 hist=bfs len=5 val=-6 nodes=59
EVAL state=(660,1,6,1) L=-6 H=-6 hist=dfs1 UNAVAILABLE
EVAL state=(660,1,6,1) L=-6 H=-6 hist=dfs2 UNAVAILABLE
EVAL state=(666,1,6,1) L=-6 H=-6 hist=bfs len=7 val=-6 nodes=29
EVAL state=(666,1,6,1) L=-6 H=-6 hist=dfs1 len=23 val=-6 nodes=29
EVAL state=(666,1,6,1) L=-6 H=-6 hist=dfs2 UNAVAILABLE
EVAL state=(667,1,6,1) L=-6 H=-6 hist=bfs len=7 val=null nodes=5000000
EVAL state=(667,1,6,1) L=-6 H=-6 hist=dfs1 UNAVAILABLE
EVAL state=(667,1,6,1) L=-6 H=-6 hist=dfs2 len=23 val=null nodes=5000000
EVAL state=(668,1,6,1) L=-6 H=-6 hist=bfs len=9 val=-6 nodes=8
EVAL state=(668,1,6,1) L=-6 H=-6 hist=dfs1 UNAVAILABLE
EVAL state=(668,1,6,1) L=-6 H=-6 hist=dfs2 len=9 val=-6 nodes=8
EVAL state=(669,1,6,1) L=-6 H=-6 hist=bfs len=7 val=-6 nodes=17
EVAL state=(669,1,6,1) L=-6 H=-6 hist=dfs1 UNAVAILABLE
EVAL state=(669,1,6,1) L=-6 H=-6 hist=dfs2 UNAVAILABLE
EVAL state=(672,1,6,1) L=-6 H=-6 hist=bfs len=9 val=-6 nodes=8
EVAL state=(672,1,6,1) L=-6 H=-6 hist=dfs1 UNAVAILABLE
EVAL state=(672,1,6,1) L=-6 H=-6 hist=dfs2 len=13 val=-6 nodes=8
EVAL state=(673,1,6,1) L=-6 H=-6 hist=bfs len=9 val=null nodes=5000000
EVAL state=(673,1,6,1) L=-6 H=-6 hist=dfs1 UNAVAILABLE
EVAL state=(673,1,6,1) L=-6 H=-6 hist=dfs2 len=23 val=null nodes=5000000
EVAL state=(674,1,6,1) L=-6 H=-6 hist=bfs len=11 val=-6 nodes=2
EVAL state=(674,1,6,1) L=-6 H=-6 hist=dfs1 len=23 val=-6 nodes=2
EVAL state=(674,1,6,1) L=-6 H=-6 hist=dfs2 UNAVAILABLE
EVAL state=(675,1,6,1) L=-6 H=-6 hist=bfs len=5 val=-6 nodes=83
EVAL state=(675,1,6,1) L=-6 H=-6 hist=dfs1 len=23 val=-6 nodes=83
EVAL state=(675,1,6,1) L=-6 H=-6 hist=dfs2 len=23 val=-6 nodes=71
EVAL state=(676,1,6,1) L=-6 H=-6 hist=bfs len=5 val=-6 nodes=63
EVAL state=(676,1,6,1) L=-6 H=-6 hist=dfs1 UNAVAILABLE
EVAL state=(676,1,6,1) L=-6 H=-6 hist=dfs2 UNAVAILABLE
EVAL state=(678,1,6,1) L=-6 H=-6 hist=bfs len=5 val=-6 nodes=20
EVAL state=(678,1,6,1) L=-6 H=-6 hist=dfs1 UNAVAILABLE
EVAL state=(678,1,6,1) L=-6 H=-6 hist=dfs2 UNAVAILABLE
# progress: 600 states, 323/1171 evals within budget, 191 states w/ value, 4252M nodes (x100 block 6)
EVAL state=(679,1,6,1) L=-6 H=-6 hist=bfs len=7 val=null nodes=5000000
EVAL state=(679,1,6,1) L=-6 H=-6 hist=dfs1 UNAVAILABLE
EVAL state=(679,1,6,1) L=-6 H=-6 hist=dfs2 UNAVAILABLE
EVAL state=(681,1,6,1) L=-6 H=-6 hist=bfs len=7 val=-6 nodes=17
EVAL state=(681,1,6,1) L=-6 H=-6 hist=dfs1 len=23 val=-6 nodes=17
EVAL state=(681,1,6,1) L=-6 H=-6 hist=dfs2 len=23 val=-6 nodes=17
EVAL state=(684,1,6,1) L=-6 H=-6 hist=bfs len=5 val=-6 nodes=38
EVAL state=(684,1,6,1) L=-6 H=-6 hist=dfs1 UNAVAILABLE
EVAL state=(684,1,6,1) L=-6 H=-6 hist=dfs2 UNAVAILABLE
EVAL state=(685,1,6,1) L=-6 H=-6 hist=bfs len=7 val=-6 nodes=51
EVAL state=(685,1,6,1) L=-6 H=-6 hist=dfs1 UNAVAILABLE
EVAL state=(685,1,6,1) L=-6 H=-6 hist=dfs2 UNAVAILABLE
EVAL state=(693,1,6,1) L=-6 H=-6 hist=bfs len=7 val=-6 nodes=17
EVAL state=(693,1,6,1) L=-6 H=-6 hist=dfs1 UNAVAILABLE
EVAL state=(693,1,6,1) L=-6 H=-6 hist=dfs2 UNAVAILABLE
EVAL state=(694,1,6,1) L=-6 H=-6 hist=bfs len=7 val=null nodes=5000000
EVAL state=(694,1,6,1) L=-6 H=-6 hist=dfs1 UNAVAILABLE
EVAL state=(694,1,6,1) L=-6 H=-6 hist=dfs2 UNAVAILABLE
EVAL state=(699,1,6,1) L=-6 H=-6 hist=bfs len=9 val=null nodes=5000000
EVAL state=(699,1,6,1) L=-6 H=-6 hist=dfs1 UNAVAILABLE
EVAL state=(699,1,6,1) L=-6 H=-6 hist=dfs2 len=19 val=null nodes=5000000
EVAL state=(702,1,6,1) L=-6 H=-6 hist=bfs len=7 val=-6 nodes=29
EVAL state=(702,1,6,1) L=-6 H=-6 hist=dfs1 len=23 val=-6 nodes=29
EVAL state=(702,1,6,1) L=-6 H=-6 hist=dfs2 len=21 val=-6 nodes=21
EVAL state=(703,1,6,1) L=-6 H=-6 hist=bfs len=7 val=-6 nodes=17
EVAL state=(703,1,6,1) L=-6 H=-6 hist=dfs1 UNAVAILABLE
EVAL state=(703,1,6,1) L=-6 H=-6 hist=dfs2 UNAVAILABLE
EVAL state=(704,1,6,1) L=-6 H=-6 hist=bfs len=9 val=-6 nodes=8
EVAL state=(704,1,6,1) L=-6 H=-6 hist=dfs1 len=21 val=-6 nodes=8
EVAL state=(704,1,6,1) L=-6 H=-6 hist=dfs2 UNAVAILABLE
EVAL state=(708,1,6,1) L=-6 H=-6 hist=bfs len=9 val=-6 nodes=8
EVAL state=(708,1,6,1) L=-6 H=-6 hist=dfs1 UNAVAILABLE
EVAL state=(708,1,6,1) L=-6 H=-6 hist=dfs2 UNAVAILABLE
EVAL state=(710,1,6,1) L=-6 H=-6 hist=bfs len=11 val=-6 nodes=2
EVAL state=(710,1,6,1) L=-6 H=-6 hist=dfs1 UNAVAILABLE
EVAL state=(710,1,6,1) L=-6 H=-6 hist=dfs2 len=23 val=-6 nodes=2
EVAL state=(711,1,6,1) L=-6 H=-6 hist=bfs len=7 val=null nodes=5000000
EVAL state=(711,1,6,1) L=-6 H=-6 hist=dfs1 UNAVAILABLE
EVAL state=(711,1,6,1) L=-6 H=-6 hist=dfs2 len=23 val=null nodes=5000000
EVAL state=(712,1,6,1) L=-6 H=-6 hist=bfs len=7 val=-6 nodes=11
EVAL state=(712,1,6,1) L=-6 H=-6 hist=dfs1 UNAVAILABLE
EVAL state=(712,1,6,1) L=-6 H=-6 hist=dfs2 len=23 val=-6 nodes=9
EVAL state=(713,1,6,1) L=-6 H=-6 hist=bfs len=9 val=null nodes=5000000
EVAL state=(713,1,6,1) L=-6 H=-6 hist=dfs1 UNAVAILABLE
EVAL state=(713,1,6,1) L=-6 H=-6 hist=dfs2 UNAVAILABLE
EVAL state=(720,1,6,1) L=-6 H=-6 hist=bfs len=9 val=-6 nodes=8
EVAL state=(720,1,6,1) L=-6 H=-6 hist=dfs1 UNAVAILABLE
EVAL state=(720,1,6,1) L=-6 H=-6 hist=dfs2 len=23 val=-6 nodes=8
EVAL state=(721,1,6,1) L=-6 H=-6 hist=bfs len=9 val=null nodes=5000000
EVAL state=(721,1,6,1) L=-6 H=-6 hist=dfs1 UNAVAILABLE
EVAL state=(721,1,6,1) L=-6 H=-6 hist=dfs2 len=23 val=null nodes=5000000
EVAL state=(722,1,6,1) L=-6 H=-6 hist=bfs len=11 val=-6 nodes=2
EVAL state=(722,1,6,1) L=-6 H=-6 hist=dfs1 UNAVAILABLE
EVAL state=(722,1,6,1) L=-6 H=-6 hist=dfs2 len=23 val=-6 nodes=2
EVAL state=(726,1,6,1) L=-6 H=-6 hist=bfs len=11 val=-6 nodes=2
EVAL state=(726,1,6,1) L=-6 H=-6 hist=dfs1 UNAVAILABLE
EVAL state=(726,1,6,1) L=-6 H=-6 hist=dfs2 len=23 val=-6 nodes=2
EVAL state=(161,1,6,1) L=-6 H=-3 hist=bfs len=9 val=null nodes=5000000
EVAL state=(161,1,6,1) L=-6 H=-3 hist=dfs1 UNAVAILABLE
EVAL state=(161,1,6,1) L=-6 H=-3 hist=dfs2 len=23 val=null nodes=5000000
EVAL state=(563,1,6,1) L=-6 H=-3 hist=bfs len=9 val=null nodes=5000000
EVAL state=(563,1,6,1) L=-6 H=-3 hist=dfs1 UNAVAILABLE
EVAL state=(563,1,6,1) L=-6 H=-3 hist=dfs2 UNAVAILABLE
EVAL state=(593,1,6,1) L=-6 H=-3 hist=bfs len=9 val=null nodes=5000000
EVAL state=(593,1,6,1) L=-6 H=-3 hist=dfs1 UNAVAILABLE
EVAL state=(593,1,6,1) L=-6 H=-3 hist=dfs2 UNAVAILABLE
EVAL state=(641,1,6,1) L=-6 H=-3 hist=bfs len=9 val=null nodes=5000000
EVAL state=(641,1,6,1) L=-6 H=-3 hist=dfs1 len=21 val=null nodes=5000000
EVAL state=(641,1,6,1) L=-6 H=-3 hist=dfs2 UNAVAILABLE
EVAL state=(707,1,6,1) L=-6 H=-3 hist=bfs len=9 val=null nodes=5000000
EVAL state=(707,1,6,1) L=-6 H=-3 hist=dfs1 len=23 val=-3 nodes=755
EVAL state=(707,1,6,1) L=-6 H=-3 hist=dfs2 UNAVAILABLE
EVAL state=(723,1,6,1) L=-6 H=-3 hist=bfs len=9 val=null nodes=5000000
EVAL state=(723,1,6,1) L=-6 H=-3 hist=dfs1 len=23 val=null nodes=5000000
EVAL state=(723,1,6,1) L=-6 H=-3 hist=dfs2 len=23 val=null nodes=5000000
EVAL state=(107,1,6,1) L=-6 H=-2 hist=bfs len=7 val=null nodes=5000000
EVAL state=(107,1,6,1) L=-6 H=-2 hist=dfs1 UNAVAILABLE
EVAL state=(107,1,6,1) L=-6 H=-2 hist=dfs2 UNAVAILABLE
EVAL state=(155,1,6,1) L=-6 H=-2 hist=bfs len=7 val=null nodes=5000000
EVAL state=(155,1,6,1) L=-6 H=-2 hist=dfs1 UNAVAILABLE
EVAL state=(155,1,6,1) L=-6 H=-2 hist=dfs2 UNAVAILABLE
EVAL state=(545,1,6,1) L=-6 H=-2 hist=bfs len=7 val=null nodes=5000000
EVAL state=(545,1,6,1) L=-6 H=-2 hist=dfs1 UNAVAILABLE
EVAL state=(545,1,6,1) L=-6 H=-2 hist=dfs2 UNAVAILABLE
EVAL state=(561,1,6,1) L=-6 H=-2 hist=bfs len=7 val=null nodes=5000000
EVAL state=(561,1,6,1) L=-6 H=-2 hist=dfs1 UNAVAILABLE
EVAL state=(561,1,6,1) L=-6 H=-2 hist=dfs2 UNAVAILABLE
EVAL state=(587,1,6,1) L=-6 H=-2 hist=bfs len=7 val=null nodes=5000000
EVAL state=(587,1,6,1) L=-6 H=-2 hist=dfs1 UNAVAILABLE
EVAL state=(587,1,6,1) L=-6 H=-2 hist=dfs2 len=23 val=-2 nodes=10358
EVAL state=(705,1,6,1) L=-6 H=-2 hist=bfs len=7 val=null nodes=5000000
EVAL state=(705,1,6,1) L=-6 H=-2 hist=dfs1 UNAVAILABLE
EVAL state=(705,1,6,1) L=-6 H=-2 hist=dfs2 UNAVAILABLE
EVAL state=(65,1,6,1) L=-6 H=-1 hist=bfs len=5 val=null nodes=5000000
EVAL state=(65,1,6,1) L=-6 H=-1 hist=dfs1 UNAVAILABLE
EVAL state=(65,1,6,1) L=-6 H=-1 hist=dfs2 UNAVAILABLE
EVAL state=(89,1,6,1) L=-6 H=-1 hist=bfs len=5 val=null nodes=5000000
EVAL state=(89,1,6,1) L=-6 H=-1 hist=dfs1 UNAVAILABLE
EVAL state=(89,1,6,1) L=-6 H=-1 hist=dfs2 len=21 val=null nodes=5000000
EVAL state=(101,1,6,1) L=-6 H=-1 hist=bfs len=5 val=null nodes=5000000
EVAL state=(101,1,6,1) L=-6 H=-1 hist=dfs1 UNAVAILABLE
EVAL state=(101,1,6,1) L=-6 H=-1 hist=dfs2 len=23 val=-1 nodes=1909
EVAL state=(105,1,6,1) L=-6 H=-1 hist=bfs len=5 val=null nodes=5000000
EVAL state=(105,1,6,1) L=-6 H=-1 hist=dfs1 len=23 val=null nodes=5000000
EVAL state=(105,1,6,1) L=-6 H=-1 hist=dfs2 UNAVAILABLE
EVAL state=(134,1,6,1) L=-6 H=-1 hist=bfs len=7 val=null nodes=5000000
EVAL state=(134,1,6,1) L=-6 H=-1 hist=dfs1 UNAVAILABLE
EVAL state=(134,1,6,1) L=-6 H=-1 hist=dfs2 UNAVAILABLE
EVAL state=(219,1,6,1) L=-6 H=-1 hist=bfs len=5 val=null nodes=5000000
EVAL state=(219,1,6,1) L=-6 H=-1 hist=dfs1 UNAVAILABLE
EVAL state=(219,1,6,1) L=-6 H=-1 hist=dfs2 UNAVAILABLE
EVAL state=(230,1,6,1) L=-6 H=-1 hist=bfs len=7 val=null nodes=5000000
EVAL state=(230,1,6,1) L=-6 H=-1 hist=dfs1 UNAVAILABLE
EVAL state=(230,1,6,1) L=-6 H=-1 hist=dfs2 len=21 val=null nodes=5000000
EVAL state=(299,1,6,1) L=-6 H=-1 hist=bfs len=5 val=null nodes=5000000
EVAL state=(299,1,6,1) L=-6 H=-1 hist=dfs1 len=23 val=null nodes=5000000
EVAL state=(299,1,6,1) L=-6 H=-1 hist=dfs2 UNAVAILABLE
EVAL state=(350,1,6,1) L=-6 H=-1 hist=bfs len=7 val=null nodes=5000000
EVAL state=(350,1,6,1) L=-6 H=-1 hist=dfs1 UNAVAILABLE
EVAL state=(350,1,6,1) L=-6 H=-1 hist=dfs2 len=21 val=null nodes=5000000
EVAL state=(386,1,6,1) L=-6 H=-1 hist=bfs len=7 val=null nodes=5000000
EVAL state=(386,1,6,1) L=-6 H=-1 hist=dfs1 UNAVAILABLE
EVAL state=(386,1,6,1) L=-6 H=-1 hist=dfs2 UNAVAILABLE
EVAL state=(398,1,6,1) L=-6 H=-1 hist=bfs len=7 val=null nodes=5000000
EVAL state=(398,1,6,1) L=-6 H=-1 hist=dfs1 UNAVAILABLE
EVAL state=(398,1,6,1) L=-6 H=-1 hist=dfs2 UNAVAILABLE
EVAL state=(505,1,6,1) L=-6 H=-1 hist=bfs len=5 val=null nodes=5000000
EVAL state=(505,1,6,1) L=-6 H=-1 hist=dfs1 UNAVAILABLE
EVAL state=(505,1,6,1) L=-6 H=-1 hist=dfs2 UNAVAILABLE
EVAL state=(531,1,6,1) L=-6 H=-1 hist=bfs len=5 val=null nodes=5000000
EVAL state=(531,1,6,1) L=-6 H=-1 hist=dfs1 UNAVAILABLE
EVAL state=(531,1,6,1) L=-6 H=-1 hist=dfs2 len=23 val=null nodes=5000000
EVAL state=(543,1,6,1) L=-6 H=-1 hist=bfs len=5 val=null nodes=5000000
EVAL state=(543,1,6,1) L=-6 H=-1 hist=dfs1 UNAVAILABLE
EVAL state=(543,1,6,1) L=-6 H=-1 hist=dfs2 len=23 val=-1 nodes=4219
EVAL state=(554,1,6,1) L=-6 H=-1 hist=bfs len=7 val=null nodes=5000000
EVAL state=(554,1,6,1) L=-6 H=-1 hist=dfs1 UNAVAILABLE
EVAL state=(554,1,6,1) L=-6 H=-1 hist=dfs2 len=23 val=null nodes=5000000
EVAL state=(562,1,6,1) L=-6 H=-1 hist=bfs len=7 val=null nodes=5000000
EVAL state=(562,1,6,1) L=-6 H=-1 hist=dfs1 UNAVAILABLE
EVAL state=(562,1,6,1) L=-6 H=-1 hist=dfs2 len=23 val=null nodes=5000000
EVAL state=(614,1,6,1) L=-6 H=-1 hist=bfs len=7 val=null nodes=5000000
EVAL state=(614,1,6,1) L=-6 H=-1 hist=dfs1 len=15 val=-1 nodes=307
EVAL state=(614,1,6,1) L=-6 H=-1 hist=dfs2 UNAVAILABLE
EVAL state=(618,1,6,1) L=-6 H=-1 hist=bfs len=7 val=null nodes=5000000
EVAL state=(618,1,6,1) L=-6 H=-1 hist=dfs1 UNAVAILABLE
EVAL state=(618,1,6,1) L=-6 H=-1 hist=dfs2 UNAVAILABLE
EVAL state=(651,1,6,1) L=-6 H=-1 hist=bfs len=5 val=null nodes=5000000
EVAL state=(651,1,6,1) L=-6 H=-1 hist=dfs1 UNAVAILABLE
EVAL state=(651,1,6,1) L=-6 H=-1 hist=dfs2 UNAVAILABLE
EVAL state=(670,1,6,1) L=-6 H=-1 hist=bfs len=7 val=null nodes=5000000
EVAL state=(670,1,6,1) L=-6 H=-1 hist=dfs1 UNAVAILABLE
EVAL state=(670,1,6,1) L=-6 H=-1 hist=dfs2 len=23 val=null nodes=5000000
EVAL state=(706,1,6,1) L=-6 H=-1 hist=bfs len=7 val=null nodes=5000000
EVAL state=(706,1,6,1) L=-6 H=-1 hist=dfs1 UNAVAILABLE
EVAL state=(706,1,6,1) L=-6 H=-1 hist=dfs2 UNAVAILABLE
EVAL state=(714,1,6,1) L=-6 H=-1 hist=bfs len=7 val=null nodes=5000000
EVAL state=(714,1,6,1) L=-6 H=-1 hist=dfs1 len=23 val=-1 nodes=217
EVAL state=(714,1,6,1) L=-6 H=-1 hist=dfs2 len=23 val=null nodes=5000000
EVAL state=(0,1,0,1) L=-6 H=0 hist=bfs ARRIVAL-MISSING
EVAL state=(0,1,0,1) L=-6 H=0 hist=dfs1 UNAVAILABLE
EVAL state=(0,1,0,1) L=-6 H=0 hist=dfs2 UNAVAILABLE
EVAL state=(0,1,1,1) L=-6 H=0 hist=bfs ARRIVAL-MISSING
EVAL state=(0,1,1,1) L=-6 H=0 hist=dfs1 UNAVAILABLE
EVAL state=(0,1,1,1) L=-6 H=0 hist=dfs2 UNAVAILABLE
EVAL state=(0,1,2,1) L=-6 H=0 hist=bfs ARRIVAL-MISSING
EVAL state=(0,1,2,1) L=-6 H=0 hist=dfs1 UNAVAILABLE
EVAL state=(0,1,2,1) L=-6 H=0 hist=dfs2 UNAVAILABLE
EVAL state=(0,1,3,1) L=-6 H=0 hist=bfs ARRIVAL-MISSING
EVAL state=(0,1,3,1) L=-6 H=0 hist=dfs1 UNAVAILABLE
EVAL state=(0,1,3,1) L=-6 H=0 hist=dfs2 UNAVAILABLE
EVAL state=(0,1,4,1) L=-6 H=0 hist=bfs ARRIVAL-MISSING
EVAL state=(0,1,4,1) L=-6 H=0 hist=dfs1 UNAVAILABLE
EVAL state=(0,1,4,1) L=-6 H=0 hist=dfs2 UNAVAILABLE
EVAL state=(0,1,5,1) L=-6 H=0 hist=bfs ARRIVAL-MISSING
EVAL state=(0,1,5,1) L=-6 H=0 hist=dfs1 UNAVAILABLE
EVAL state=(0,1,5,1) L=-6 H=0 hist=dfs2 UNAVAILABLE
EVAL state=(0,1,6,1) L=-6 H=0 hist=bfs len=1 val=null nodes=5000000
EVAL state=(0,1,6,1) L=-6 H=0 hist=dfs1 len=1 val=null nodes=5000000
EVAL state=(0,1,6,1) L=-6 H=0 hist=dfs2 len=1 val=null nodes=5000000
EVAL state=(57,1,6,1) L=-6 H=0 hist=bfs len=3 val=null nodes=5000000
EVAL state=(57,1,6,1) L=-6 H=0 hist=dfs1 UNAVAILABLE
EVAL state=(57,1,6,1) L=-6 H=0 hist=dfs2 UNAVAILABLE
EVAL state=(83,1,6,1) L=-6 H=0 hist=bfs len=3 val=null nodes=5000000
EVAL state=(83,1,6,1) L=-6 H=0 hist=dfs1 len=23 val=null nodes=5000000
EVAL state=(83,1,6,1) L=-6 H=0 hist=dfs2 len=23 val=null nodes=5000000
EVAL state=(87,1,6,1) L=-6 H=0 hist=bfs len=3 val=null nodes=5000000
EVAL state=(87,1,6,1) L=-6 H=0 hist=dfs1 UNAVAILABLE
EVAL state=(87,1,6,1) L=-6 H=0 hist=dfs2 UNAVAILABLE
EVAL state=(99,1,6,1) L=-6 H=0 hist=bfs len=3 val=null nodes=5000000
EVAL state=(99,1,6,1) L=-6 H=0 hist=dfs1 UNAVAILABLE
EVAL state=(99,1,6,1) L=-6 H=0 hist=dfs2 UNAVAILABLE
EVAL state=(128,1,6,1) L=-6 H=0 hist=bfs len=5 val=null nodes=5000000
EVAL state=(128,1,6,1) L=-6 H=0 hist=dfs1 UNAVAILABLE
EVAL state=(128,1,6,1) L=-6 H=0 hist=dfs2 len=23 val=null nodes=5000000
EVAL state=(132,1,6,1) L=-6 H=0 hist=bfs len=5 val=null nodes=5000000
EVAL state=(132,1,6,1) L=-6 H=0 hist=dfs1 UNAVAILABLE
EVAL state=(132,1,6,1) L=-6 H=0 hist=dfs2 UNAVAILABLE
EVAL state=(165,1,6,1) L=-6 H=0 hist=bfs len=3 val=null nodes=5000000
EVAL state=(165,1,6,1) L=-6 H=0 hist=dfs1 UNAVAILABLE
EVAL state=(165,1,6,1) L=-6 H=0 hist=dfs2 UNAVAILABLE
EVAL state=(228,1,6,1) L=-6 H=0 hist=bfs len=5 val=null nodes=5000000
EVAL state=(228,1,6,1) L=-6 H=0 hist=dfs1 UNAVAILABLE
EVAL state=(228,1,6,1) L=-6 H=0 hist=dfs2 len=23 val=null nodes=5000000
EVAL state=(332,1,6,1) L=-6 H=0 hist=bfs len=5 val=null nodes=5000000
EVAL state=(332,1,6,1) L=-6 H=0 hist=dfs1 UNAVAILABLE
EVAL state=(332,1,6,1) L=-6 H=0 hist=dfs2 len=23 val=null nodes=5000000
EVAL state=(344,1,6,1) L=-6 H=0 hist=bfs len=5 val=null nodes=5000000
EVAL state=(344,1,6,1) L=-6 H=0 hist=dfs1 UNAVAILABLE
EVAL state=(344,1,6,1) L=-6 H=0 hist=dfs2 UNAVAILABLE
EVAL state=(489,1,6,1) L=-6 H=0 hist=bfs len=3 val=null nodes=5000000
EVAL state=(489,1,6,1) L=-6 H=0 hist=dfs1 len=23 val=null nodes=5000000
EVAL state=(489,1,6,1) L=-6 H=0 hist=dfs2 UNAVAILABLE
EVAL state=(544,1,6,1) L=-6 H=0 hist=bfs len=5 val=null nodes=5000000
EVAL state=(544,1,6,1) L=-6 H=0 hist=dfs1 UNAVAILABLE
EVAL state=(544,1,6,1) L=-6 H=0 hist=dfs2 UNAVAILABLE
EVAL state=(552,1,6,1) L=-6 H=0 hist=bfs len=5 val=null nodes=5000000
EVAL state=(552,1,6,1) L=-6 H=0 hist=dfs1 UNAVAILABLE
EVAL state=(552,1,6,1) L=-6 H=0 hist=dfs2 UNAVAILABLE
EVAL state=(652,1,6,1) L=-6 H=0 hist=bfs len=5 val=null nodes=5000000
EVAL state=(652,1,6,1) L=-6 H=0 hist=dfs1 len=23 val=null nodes=5000000
EVAL state=(652,1,6,1) L=-6 H=0 hist=dfs2 UNAVAILABLE
EVAL state=(66,1,6,1) L=-6 H=1 hist=bfs len=5 val=null nodes=5000000
EVAL state=(66,1,6,1) L=-6 H=1 hist=dfs1 len=23 val=null nodes=5000000
EVAL state=(66,1,6,1) L=-6 H=1 hist=dfs2 UNAVAILABLE
EVAL state=(114,1,6,1) L=-6 H=1 hist=bfs len=5 val=null nodes=5000000
EVAL state=(114,1,6,1) L=-6 H=1 hist=dfs1 UNAVAILABLE
EVAL state=(114,1,6,1) L=-6 H=1 hist=dfs2 len=23 val=null nodes=5000000
EVAL state=(126,1,6,1) L=-6 H=1 hist=bfs len=5 val=null nodes=5000000
EVAL state=(126,1,6,1) L=-6 H=1 hist=dfs1 len=21 val=null nodes=5000000
EVAL state=(126,1,6,1) L=-6 H=1 hist=dfs2 len=23 val=null nodes=5000000
EVAL state=(166,1,6,1) L=-6 H=1 hist=bfs len=5 val=null nodes=5000000
EVAL state=(166,1,6,1) L=-6 H=1 hist=dfs1 UNAVAILABLE
EVAL state=(166,1,6,1) L=-6 H=1 hist=dfs2 len=21 val=null nodes=5000000
EVAL state=(174,1,6,1) L=-6 H=1 hist=bfs len=5 val=null nodes=5000000
EVAL state=(174,1,6,1) L=-6 H=1 hist=dfs1 len=23 val=null nodes=5000000
EVAL state=(174,1,6,1) L=-6 H=1 hist=dfs2 UNAVAILABLE
EVAL state=(229,1,6,1) L=-6 H=1 hist=bfs len=7 val=null nodes=5000000
EVAL state=(229,1,6,1) L=-6 H=1 hist=dfs1 UNAVAILABLE
EVAL state=(229,1,6,1) L=-6 H=1 hist=dfs2 UNAVAILABLE
EVAL state=(326,1,6,1) L=-6 H=1 hist=bfs len=5 val=null nodes=5000000
EVAL state=(326,1,6,1) L=-6 H=1 hist=dfs1 UNAVAILABLE
EVAL state=(326,1,6,1) L=-6 H=1 hist=dfs2 UNAVAILABLE
EVAL state=(330,1,6,1) L=-6 H=1 hist=bfs len=5 val=null nodes=5000000
EVAL state=(330,1,6,1) L=-6 H=1 hist=dfs1 UNAVAILABLE
EVAL state=(330,1,6,1) L=-6 H=1 hist=dfs2 UNAVAILABLE
EVAL state=(359,1,6,1) L=-6 H=1 hist=bfs len=7 val=null nodes=5000000
EVAL state=(359,1,6,1) L=-6 H=1 hist=dfs1 UNAVAILABLE
EVAL state=(359,1,6,1) L=-6 H=1 hist=dfs2 UNAVAILABLE
EVAL state=(371,1,6,1) L=-6 H=1 hist=bfs len=7 val=null nodes=5000000
EVAL state=(371,1,6,1) L=-6 H=1 hist=dfs1 len=23 val=null nodes=5000000
EVAL state=(371,1,6,1) L=-6 H=1 hist=dfs2 len=23 val=null nodes=5000000
EVAL state=(375,1,6,1) L=-6 H=1 hist=bfs len=7 val=null nodes=5000000
EVAL state=(375,1,6,1) L=-6 H=1 hist=dfs1 len=23 val=null nodes=5000000
EVAL state=(375,1,6,1) L=-6 H=1 hist=dfs2 UNAVAILABLE
EVAL state=(490,1,6,1) L=-6 H=1 hist=bfs len=5 val=null nodes=5000000
EVAL state=(490,1,6,1) L=-6 H=1 hist=dfs1 len=23 val=null nodes=5000000
EVAL state=(490,1,6,1) L=-6 H=1 hist=dfs2 UNAVAILABLE
EVAL state=(553,1,6,1) L=-6 H=1 hist=bfs len=7 val=null nodes=5000000
EVAL state=(553,1,6,1) L=-6 H=1 hist=dfs1 UNAVAILABLE
EVAL state=(553,1,6,1) L=-6 H=1 hist=dfs2 len=23 val=null nodes=5000000
EVAL state=(661,1,6,1) L=-6 H=1 hist=bfs len=7 val=null nodes=5000000
EVAL state=(661,1,6,1) L=-6 H=1 hist=dfs1 UNAVAILABLE
EVAL state=(661,1,6,1) L=-6 H=1 hist=dfs2 UNAVAILABLE
EVAL state=(67,1,6,1) L=-6 H=2 hist=bfs len=7 val=null nodes=5000000
EVAL state=(67,1,6,1) L=-6 H=2 hist=dfs1 UNAVAILABLE
EVAL state=(67,1,6,1) L=-6 H=2 hist=dfs2 UNAVAILABLE
EVAL state=(127,1,6,1) L=-6 H=2 hist=bfs len=7 val=null nodes=5000000
EVAL state=(127,1,6,1) L=-6 H=2 hist=dfs1 UNAVAILABLE
EVAL state=(127,1,6,1) L=-6 H=2 hist=dfs2 len=23 val=null nodes=5000000
EVAL state=(175,1,6,1) L=-6 H=2 hist=bfs len=7 val=null nodes=5000000
EVAL state=(175,1,6,1) L=-6 H=2 hist=dfs1 UNAVAILABLE
EVAL state=(175,1,6,1) L=-6 H=2 hist=dfs2 len=23 val=null nodes=5000000
EVAL state=(309,1,6,1) L=-6 H=2 hist=bfs len=7 val=null nodes=5000000
EVAL state=(309,1,6,1) L=-6 H=2 hist=dfs1 UNAVAILABLE
EVAL state=(309,1,6,1) L=-6 H=2 hist=dfs2 len=23 val=null nodes=5000000
EVAL state=(335,1,6,1) L=-6 H=2 hist=bfs len=7 val=null nodes=5000000
EVAL state=(335,1,6,1) L=-6 H=2 hist=dfs1 UNAVAILABLE
EVAL state=(335,1,6,1) L=-6 H=2 hist=dfs2 UNAVAILABLE
EVAL state=(353,1,6,1) L=-6 H=2 hist=bfs len=7 val=null nodes=5000000
EVAL state=(353,1,6,1) L=-6 H=2 hist=dfs1 UNAVAILABLE
EVAL state=(353,1,6,1) L=-6 H=2 hist=dfs2 UNAVAILABLE
EVAL state=(357,1,6,1) L=-6 H=2 hist=bfs len=7 val=null nodes=5000000
EVAL state=(357,1,6,1) L=-6 H=2 hist=dfs1 UNAVAILABLE
EVAL state=(357,1,6,1) L=-6 H=2 hist=dfs2 UNAVAILABLE
EVAL state=(369,1,6,1) L=-6 H=2 hist=bfs len=7 val=null nodes=5000000
EVAL state=(369,1,6,1) L=-6 H=2 hist=dfs1 len=23 val=null nodes=5000000
EVAL state=(369,1,6,1) L=-6 H=2 hist=dfs2 UNAVAILABLE
EVAL state=(499,1,6,1) L=-6 H=2 hist=bfs len=7 val=null nodes=5000000
EVAL state=(499,1,6,1) L=-6 H=2 hist=dfs1 UNAVAILABLE
EVAL state=(499,1,6,1) L=-6 H=2 hist=dfs2 UNAVAILABLE
EVAL state=(517,1,6,1) L=-6 H=2 hist=bfs len=7 val=null nodes=5000000
EVAL state=(517,1,6,1) L=-6 H=2 hist=dfs1 UNAVAILABLE
EVAL state=(517,1,6,1) L=-6 H=2 hist=dfs2 UNAVAILABLE
EVAL state=(202,1,6,1) L=-6 H=3 hist=bfs len=9 val=null nodes=5000000
EVAL state=(202,1,6,1) L=-6 H=3 hist=dfs1 UNAVAILABLE
EVAL state=(202,1,6,1) L=-6 H=3 hist=dfs2 len=9 val=null nodes=5000000
EVAL state=(310,1,6,1) L=-6 H=3 hist=bfs len=9 val=null nodes=5000000
EVAL state=(310,1,6,1) L=-6 H=3 hist=dfs1 UNAVAILABLE
EVAL state=(310,1,6,1) L=-6 H=3 hist=dfs2 UNAVAILABLE
# progress: 700 states, 352/1323 evals within budget, 210 states w/ value, 4867M nodes (x100 block 7)
EVAL state=(358,1,6,1) L=-6 H=3 hist=bfs len=9 val=null nodes=5000000
EVAL state=(358,1,6,1) L=-6 H=3 hist=dfs1 UNAVAILABLE
EVAL state=(358,1,6,1) L=-6 H=3 hist=dfs2 UNAVAILABLE
EVAL state=(362,1,6,1) L=-6 H=3 hist=bfs len=9 val=null nodes=5000000
EVAL state=(362,1,6,1) L=-6 H=3 hist=dfs1 UNAVAILABLE
EVAL state=(362,1,6,1) L=-6 H=3 hist=dfs2 UNAVAILABLE
EVAL state=(366,1,6,1) L=-6 H=3 hist=bfs len=9 val=null nodes=5000000
EVAL state=(366,1,6,1) L=-6 H=3 hist=dfs1 UNAVAILABLE
EVAL state=(366,1,6,1) L=-6 H=3 hist=dfs2 UNAVAILABLE
EVAL state=(370,1,6,1) L=-6 H=3 hist=bfs len=9 val=null nodes=5000000
EVAL state=(370,1,6,1) L=-6 H=3 hist=dfs1 len=21 val=null nodes=5000000
EVAL state=(370,1,6,1) L=-6 H=3 hist=dfs2 UNAVAILABLE
EVAL state=(418,1,6,1) L=-6 H=3 hist=bfs len=9 val=null nodes=5000000
EVAL state=(418,1,6,1) L=-6 H=3 hist=dfs1 len=23 val=null nodes=5000000
EVAL state=(418,1,6,1) L=-6 H=3 hist=dfs2 len=23 val=null nodes=5000000
EVAL state=(526,1,6,1) L=-6 H=3 hist=bfs len=9 val=null nodes=5000000
EVAL state=(526,1,6,1) L=-6 H=3 hist=dfs1 UNAVAILABLE
EVAL state=(526,1,6,1) L=-6 H=3 hist=dfs2 UNAVAILABLE
EVAL state=(0,0,0,0) L=-6 H=6 hist=bfs ARRIVAL-MISSING
EVAL state=(0,0,0,0) L=-6 H=6 hist=dfs1 UNAVAILABLE
EVAL state=(0,0,0,0) L=-6 H=6 hist=dfs2 UNAVAILABLE
EVAL state=(0,0,1,0) L=-6 H=6 hist=bfs ARRIVAL-MISSING
EVAL state=(0,0,1,0) L=-6 H=6 hist=dfs1 UNAVAILABLE
EVAL state=(0,0,1,0) L=-6 H=6 hist=dfs2 UNAVAILABLE
EVAL state=(0,0,2,0) L=-6 H=6 hist=bfs ARRIVAL-MISSING
EVAL state=(0,0,2,0) L=-6 H=6 hist=dfs1 UNAVAILABLE
EVAL state=(0,0,2,0) L=-6 H=6 hist=dfs2 UNAVAILABLE
EVAL state=(0,0,3,0) L=-6 H=6 hist=bfs ARRIVAL-MISSING
EVAL state=(0,0,3,0) L=-6 H=6 hist=dfs1 UNAVAILABLE
EVAL state=(0,0,3,0) L=-6 H=6 hist=dfs2 UNAVAILABLE
EVAL state=(0,0,4,0) L=-6 H=6 hist=bfs ARRIVAL-MISSING
EVAL state=(0,0,4,0) L=-6 H=6 hist=dfs1 UNAVAILABLE
EVAL state=(0,0,4,0) L=-6 H=6 hist=dfs2 UNAVAILABLE
EVAL state=(0,0,5,0) L=-6 H=6 hist=bfs ARRIVAL-MISSING
EVAL state=(0,0,5,0) L=-6 H=6 hist=dfs1 UNAVAILABLE
EVAL state=(0,0,5,0) L=-6 H=6 hist=dfs2 UNAVAILABLE
EVAL state=(0,0,6,0) L=-6 H=6 hist=bfs ARRIVAL-MISSING
EVAL state=(6,0,6,0) L=-6 H=6 hist=bfs len=2 val=null nodes=5000000
EVAL state=(6,0,6,0) L=-6 H=6 hist=dfs1 len=22 val=null nodes=5000000
EVAL state=(6,0,6,0) L=-6 H=6 hist=dfs2 len=20 val=null nodes=5000000
EVAL state=(8,0,6,0) L=-6 H=6 hist=bfs len=4 val=null nodes=5000000
EVAL state=(8,0,6,0) L=-6 H=6 hist=dfs1 UNAVAILABLE
EVAL state=(8,0,6,0) L=-6 H=6 hist=dfs2 UNAVAILABLE
EVAL state=(20,0,6,0) L=-6 H=6 hist=bfs len=4 val=null nodes=5000000
EVAL state=(20,0,6,0) L=-6 H=6 hist=dfs1 UNAVAILABLE
EVAL state=(20,0,6,0) L=-6 H=6 hist=dfs2 len=24 val=null nodes=5000000
EVAL state=(24,0,6,0) L=-6 H=6 hist=bfs len=4 val=null nodes=5000000
EVAL state=(24,0,6,0) L=-6 H=6 hist=dfs1 len=22 val=null nodes=5000000
EVAL state=(24,0,6,0) L=-6 H=6 hist=dfs2 len=24 val=null nodes=5000000
EVAL state=(26,0,6,0) L=-6 H=6 hist=bfs len=6 val=null nodes=5000000
EVAL state=(26,0,6,0) L=-6 H=6 hist=dfs1 len=24 val=null nodes=5000000
EVAL state=(26,0,6,0) L=-6 H=6 hist=dfs2 len=24 val=null nodes=5000000
EVAL state=(33,0,6,0) L=-6 H=6 hist=bfs len=2 val=null nodes=5000000
EVAL state=(33,0,6,0) L=-6 H=6 hist=dfs1 UNAVAILABLE
EVAL state=(33,0,6,0) L=-6 H=6 hist=dfs2 len=2 val=null nodes=5000000
EVAL state=(46,0,6,0) L=-6 H=6 hist=bfs len=4 val=null nodes=5000000
EVAL state=(46,0,6,0) L=-6 H=6 hist=dfs1 len=24 val=null nodes=5000000
EVAL state=(46,0,6,0) L=-6 H=6 hist=dfs2 len=22 val=null nodes=5000000
EVAL state=(51,0,6,0) L=-6 H=6 hist=bfs len=4 val=null nodes=5000000
EVAL state=(51,0,6,0) L=-6 H=6 hist=dfs1 len=22 val=null nodes=5000000
EVAL state=(51,0,6,0) L=-6 H=6 hist=dfs2 len=24 val=null nodes=5000000
EVAL state=(53,0,6,0) L=-6 H=6 hist=bfs len=6 val=null nodes=5000000
EVAL state=(53,0,6,0) L=-6 H=6 hist=dfs1 len=24 val=null nodes=5000000
EVAL state=(53,0,6,0) L=-6 H=6 hist=dfs2 UNAVAILABLE
EVAL state=(74,0,6,0) L=-6 H=6 hist=bfs len=6 val=null nodes=5000000
EVAL state=(74,0,6,0) L=-6 H=6 hist=dfs1 UNAVAILABLE
EVAL state=(74,0,6,0) L=-6 H=6 hist=dfs2 len=24 val=null nodes=5000000
EVAL state=(80,0,6,0) L=-6 H=6 hist=bfs len=8 val=null nodes=5000000
EVAL state=(80,0,6,0) L=-6 H=6 hist=dfs1 len=22 val=null nodes=5000000
EVAL state=(80,0,6,0) L=-6 H=6 hist=dfs2 len=24 val=null nodes=5000000
EVAL state=(87,0,6,0) L=-6 H=6 hist=bfs len=2 val=null nodes=5000000
EVAL state=(87,0,6,0) L=-6 H=6 hist=dfs1 len=24 val=null nodes=5000000
EVAL state=(87,0,6,0) L=-6 H=6 hist=dfs2 len=24 val=null nodes=5000000
EVAL state=(89,0,6,0) L=-6 H=6 hist=bfs len=4 val=null nodes=5000000
EVAL state=(89,0,6,0) L=-6 H=6 hist=dfs1 len=22 val=null nodes=5000000
EVAL state=(89,0,6,0) L=-6 H=6 hist=dfs2 len=22 val=null nodes=5000000
EVAL state=(105,0,6,0) L=-6 H=6 hist=bfs len=4 val=null nodes=5000000
EVAL state=(105,0,6,0) L=-6 H=6 hist=dfs1 UNAVAILABLE
EVAL state=(105,0,6,0) L=-6 H=6 hist=dfs2 len=4 val=null nodes=5000000
EVAL state=(107,0,6,0) L=-6 H=6 hist=bfs len=6 val=null nodes=5000000
EVAL state=(107,0,6,0) L=-6 H=6 hist=dfs1 UNAVAILABLE
EVAL state=(107,0,6,0) L=-6 H=6 hist=dfs2 len=22 val=null nodes=5000000
EVAL state=(114,0,6,0) L=-6 H=6 hist=bfs len=4 val=null nodes=5000000
EVAL state=(114,0,6,0) L=-6 H=6 hist=dfs1 UNAVAILABLE
EVAL state=(114,0,6,0) L=-6 H=6 hist=dfs2 len=22 val=null nodes=5000000
EVAL state=(132,0,6,0) L=-6 H=6 hist=bfs len=4 val=null nodes=5000000
EVAL state=(132,0,6,0) L=-6 H=6 hist=dfs1 UNAVAILABLE
EVAL state=(132,0,6,0) L=-6 H=6 hist=dfs2 UNAVAILABLE
EVAL state=(133,0,6,0) L=-6 H=6 hist=bfs len=6 val=null nodes=5000000
EVAL state=(133,0,6,0) L=-6 H=6 hist=dfs1 len=24 val=null nodes=5000000
EVAL state=(133,0,6,0) L=-6 H=6 hist=dfs2 len=24 val=null nodes=5000000
EVAL state=(134,0,6,0) L=-6 H=6 hist=bfs len=6 val=null nodes=5000000
EVAL state=(134,0,6,0) L=-6 H=6 hist=dfs1 UNAVAILABLE
EVAL state=(134,0,6,0) L=-6 H=6 hist=dfs2 UNAVAILABLE
EVAL state=(161,0,6,0) L=-6 H=6 hist=bfs len=8 val=null nodes=5000000
EVAL state=(161,0,6,0) L=-6 H=6 hist=dfs1 len=10 val=null nodes=5000000
EVAL state=(161,0,6,0) L=-6 H=6 hist=dfs2 len=24 val=null nodes=5000000
EVAL state=(162,0,6,0) L=-6 H=6 hist=bfs len=2 val=null nodes=5000000
EVAL state=(162,0,6,0) L=-6 H=6 hist=dfs1 len=24 val=null nodes=5000000
EVAL state=(162,0,6,0) L=-6 H=6 hist=dfs2 len=22 val=null nodes=5000000
EVAL state=(163,0,6,0) L=-6 H=6 hist=bfs len=2 val=null nodes=5000000
EVAL state=(163,0,6,0) L=-6 H=6 hist=dfs1 len=20 val=null nodes=5000000
EVAL state=(163,0,6,0) L=-6 H=6 hist=dfs2 len=2 val=null nodes=5000000
EVAL state=(165,0,6,0) L=-6 H=6 hist=bfs len=2 val=null nodes=5000000
EVAL state=(165,0,6,0) L=-6 H=6 hist=dfs1 len=24 val=null nodes=5000000
EVAL state=(165,0,6,0) L=-6 H=6 hist=dfs2 len=22 val=null nodes=5000000
EVAL state=(166,0,6,0) L=-6 H=6 hist=bfs len=4 val=null nodes=5000000
EVAL state=(166,0,6,0) L=-6 H=6 hist=dfs1 len=24 val=null nodes=5000000
EVAL state=(166,0,6,0) L=-6 H=6 hist=dfs2 len=24 val=null nodes=5000000
EVAL state=(171,0,6,0) L=-6 H=6 hist=bfs len=2 val=null nodes=5000000
EVAL state=(171,0,6,0) L=-6 H=6 hist=dfs1 len=22 val=null nodes=5000000
EVAL state=(171,0,6,0) L=-6 H=6 hist=dfs2 len=24 val=null nodes=5000000
EVAL state=(172,0,6,0) L=-6 H=6 hist=bfs len=4 val=null nodes=5000000
EVAL state=(172,0,6,0) L=-6 H=6 hist=dfs1 len=22 val=null nodes=5000000
EVAL state=(172,0,6,0) L=-6 H=6 hist=dfs2 UNAVAILABLE
EVAL state=(174,0,6,0) L=-6 H=6 hist=bfs len=4 val=null nodes=5000000
EVAL state=(174,0,6,0) L=-6 H=6 hist=dfs1 len=24 val=null nodes=5000000
EVAL state=(174,0,6,0) L=-6 H=6 hist=dfs2 len=16 val=null nodes=5000000
EVAL state=(175,0,6,0) L=-6 H=6 hist=bfs len=6 val=null nodes=5000000
EVAL state=(175,0,6,0) L=-6 H=6 hist=dfs1 UNAVAILABLE
EVAL state=(175,0,6,0) L=-6 H=6 hist=dfs2 len=22 val=null nodes=5000000
EVAL state=(199,0,6,0) L=-6 H=6 hist=bfs len=6 val=null nodes=5000000
EVAL state=(199,0,6,0) L=-6 H=6 hist=dfs1 len=24 val=null nodes=5000000
EVAL state=(199,0,6,0) L=-6 H=6 hist=dfs2 len=22 val=null nodes=5000000
EVAL state=(202,0,6,0) L=-6 H=6 hist=bfs len=8 val=null nodes=5000000
EVAL state=(202,0,6,0) L=-6 H=6 hist=dfs1 UNAVAILABLE
EVAL state=(202,0,6,0) L=-6 H=6 hist=dfs2 len=24 val=null nodes=5000000
EVAL state=(216,0,6,0) L=-6 H=6 hist=bfs len=4 val=null nodes=5000000
EVAL state=(216,0,6,0) L=-6 H=6 hist=dfs1 UNAVAILABLE
EVAL state=(216,0,6,0) L=-6 H=6 hist=dfs2 len=22 val=null nodes=5000000
EVAL state=(219,0,6,0) L=-6 H=6 hist=bfs len=4 val=null nodes=5000000
EVAL state=(219,0,6,0) L=-6 H=6 hist=dfs1 len=22 val=null nodes=5000000
EVAL state=(219,0,6,0) L=-6 H=6 hist=dfs2 UNAVAILABLE
EVAL state=(225,0,6,0) L=-6 H=6 hist=bfs len=4 val=null nodes=5000000
EVAL state=(225,0,6,0) L=-6 H=6 hist=dfs1 UNAVAILABLE
EVAL state=(225,0,6,0) L=-6 H=6 hist=dfs2 len=22 val=null nodes=5000000
EVAL state=(226,0,6,0) L=-6 H=6 hist=bfs len=4 val=null nodes=5000000
EVAL state=(226,0,6,0) L=-6 H=6 hist=dfs1 len=24 val=null nodes=5000000
EVAL state=(226,0,6,0) L=-6 H=6 hist=dfs2 UNAVAILABLE
EVAL state=(227,0,6,0) L=-6 H=6 hist=bfs len=6 val=null nodes=5000000
EVAL state=(227,0,6,0) L=-6 H=6 hist=dfs1 UNAVAILABLE
EVAL state=(227,0,6,0) L=-6 H=6 hist=dfs2 len=24 val=null nodes=5000000
EVAL state=(228,0,6,0) L=-6 H=6 hist=bfs len=4 val=null nodes=5000000
EVAL state=(228,0,6,0) L=-6 H=6 hist=dfs1 len=24 val=null nodes=5000000
EVAL state=(228,0,6,0) L=-6 H=6 hist=dfs2 UNAVAILABLE
EVAL state=(229,0,6,0) L=-6 H=6 hist=bfs len=6 val=null nodes=5000000
EVAL state=(229,0,6,0) L=-6 H=6 hist=dfs1 UNAVAILABLE
EVAL state=(229,0,6,0) L=-6 H=6 hist=dfs2 UNAVAILABLE
EVAL state=(249,0,6,0) L=-6 H=6 hist=bfs len=2 val=null nodes=5000000
EVAL state=(249,0,6,0) L=-6 H=6 hist=dfs1 UNAVAILABLE
EVAL state=(249,0,6,0) L=-6 H=6 hist=dfs2 len=24 val=null nodes=5000000
EVAL state=(251,0,6,0) L=-6 H=6 hist=bfs len=4 val=null nodes=5000000
EVAL state=(251,0,6,0) L=-6 H=6 hist=dfs1 len=24 val=null nodes=5000000
EVAL state=(251,0,6,0) L=-6 H=6 hist=dfs2 len=24 val=null nodes=5000000
EVAL state=(254,0,6,0) L=-6 H=6 hist=bfs len=4 val=null nodes=5000000
EVAL state=(254,0,6,0) L=-6 H=6 hist=dfs1 len=22 val=null nodes=5000000
EVAL state=(254,0,6,0) L=-6 H=6 hist=dfs2 len=24 val=null nodes=5000000
EVAL state=(269,0,6,0) L=-6 H=6 hist=bfs len=6 val=null nodes=5000000
EVAL state=(269,0,6,0) L=-6 H=6 hist=dfs1 len=24 val=null nodes=5000000
EVAL state=(269,0,6,0) L=-6 H=6 hist=dfs2 UNAVAILABLE
EVAL state=(276,0,6,0) L=-6 H=6 hist=bfs len=4 val=null nodes=5000000
EVAL state=(276,0,6,0) L=-6 H=6 hist=dfs1 UNAVAILABLE
EVAL state=(276,0,6,0) L=-6 H=6 hist=dfs2 len=24 val=null nodes=5000000
EVAL state=(277,0,6,0) L=-6 H=6 hist=bfs len=6 val=null nodes=5000000
EVAL state=(277,0,6,0) L=-6 H=6 hist=dfs1 UNAVAILABLE
EVAL state=(277,0,6,0) L=-6 H=6 hist=dfs2 UNAVAILABLE
EVAL state=(278,0,6,0) L=-6 H=6 hist=bfs len=4 val=null nodes=5000000
EVAL state=(278,0,6,0) L=-6 H=6 hist=dfs1 len=24 val=null nodes=5000000
EVAL state=(278,0,6,0) L=-6 H=6 hist=dfs2 UNAVAILABLE
EVAL state=(285,0,6,0) L=-6 H=6 hist=bfs len=6 val=null nodes=5000000
EVAL state=(285,0,6,0) L=-6 H=6 hist=dfs1 len=22 val=null nodes=5000000
EVAL state=(285,0,6,0) L=-6 H=6 hist=dfs2 UNAVAILABLE
EVAL state=(286,0,6,0) L=-6 H=6 hist=bfs len=8 val=null nodes=5000000
EVAL state=(286,0,6,0) L=-6 H=6 hist=dfs1 len=24 val=null nodes=5000000
EVAL state=(286,0,6,0) L=-6 H=6 hist=dfs2 len=24 val=null nodes=5000000
EVAL state=(287,0,6,0) L=-6 H=6 hist=bfs len=6 val=null nodes=5000000
EVAL state=(287,0,6,0) L=-6 H=6 hist=dfs1 UNAVAILABLE
EVAL state=(287,0,6,0) L=-6 H=6 hist=dfs2 UNAVAILABLE
EVAL state=(294,0,6,0) L=-6 H=6 hist=bfs len=4 val=null nodes=5000000
EVAL state=(294,0,6,0) L=-6 H=6 hist=dfs1 len=24 val=null nodes=5000000
EVAL state=(294,0,6,0) L=-6 H=6 hist=dfs2 len=24 val=null nodes=5000000
EVAL state=(295,0,6,0) L=-6 H=6 hist=bfs len=6 val=null nodes=5000000
EVAL state=(295,0,6,0) L=-6 H=6 hist=dfs1 UNAVAILABLE
EVAL state=(295,0,6,0) L=-6 H=6 hist=dfs2 len=24 val=null nodes=5000000
EVAL state=(296,0,6,0) L=-6 H=6 hist=bfs len=6 val=null nodes=5000000
EVAL state=(296,0,6,0) L=-6 H=6 hist=dfs1 len=24 val=null nodes=5000000
EVAL state=(296,0,6,0) L=-6 H=6 hist=dfs2 len=22 val=null nodes=5000000
EVAL state=(305,0,6,0) L=-6 H=6 hist=bfs len=6 val=null nodes=5000000
EVAL state=(305,0,6,0) L=-6 H=6 hist=dfs1 len=24 val=null nodes=5000000
EVAL state=(305,0,6,0) L=-6 H=6 hist=dfs2 len=24 val=null nodes=5000000
EVAL state=(306,0,6,0) L=-6 H=6 hist=bfs len=4 val=null nodes=5000000
EVAL state=(306,0,6,0) L=-6 H=6 hist=dfs1 UNAVAILABLE
EVAL state=(306,0,6,0) L=-6 H=6 hist=dfs2 UNAVAILABLE
EVAL state=(323,0,6,0) L=-6 H=6 hist=bfs len=8 val=null nodes=5000000
EVAL state=(323,0,6,0) L=-6 H=6 hist=dfs1 UNAVAILABLE
EVAL state=(323,0,6,0) L=-6 H=6 hist=dfs2 UNAVAILABLE
EVAL state=(330,0,6,0) L=-6 H=6 hist=bfs len=4 val=null nodes=5000000
EVAL state=(330,0,6,0) L=-6 H=6 hist=dfs1 len=24 val=null nodes=5000000
EVAL state=(330,0,6,0) L=-6 H=6 hist=dfs2 len=20 val=null nodes=5000000
EVAL state=(332,0,6,0) L=-6 H=6 hist=bfs len=4 val=null nodes=5000000
EVAL state=(332,0,6,0) L=-6 H=6 hist=dfs1 len=22 val=null nodes=5000000
EVAL state=(332,0,6,0) L=-6 H=6 hist=dfs2 len=18 val=null nodes=5000000
EVAL state=(341,0,6,0) L=-6 H=6 hist=bfs len=6 val=null nodes=5000000
EVAL state=(341,0,6,0) L=-6 H=6 hist=dfs1 len=24 val=null nodes=5000000
EVAL state=(341,0,6,0) L=-6 H=6 hist=dfs2 len=24 val=null nodes=5000000
EVAL state=(350,0,6,0) L=-6 H=6 hist=bfs len=6 val=null nodes=5000000
EVAL state=(350,0,6,0) L=-6 H=6 hist=dfs1 UNAVAILABLE
EVAL state=(350,0,6,0) L=-6 H=6 hist=dfs2 UNAVAILABLE
EVAL state=(357,0,6,0) L=-6 H=6 hist=bfs len=6 val=null nodes=5000000
EVAL state=(357,0,6,0) L=-6 H=6 hist=dfs1 UNAVAILABLE
EVAL state=(357,0,6,0) L=-6 H=6 hist=dfs2 len=18 val=null nodes=5000000
EVAL state=(358,0,6,0) L=-6 H=6 hist=bfs len=8 val=null nodes=5000000
EVAL state=(358,0,6,0) L=-6 H=6 hist=dfs1 len=24 val=null nodes=5000000
EVAL state=(358,0,6,0) L=-6 H=6 hist=dfs2 len=8 val=null nodes=5000000
EVAL state=(359,0,6,0) L=-6 H=6 hist=bfs len=6 val=null nodes=5000000
EVAL state=(359,0,6,0) L=-6 H=6 hist=dfs1 UNAVAILABLE
EVAL state=(359,0,6,0) L=-6 H=6 hist=dfs2 len=24 val=null nodes=5000000
EVAL state=(366,0,6,0) L=-6 H=6 hist=bfs len=8 val=null nodes=5000000
EVAL state=(366,0,6,0) L=-6 H=6 hist=dfs1 len=24 val=null nodes=5000000
EVAL state=(366,0,6,0) L=-6 H=6 hist=dfs2 UNAVAILABLE
EVAL state=(375,0,6,0) L=-6 H=6 hist=bfs len=6 val=null nodes=5000000
EVAL state=(375,0,6,0) L=-6 H=6 hist=dfs1 UNAVAILABLE
EVAL state=(375,0,6,0) L=-6 H=6 hist=dfs2 UNAVAILABLE
EVAL state=(415,0,6,0) L=-6 H=6 hist=bfs len=6 val=null nodes=5000000
EVAL state=(415,0,6,0) L=-6 H=6 hist=dfs1 len=24 val=null nodes=5000000
EVAL state=(415,0,6,0) L=-6 H=6 hist=dfs2 UNAVAILABLE
EVAL state=(418,0,6,0) L=-6 H=6 hist=bfs len=8 val=null nodes=5000000
EVAL state=(418,0,6,0) L=-6 H=6 hist=dfs1 UNAVAILABLE
EVAL state=(418,0,6,0) L=-6 H=6 hist=dfs2 len=24 val=null nodes=5000000
EVAL state=(442,0,6,0) L=-6 H=6 hist=bfs len=8 val=null nodes=5000000
EVAL state=(442,0,6,0) L=-6 H=6 hist=dfs1 len=24 val=null nodes=5000000
EVAL state=(442,0,6,0) L=-6 H=6 hist=dfs2 UNAVAILABLE
EVAL state=(469,0,6,0) L=-6 H=6 hist=bfs len=6 val=null nodes=5000000
EVAL state=(469,0,6,0) L=-6 H=6 hist=dfs1 UNAVAILABLE
EVAL state=(469,0,6,0) L=-6 H=6 hist=dfs2 len=24 val=null nodes=5000000
EVAL state=(471,0,6,0) L=-6 H=6 hist=bfs len=6 val=null nodes=5000000
EVAL state=(471,0,6,0) L=-6 H=6 hist=dfs1 len=24 val=null nodes=5000000
EVAL state=(471,0,6,0) L=-6 H=6 hist=dfs2 UNAVAILABLE
EVAL state=(506,0,6,0) L=-6 H=6 hist=bfs len=6 val=null nodes=5000000
EVAL state=(506,0,6,0) L=-6 H=6 hist=dfs1 len=24 val=null nodes=5000000
EVAL state=(506,0,6,0) L=-6 H=6 hist=dfs2 UNAVAILABLE
EVAL state=(512,0,6,0) L=-6 H=6 hist=bfs len=8 val=null nodes=5000000
EVAL state=(512,0,6,0) L=-6 H=6 hist=dfs1 UNAVAILABLE
EVAL state=(512,0,6,0) L=-6 H=6 hist=dfs2 UNAVAILABLE
EVAL state=(514,0,6,0) L=-6 H=6 hist=bfs len=4 val=null nodes=5000000
EVAL state=(514,0,6,0) L=-6 H=6 hist=dfs1 UNAVAILABLE
EVAL state=(514,0,6,0) L=-6 H=6 hist=dfs2 len=16 val=null nodes=5000000
EVAL state=(537,0,6,0) L=-6 H=6 hist=bfs len=6 val=null nodes=5000000
EVAL state=(537,0,6,0) L=-6 H=6 hist=dfs1 len=24 val=null nodes=5000000
EVAL state=(537,0,6,0) L=-6 H=6 hist=dfs2 len=22 val=null nodes=5000000
EVAL state=(539,0,6,0) L=-6 H=6 hist=bfs len=8 val=null nodes=5000000
EVAL state=(539,0,6,0) L=-6 H=6 hist=dfs1 len=24 val=null nodes=5000000
EVAL state=(539,0,6,0) L=-6 H=6 hist=dfs2 len=22 val=null nodes=5000000
EVAL state=(540,0,6,0) L=-6 H=6 hist=bfs len=4 val=null nodes=5000000
EVAL state=(540,0,6,0) L=-6 H=6 hist=dfs1 len=22 val=null nodes=5000000
EVAL state=(540,0,6,0) L=-6 H=6 hist=dfs2 len=24 val=null nodes=5000000
EVAL state=(542,0,6,0) L=-6 H=6 hist=bfs len=6 val=null nodes=5000000
EVAL state=(542,0,6,0) L=-6 H=6 hist=dfs1 UNAVAILABLE
EVAL state=(542,0,6,0) L=-6 H=6 hist=dfs2 len=24 val=null nodes=5000000
EVAL state=(558,0,6,0) L=-6 H=6 hist=bfs len=6 val=null nodes=5000000
EVAL state=(558,0,6,0) L=-6 H=6 hist=dfs1 len=24 val=null nodes=5000000
EVAL state=(558,0,6,0) L=-6 H=6 hist=dfs2 len=24 val=null nodes=5000000
EVAL state=(560,0,6,0) L=-6 H=6 hist=bfs len=8 val=null nodes=5000000
EVAL state=(560,0,6,0) L=-6 H=6 hist=dfs1 UNAVAILABLE
EVAL state=(560,0,6,0) L=-6 H=6 hist=dfs2 len=24 val=null nodes=5000000
EVAL state=(566,0,6,0) L=-6 H=6 hist=bfs len=10 val=null nodes=5000000
EVAL state=(566,0,6,0) L=-6 H=6 hist=dfs1 UNAVAILABLE
EVAL state=(566,0,6,0) L=-6 H=6 hist=dfs2 UNAVAILABLE
EVAL state=(593,0,6,0) L=-6 H=6 hist=bfs len=8 val=null nodes=5000000
EVAL state=(593,0,6,0) L=-6 H=6 hist=dfs1 UNAVAILABLE
EVAL state=(593,0,6,0) L=-6 H=6 hist=dfs2 len=24 val=null nodes=5000000
EVAL state=(648,0,6,0) L=-6 H=6 hist=bfs len=4 val=null nodes=5000000
EVAL state=(648,0,6,0) L=-6 H=6 hist=dfs1 len=22 val=null nodes=5000000
EVAL state=(648,0,6,0) L=-6 H=6 hist=dfs2 len=22 val=null nodes=5000000
EVAL state=(649,0,6,0) L=-6 H=6 hist=bfs len=4 val=null nodes=5000000
EVAL state=(649,0,6,0) L=-6 H=6 hist=dfs1 len=24 val=null nodes=5000000
EVAL state=(649,0,6,0) L=-6 H=6 hist=dfs2 len=20 val=null nodes=5000000
EVAL state=(651,0,6,0) L=-6 H=6 hist=bfs len=4 val=null nodes=5000000
EVAL state=(651,0,6,0) L=-6 H=6 hist=dfs1 len=24 val=null nodes=5000000
EVAL state=(651,0,6,0) L=-6 H=6 hist=dfs2 UNAVAILABLE
EVAL state=(652,0,6,0) L=-6 H=6 hist=bfs len=4 val=null nodes=5000000
EVAL state=(652,0,6,0) L=-6 H=6 hist=dfs1 UNAVAILABLE
EVAL state=(652,0,6,0) L=-6 H=6 hist=dfs2 UNAVAILABLE
EVAL state=(658,0,6,0) L=-6 H=6 hist=bfs len=4 val=null nodes=5000000
EVAL state=(658,0,6,0) L=-6 H=6 hist=dfs1 UNAVAILABLE
EVAL state=(658,0,6,0) L=-6 H=6 hist=dfs2 len=24 val=null nodes=5000000
EVAL state=(661,0,6,0) L=-6 H=6 hist=bfs len=6 val=null nodes=5000000
EVAL state=(661,0,6,0) L=-6 H=6 hist=dfs1 UNAVAILABLE
EVAL state=(661,0,6,0) L=-6 H=6 hist=dfs2 len=22 val=null nodes=5000000
EVAL state=(667,0,6,0) L=-6 H=6 hist=bfs len=6 val=null nodes=5000000
EVAL state=(667,0,6,0) L=-6 H=6 hist=dfs1 len=22 val=null nodes=5000000
EVAL state=(667,0,6,0) L=-6 H=6 hist=dfs2 len=22 val=null nodes=5000000
EVAL state=(679,0,6,0) L=-6 H=6 hist=bfs len=6 val=null nodes=5000000
EVAL state=(679,0,6,0) L=-6 H=6 hist=dfs1 len=24 val=null nodes=5000000
EVAL state=(679,0,6,0) L=-6 H=6 hist=dfs2 len=24 val=null nodes=5000000
EVAL state=(685,0,6,0) L=-6 H=6 hist=bfs len=6 val=null nodes=5000000
EVAL state=(685,0,6,0) L=-6 H=6 hist=dfs1 len=24 val=null nodes=5000000
EVAL state=(685,0,6,0) L=-6 H=6 hist=dfs2 UNAVAILABLE
# progress: 800 states, 352/1528 evals within budget, 210 states w/ value, 5892M nodes (x100 block 8)
EVAL state=(702,0,6,0) L=-6 H=6 hist=bfs len=6 val=null nodes=5000000
EVAL state=(702,0,6,0) L=-6 H=6 hist=dfs1 UNAVAILABLE
EVAL state=(702,0,6,0) L=-6 H=6 hist=dfs2 UNAVAILABLE
EVAL state=(703,0,6,0) L=-6 H=6 hist=bfs len=6 val=null nodes=5000000
EVAL state=(703,0,6,0) L=-6 H=6 hist=dfs1 UNAVAILABLE
EVAL state=(703,0,6,0) L=-6 H=6 hist=dfs2 len=24 val=null nodes=5000000
EVAL state=(704,0,6,0) L=-6 H=6 hist=bfs len=8 val=null nodes=5000000
EVAL state=(704,0,6,0) L=-6 H=6 hist=dfs1 len=24 val=null nodes=5000000
EVAL state=(704,0,6,0) L=-6 H=6 hist=dfs2 len=18 val=null nodes=5000000
EVAL state=(705,0,6,0) L=-6 H=6 hist=bfs len=6 val=null nodes=5000000
EVAL state=(705,0,6,0) L=-6 H=6 hist=dfs1 len=24 val=null nodes=5000000
EVAL state=(705,0,6,0) L=-6 H=6 hist=dfs2 len=24 val=null nodes=5000000
EVAL state=(706,0,6,0) L=-6 H=6 hist=bfs len=6 val=null nodes=5000000
EVAL state=(706,0,6,0) L=-6 H=6 hist=dfs1 len=24 val=null nodes=5000000
EVAL state=(706,0,6,0) L=-6 H=6 hist=dfs2 len=24 val=null nodes=5000000
EVAL state=(707,0,6,0) L=-6 H=6 hist=bfs len=8 val=null nodes=5000000
EVAL state=(707,0,6,0) L=-6 H=6 hist=dfs1 len=22 val=null nodes=5000000
EVAL state=(707,0,6,0) L=-6 H=6 hist=dfs2 len=24 val=null nodes=5000000
EVAL state=(711,0,6,0) L=-6 H=6 hist=bfs len=6 val=null nodes=5000000
EVAL state=(711,0,6,0) L=-6 H=6 hist=dfs1 len=22 val=null nodes=5000000
EVAL state=(711,0,6,0) L=-6 H=6 hist=dfs2 len=24 val=null nodes=5000000
EVAL state=(712,0,6,0) L=-6 H=6 hist=bfs len=6 val=null nodes=5000000
EVAL state=(712,0,6,0) L=-6 H=6 hist=dfs1 UNAVAILABLE
EVAL state=(712,0,6,0) L=-6 H=6 hist=dfs2 len=24 val=null nodes=5000000
EVAL state=(713,0,6,0) L=-6 H=6 hist=bfs len=8 val=null nodes=5000000
EVAL state=(713,0,6,0) L=-6 H=6 hist=dfs1 len=24 val=null nodes=5000000
EVAL state=(713,0,6,0) L=-6 H=6 hist=dfs2 len=22 val=null nodes=5000000
EVAL state=(714,0,6,0) L=-6 H=6 hist=bfs len=6 val=null nodes=5000000
EVAL state=(714,0,6,0) L=-6 H=6 hist=dfs1 len=24 val=null nodes=5000000
EVAL state=(714,0,6,0) L=-6 H=6 hist=dfs2 UNAVAILABLE
EVAL state=(720,0,6,0) L=-6 H=6 hist=bfs len=8 val=null nodes=5000000
EVAL state=(720,0,6,0) L=-6 H=6 hist=dfs1 UNAVAILABLE
EVAL state=(720,0,6,0) L=-6 H=6 hist=dfs2 len=24 val=null nodes=5000000
EVAL state=(721,0,6,0) L=-6 H=6 hist=bfs len=8 val=null nodes=5000000
EVAL state=(721,0,6,0) L=-6 H=6 hist=dfs1 len=22 val=null nodes=5000000
EVAL state=(721,0,6,0) L=-6 H=6 hist=dfs2 UNAVAILABLE
EVAL state=(722,0,6,0) L=-6 H=6 hist=bfs len=10 val=null nodes=5000000
EVAL state=(722,0,6,0) L=-6 H=6 hist=dfs1 len=24 val=null nodes=5000000
EVAL state=(722,0,6,0) L=-6 H=6 hist=dfs2 len=24 val=null nodes=5000000
EVAL state=(723,0,6,0) L=-6 H=6 hist=bfs len=8 val=null nodes=5000000
EVAL state=(723,0,6,0) L=-6 H=6 hist=dfs1 len=24 val=null nodes=5000000
EVAL state=(723,0,6,0) L=-6 H=6 hist=dfs2 len=22 val=null nodes=5000000
EVAL state=(0,1,0,0) L=-6 H=6 hist=bfs ARRIVAL-MISSING
EVAL state=(0,1,0,0) L=-6 H=6 hist=dfs1 UNAVAILABLE
EVAL state=(0,1,0,0) L=-6 H=6 hist=dfs2 UNAVAILABLE
EVAL state=(0,1,1,0) L=-6 H=6 hist=bfs ARRIVAL-MISSING
EVAL state=(0,1,1,0) L=-6 H=6 hist=dfs1 UNAVAILABLE
EVAL state=(0,1,1,0) L=-6 H=6 hist=dfs2 UNAVAILABLE
EVAL state=(0,1,2,0) L=-6 H=6 hist=bfs ARRIVAL-MISSING
EVAL state=(0,1,2,0) L=-6 H=6 hist=dfs1 UNAVAILABLE
EVAL state=(0,1,2,0) L=-6 H=6 hist=dfs2 UNAVAILABLE
EVAL state=(0,1,3,0) L=-6 H=6 hist=bfs ARRIVAL-MISSING
EVAL state=(0,1,3,0) L=-6 H=6 hist=dfs1 UNAVAILABLE
EVAL state=(0,1,3,0) L=-6 H=6 hist=dfs2 UNAVAILABLE
EVAL state=(0,1,4,0) L=-6 H=6 hist=bfs ARRIVAL-MISSING
EVAL state=(0,1,4,0) L=-6 H=6 hist=dfs1 UNAVAILABLE
EVAL state=(0,1,4,0) L=-6 H=6 hist=dfs2 UNAVAILABLE
EVAL state=(0,1,5,0) L=-6 H=6 hist=bfs ARRIVAL-MISSING
EVAL state=(0,1,5,0) L=-6 H=6 hist=dfs1 UNAVAILABLE
EVAL state=(0,1,5,0) L=-6 H=6 hist=dfs2 UNAVAILABLE
EVAL state=(0,1,6,0) L=-6 H=6 hist=bfs ARRIVAL-MISSING
EVAL state=(0,1,6,0) L=-6 H=6 hist=dfs1 UNAVAILABLE
EVAL state=(0,1,6,0) L=-6 H=6 hist=dfs2 UNAVAILABLE
EVAL state=(3,1,6,0) L=-6 H=6 hist=bfs len=1 val=null nodes=5000000
EVAL state=(3,1,6,0) L=-6 H=6 hist=dfs1 len=1 val=null nodes=5000000
EVAL state=(3,1,6,0) L=-6 H=6 hist=dfs2 len=1 val=null nodes=5000000
EVAL state=(4,1,6,0) L=-6 H=6 hist=bfs len=3 val=null nodes=5000000
EVAL state=(4,1,6,0) L=-6 H=6 hist=dfs1 UNAVAILABLE
EVAL state=(4,1,6,0) L=-6 H=6 hist=dfs2 len=21 val=null nodes=5000000
EVAL state=(10,1,6,0) L=-6 H=6 hist=bfs len=3 val=null nodes=5000000
EVAL state=(10,1,6,0) L=-6 H=6 hist=dfs1 UNAVAILABLE
EVAL state=(10,1,6,0) L=-6 H=6 hist=dfs2 len=23 val=null nodes=5000000
EVAL state=(12,1,6,0) L=-6 H=6 hist=bfs len=3 val=null nodes=5000000
EVAL state=(12,1,6,0) L=-6 H=6 hist=dfs1 len=23 val=null nodes=5000000
EVAL state=(12,1,6,0) L=-6 H=6 hist=dfs2 len=13 val=null nodes=5000000
EVAL state=(13,1,6,0) L=-6 H=6 hist=bfs len=5 val=null nodes=5000000
EVAL state=(13,1,6,0) L=-6 H=6 hist=dfs1 len=23 val=null nodes=5000000
EVAL state=(13,1,6,0) L=-6 H=6 hist=dfs2 UNAVAILABLE
EVAL state=(37,1,6,0) L=-6 H=6 hist=bfs len=5 val=null nodes=5000000
EVAL state=(37,1,6,0) L=-6 H=6 hist=dfs1 len=23 val=null nodes=5000000
EVAL state=(37,1,6,0) L=-6 H=6 hist=dfs2 UNAVAILABLE
EVAL state=(40,1,6,0) L=-6 H=6 hist=bfs len=7 val=null nodes=5000000
EVAL state=(40,1,6,0) L=-6 H=6 hist=dfs1 UNAVAILABLE
EVAL state=(40,1,6,0) L=-6 H=6 hist=dfs2 len=23 val=null nodes=5000000
EVAL state=(57,1,6,0) L=-6 H=6 hist=bfs len=3 val=null nodes=5000000
EVAL state=(57,1,6,0) L=-6 H=6 hist=dfs1 len=23 val=null nodes=5000000
EVAL state=(57,1,6,0) L=-6 H=6 hist=dfs2 UNAVAILABLE
EVAL state=(65,1,6,0) L=-6 H=6 hist=bfs len=5 val=null nodes=5000000
EVAL state=(65,1,6,0) L=-6 H=6 hist=dfs1 len=23 val=null nodes=5000000
EVAL state=(65,1,6,0) L=-6 H=6 hist=dfs2 len=13 val=null nodes=5000000
EVAL state=(66,1,6,0) L=-6 H=6 hist=bfs len=3 val=null nodes=5000000
EVAL state=(66,1,6,0) L=-6 H=6 hist=dfs1 len=23 val=null nodes=5000000
EVAL state=(66,1,6,0) L=-6 H=6 hist=dfs2 UNAVAILABLE
EVAL state=(67,1,6,0) L=-6 H=6 hist=bfs len=5 val=null nodes=5000000
EVAL state=(67,1,6,0) L=-6 H=6 hist=dfs1 len=23 val=null nodes=5000000
EVAL state=(67,1,6,0) L=-6 H=6 hist=dfs2 len=21 val=null nodes=5000000
EVAL state=(81,1,6,0) L=-6 H=6 hist=bfs len=1 val=null nodes=5000000
EVAL state=(81,1,6,0) L=-6 H=6 hist=dfs1 len=1 val=null nodes=5000000
EVAL state=(81,1,6,0) L=-6 H=6 hist=dfs2 len=1 val=null nodes=5000000
EVAL state=(83,1,6,0) L=-6 H=6 hist=bfs len=3 val=null nodes=5000000
EVAL state=(83,1,6,0) L=-6 H=6 hist=dfs1 len=23 val=null nodes=5000000
EVAL state=(83,1,6,0) L=-6 H=6 hist=dfs2 UNAVAILABLE
EVAL state=(87,1,6,0) L=-6 H=6 hist=bfs len=3 val=null nodes=5000000
EVAL state=(87,1,6,0) L=-6 H=6 hist=dfs1 len=21 val=null nodes=5000000
EVAL state=(87,1,6,0) L=-6 H=6 hist=dfs2 UNAVAILABLE
EVAL state=(89,1,6,0) L=-6 H=6 hist=bfs len=5 val=null nodes=5000000
EVAL state=(89,1,6,0) L=-6 H=6 hist=dfs1 len=23 val=null nodes=5000000
EVAL state=(89,1,6,0) L=-6 H=6 hist=dfs2 len=23 val=null nodes=5000000
EVAL state=(99,1,6,0) L=-6 H=6 hist=bfs len=3 val=null nodes=5000000
EVAL state=(99,1,6,0) L=-6 H=6 hist=dfs1 UNAVAILABLE
EVAL state=(99,1,6,0) L=-6 H=6 hist=dfs2 len=21 val=null nodes=5000000
EVAL state=(101,1,6,0) L=-6 H=6 hist=bfs len=5 val=null nodes=5000000
EVAL state=(101,1,6,0) L=-6 H=6 hist=dfs1 UNAVAILABLE
EVAL state=(101,1,6,0) L=-6 H=6 hist=dfs2 len=21 val=null nodes=5000000
EVAL state=(105,1,6,0) L=-6 H=6 hist=bfs len=5 val=null nodes=5000000
EVAL state=(105,1,6,0) L=-6 H=6 hist=dfs1 len=23 val=null nodes=5000000
EVAL state=(105,1,6,0) L=-6 H=6 hist=dfs2 UNAVAILABLE
EVAL state=(107,1,6,0) L=-6 H=6 hist=bfs len=7 val=null nodes=5000000
EVAL state=(107,1,6,0) L=-6 H=6 hist=dfs1 UNAVAILABLE
EVAL state=(107,1,6,0) L=-6 H=6 hist=dfs2 UNAVAILABLE
EVAL state=(108,1,6,0) L=-6 H=6 hist=bfs len=3 val=null nodes=5000000
EVAL state=(108,1,6,0) L=-6 H=6 hist=dfs1 len=23 val=null nodes=5000000
EVAL state=(108,1,6,0) L=-6 H=6 hist=dfs2 len=21 val=null nodes=5000000
EVAL state=(114,1,6,0) L=-6 H=6 hist=bfs len=3 val=null nodes=5000000
EVAL state=(114,1,6,0) L=-6 H=6 hist=dfs1 len=23 val=null nodes=5000000
EVAL state=(114,1,6,0) L=-6 H=6 hist=dfs2 UNAVAILABLE
EVAL state=(126,1,6,0) L=-6 H=6 hist=bfs len=3 val=null nodes=5000000
EVAL state=(126,1,6,0) L=-6 H=6 hist=dfs1 UNAVAILABLE
EVAL state=(126,1,6,0) L=-6 H=6 hist=dfs2 len=23 val=null nodes=5000000
EVAL state=(127,1,6,0) L=-6 H=6 hist=bfs len=5 val=null nodes=5000000
EVAL state=(127,1,6,0) L=-6 H=6 hist=dfs1 len=23 val=null nodes=5000000
EVAL state=(127,1,6,0) L=-6 H=6 hist=dfs2 len=23 val=null nodes=5000000
EVAL state=(128,1,6,0) L=-6 H=6 hist=bfs len=5 val=null nodes=5000000
EVAL state=(128,1,6,0) L=-6 H=6 hist=dfs1 UNAVAILABLE
EVAL state=(128,1,6,0) L=-6 H=6 hist=dfs2 UNAVAILABLE
EVAL state=(132,1,6,0) L=-6 H=6 hist=bfs len=5 val=null nodes=5000000
EVAL state=(132,1,6,0) L=-6 H=6 hist=dfs1 UNAVAILABLE
EVAL state=(132,1,6,0) L=-6 H=6 hist=dfs2 len=23 val=null nodes=5000000
EVAL state=(134,1,6,0) L=-6 H=6 hist=bfs len=7 val=null nodes=5000000
EVAL state=(134,1,6,0) L=-6 H=6 hist=dfs1 len=21 val=null nodes=5000000
EVAL state=(134,1,6,0) L=-6 H=6 hist=dfs2 UNAVAILABLE
EVAL state=(155,1,6,0) L=-6 H=6 hist=bfs len=7 val=null nodes=5000000
EVAL state=(155,1,6,0) L=-6 H=6 hist=dfs1 UNAVAILABLE
EVAL state=(155,1,6,0) L=-6 H=6 hist=dfs2 UNAVAILABLE
EVAL state=(161,1,6,0) L=-6 H=6 hist=bfs len=9 val=null nodes=5000000
EVAL state=(161,1,6,0) L=-6 H=6 hist=dfs1 UNAVAILABLE
EVAL state=(161,1,6,0) L=-6 H=6 hist=dfs2 len=23 val=null nodes=5000000
EVAL state=(165,1,6,0) L=-6 H=6 hist=bfs len=3 val=null nodes=5000000
EVAL state=(165,1,6,0) L=-6 H=6 hist=dfs1 UNAVAILABLE
EVAL state=(165,1,6,0) L=-6 H=6 hist=dfs2 len=19 val=null nodes=5000000
EVAL state=(166,1,6,0) L=-6 H=6 hist=bfs len=3 val=null nodes=5000000
EVAL state=(166,1,6,0) L=-6 H=6 hist=dfs1 len=23 val=null nodes=5000000
EVAL state=(166,1,6,0) L=-6 H=6 hist=dfs2 UNAVAILABLE
EVAL state=(174,1,6,0) L=-6 H=6 hist=bfs len=3 val=null nodes=5000000
EVAL state=(174,1,6,0) L=-6 H=6 hist=dfs1 len=23 val=null nodes=5000000
EVAL state=(174,1,6,0) L=-6 H=6 hist=dfs2 len=23 val=null nodes=5000000
EVAL state=(175,1,6,0) L=-6 H=6 hist=bfs len=5 val=null nodes=5000000
EVAL state=(175,1,6,0) L=-6 H=6 hist=dfs1 UNAVAILABLE
EVAL state=(175,1,6,0) L=-6 H=6 hist=dfs2 len=21 val=null nodes=5000000
EVAL state=(202,1,6,0) L=-6 H=6 hist=bfs len=7 val=null nodes=5000000
EVAL state=(202,1,6,0) L=-6 H=6 hist=dfs1 UNAVAILABLE
EVAL state=(202,1,6,0) L=-6 H=6 hist=dfs2 len=23 val=null nodes=5000000
EVAL state=(219,1,6,0) L=-6 H=6 hist=bfs len=5 val=null nodes=5000000
EVAL state=(219,1,6,0) L=-6 H=6 hist=dfs1 len=23 val=null nodes=5000000
EVAL state=(219,1,6,0) L=-6 H=6 hist=dfs2 len=21 val=null nodes=5000000
EVAL state=(228,1,6,0) L=-6 H=6 hist=bfs len=5 val=null nodes=5000000
EVAL state=(228,1,6,0) L=-6 H=6 hist=dfs1 UNAVAILABLE
EVAL state=(228,1,6,0) L=-6 H=6 hist=dfs2 len=23 val=null nodes=5000000
EVAL state=(229,1,6,0) L=-6 H=6 hist=bfs len=5 val=null nodes=5000000
EVAL state=(229,1,6,0) L=-6 H=6 hist=dfs1 len=23 val=null nodes=5000000
EVAL state=(229,1,6,0) L=-6 H=6 hist=dfs2 UNAVAILABLE
EVAL state=(230,1,6,0) L=-6 H=6 hist=bfs len=7 val=null nodes=5000000
EVAL state=(230,1,6,0) L=-6 H=6 hist=dfs1 len=23 val=null nodes=5000000
EVAL state=(230,1,6,0) L=-6 H=6 hist=dfs2 len=21 val=null nodes=5000000
EVAL state=(253,1,6,0) L=-6 H=6 hist=bfs len=5 val=null nodes=5000000
EVAL state=(253,1,6,0) L=-6 H=6 hist=dfs1 UNAVAILABLE
EVAL state=(253,1,6,0) L=-6 H=6 hist=dfs2 UNAVAILABLE
EVAL state=(256,1,6,0) L=-6 H=6 hist=bfs len=7 val=null nodes=5000000
EVAL state=(256,1,6,0) L=-6 H=6 hist=dfs1 UNAVAILABLE
EVAL state=(256,1,6,0) L=-6 H=6 hist=dfs2 len=23 val=null nodes=5000000
EVAL state=(270,1,6,0) L=-6 H=6 hist=bfs len=3 val=null nodes=5000000
EVAL state=(270,1,6,0) L=-6 H=6 hist=dfs1 len=13 val=null nodes=5000000
EVAL state=(270,1,6,0) L=-6 H=6 hist=dfs2 UNAVAILABLE
EVAL state=(271,1,6,0) L=-6 H=6 hist=bfs len=5 val=null nodes=5000000
EVAL state=(271,1,6,0) L=-6 H=6 hist=dfs1 len=23 val=null nodes=5000000
EVAL state=(271,1,6,0) L=-6 H=6 hist=dfs2 len=23 val=null nodes=5000000
EVAL state=(279,1,6,0) L=-6 H=6 hist=bfs len=5 val=null nodes=5000000
EVAL state=(279,1,6,0) L=-6 H=6 hist=dfs1 len=23 val=null nodes=5000000
EVAL state=(279,1,6,0) L=-6 H=6 hist=dfs2 len=23 val=null nodes=5000000
EVAL state=(280,1,6,0) L=-6 H=6 hist=bfs len=7 val=null nodes=5000000
EVAL state=(280,1,6,0) L=-6 H=6 hist=dfs1 UNAVAILABLE
EVAL state=(280,1,6,0) L=-6 H=6 hist=dfs2 UNAVAILABLE
EVAL state=(283,1,6,0) L=-6 H=6 hist=bfs len=9 val=null nodes=5000000
EVAL state=(283,1,6,0) L=-6 H=6 hist=dfs1 UNAVAILABLE
EVAL state=(283,1,6,0) L=-6 H=6 hist=dfs2 UNAVAILABLE
EVAL state=(299,1,6,0) L=-6 H=6 hist=bfs len=5 val=null nodes=5000000
EVAL state=(299,1,6,0) L=-6 H=6 hist=dfs1 len=23 val=null nodes=5000000
EVAL state=(299,1,6,0) L=-6 H=6 hist=dfs2 len=23 val=null nodes=5000000
EVAL state=(309,1,6,0) L=-6 H=6 hist=bfs len=5 val=null nodes=5000000
EVAL state=(309,1,6,0) L=-6 H=6 hist=dfs1 len=23 val=null nodes=5000000
EVAL state=(309,1,6,0) L=-6 H=6 hist=dfs2 len=23 val=null nodes=5000000
EVAL state=(310,1,6,0) L=-6 H=6 hist=bfs len=7 val=null nodes=5000000
EVAL state=(310,1,6,0) L=-6 H=6 hist=dfs1 len=21 val=null nodes=5000000
EVAL state=(310,1,6,0) L=-6 H=6 hist=dfs2 len=23 val=null nodes=5000000
EVAL state=(324,1,6,0) L=-6 H=6 hist=bfs len=3 val=null nodes=5000000
EVAL state=(324,1,6,0) L=-6 H=6 hist=dfs1 len=23 val=null nodes=5000000
EVAL state=(324,1,6,0) L=-6 H=6 hist=dfs2 len=23 val=null nodes=5000000
EVAL state=(326,1,6,0) L=-6 H=6 hist=bfs len=3 val=null nodes=5000000
EVAL state=(326,1,6,0) L=-6 H=6 hist=dfs1 UNAVAILABLE
EVAL state=(326,1,6,0) L=-6 H=6 hist=dfs2 UNAVAILABLE
EVAL state=(330,1,6,0) L=-6 H=6 hist=bfs len=3 val=null nodes=5000000
EVAL state=(330,1,6,0) L=-6 H=6 hist=dfs1 UNAVAILABLE
EVAL state=(330,1,6,0) L=-6 H=6 hist=dfs2 UNAVAILABLE
EVAL state=(332,1,6,0) L=-6 H=6 hist=bfs len=5 val=null nodes=5000000
EVAL state=(332,1,6,0) L=-6 H=6 hist=dfs1 UNAVAILABLE
EVAL state=(332,1,6,0) L=-6 H=6 hist=dfs2 UNAVAILABLE
EVAL state=(335,1,6,0) L=-6 H=6 hist=bfs len=5 val=null nodes=5000000
EVAL state=(335,1,6,0) L=-6 H=6 hist=dfs1 len=23 val=null nodes=5000000
EVAL state=(335,1,6,0) L=-6 H=6 hist=dfs2 len=23 val=null nodes=5000000
EVAL state=(344,1,6,0) L=-6 H=6 hist=bfs len=5 val=null nodes=5000000
EVAL state=(344,1,6,0) L=-6 H=6 hist=dfs1 UNAVAILABLE
EVAL state=(344,1,6,0) L=-6 H=6 hist=dfs2 UNAVAILABLE
EVAL state=(350,1,6,0) L=-6 H=6 hist=bfs len=7 val=null nodes=5000000
EVAL state=(350,1,6,0) L=-6 H=6 hist=dfs1 UNAVAILABLE
EVAL state=(350,1,6,0) L=-6 H=6 hist=dfs2 len=23 val=null nodes=5000000
EVAL state=(351,1,6,0) L=-6 H=6 hist=bfs len=5 val=null nodes=5000000
EVAL state=(351,1,6,0) L=-6 H=6 hist=dfs1 len=23 val=null nodes=5000000
EVAL state=(351,1,6,0) L=-6 H=6 hist=dfs2 UNAVAILABLE
EVAL state=(352,1,6,0) L=-6 H=6 hist=bfs len=7 val=null nodes=5000000
EVAL state=(352,1,6,0) L=-6 H=6 hist=dfs1 UNAVAILABLE
EVAL state=(352,1,6,0) L=-6 H=6 hist=dfs2 UNAVAILABLE
EVAL state=(353,1,6,0) L=-6 H=6 hist=bfs len=5 val=null nodes=5000000
EVAL state=(353,1,6,0) L=-6 H=6 hist=dfs1 UNAVAILABLE
EVAL state=(353,1,6,0) L=-6 H=6 hist=dfs2 UNAVAILABLE
EVAL state=(357,1,6,0) L=-6 H=6 hist=bfs len=5 val=null nodes=5000000
EVAL state=(357,1,6,0) L=-6 H=6 hist=dfs1 len=23 val=null nodes=5000000
EVAL state=(357,1,6,0) L=-6 H=6 hist=dfs2 len=23 val=null nodes=5000000
EVAL state=(358,1,6,0) L=-6 H=6 hist=bfs len=7 val=null nodes=5000000
EVAL state=(358,1,6,0) L=-6 H=6 hist=dfs1 len=23 val=null nodes=5000000
EVAL state=(358,1,6,0) L=-6 H=6 hist=dfs2 len=21 val=null nodes=5000000
EVAL state=(359,1,6,0) L=-6 H=6 hist=bfs len=5 val=null nodes=5000000
EVAL state=(359,1,6,0) L=-6 H=6 hist=dfs1 UNAVAILABLE
EVAL state=(359,1,6,0) L=-6 H=6 hist=dfs2 UNAVAILABLE
EVAL state=(360,1,6,0) L=-6 H=6 hist=bfs len=7 val=null nodes=5000000
EVAL state=(360,1,6,0) L=-6 H=6 hist=dfs1 len=23 val=null nodes=5000000
EVAL state=(360,1,6,0) L=-6 H=6 hist=dfs2 len=19 val=null nodes=5000000
EVAL state=(361,1,6,0) L=-6 H=6 hist=bfs len=9 val=null nodes=5000000
EVAL state=(361,1,6,0) L=-6 H=6 hist=dfs1 UNAVAILABLE
EVAL state=(361,1,6,0) L=-6 H=6 hist=dfs2 UNAVAILABLE
EVAL state=(362,1,6,0) L=-6 H=6 hist=bfs len=7 val=null nodes=5000000
EVAL state=(362,1,6,0) L=-6 H=6 hist=dfs1 len=23 val=null nodes=5000000
EVAL state=(362,1,6,0) L=-6 H=6 hist=dfs2 UNAVAILABLE
EVAL state=(366,1,6,0) L=-6 H=6 hist=bfs len=7 val=null nodes=5000000
EVAL state=(366,1,6,0) L=-6 H=6 hist=dfs1 len=21 val=null nodes=5000000
EVAL state=(366,1,6,0) L=-6 H=6 hist=dfs2 len=23 val=null nodes=5000000
EVAL state=(369,1,6,0) L=-6 H=6 hist=bfs len=5 val=null nodes=5000000
EVAL state=(369,1,6,0) L=-6 H=6 hist=dfs1 UNAVAILABLE
EVAL state=(369,1,6,0) L=-6 H=6 hist=dfs2 UNAVAILABLE
EVAL state=(370,1,6,0) L=-6 H=6 hist=bfs len=7 val=null nodes=5000000
EVAL state=(370,1,6,0) L=-6 H=6 hist=dfs1 len=19 val=null nodes=5000000
EVAL state=(370,1,6,0) L=-6 H=6 hist=dfs2 len=13 val=null nodes=5000000
EVAL state=(371,1,6,0) L=-6 H=6 hist=bfs len=5 val=null nodes=5000000
EVAL state=(371,1,6,0) L=-6 H=6 hist=dfs1 UNAVAILABLE
EVAL state=(371,1,6,0) L=-6 H=6 hist=dfs2 len=23 val=null nodes=5000000
EVAL state=(375,1,6,0) L=-6 H=6 hist=bfs len=5 val=null nodes=5000000
EVAL state=(375,1,6,0) L=-6 H=6 hist=dfs1 len=23 val=null nodes=5000000
EVAL state=(375,1,6,0) L=-6 H=6 hist=dfs2 UNAVAILABLE
EVAL state=(386,1,6,0) L=-6 H=6 hist=bfs len=7 val=null nodes=5000000
EVAL state=(386,1,6,0) L=-6 H=6 hist=dfs1 UNAVAILABLE
EVAL state=(386,1,6,0) L=-6 H=6 hist=dfs2 len=23 val=null nodes=5000000
EVAL state=(398,1,6,0) L=-6 H=6 hist=bfs len=7 val=null nodes=5000000
EVAL state=(398,1,6,0) L=-6 H=6 hist=dfs1 len=23 val=null nodes=5000000
EVAL state=(398,1,6,0) L=-6 H=6 hist=dfs2 len=23 val=null nodes=5000000
EVAL state=(418,1,6,0) L=-6 H=6 hist=bfs len=7 val=null nodes=5000000
EVAL state=(418,1,6,0) L=-6 H=6 hist=dfs1 len=23 val=null nodes=5000000
EVAL state=(418,1,6,0) L=-6 H=6 hist=dfs2 UNAVAILABLE
EVAL state=(489,1,6,0) L=-6 H=6 hist=bfs len=3 val=null nodes=5000000
EVAL state=(489,1,6,0) L=-6 H=6 hist=dfs1 len=23 val=null nodes=5000000
EVAL state=(489,1,6,0) L=-6 H=6 hist=dfs2 UNAVAILABLE
EVAL state=(490,1,6,0) L=-6 H=6 hist=bfs len=3 val=null nodes=5000000
EVAL state=(490,1,6,0) L=-6 H=6 hist=dfs1 UNAVAILABLE
EVAL state=(490,1,6,0) L=-6 H=6 hist=dfs2 UNAVAILABLE
EVAL state=(499,1,6,0) L=-6 H=6 hist=bfs len=5 val=null nodes=5000000
EVAL state=(499,1,6,0) L=-6 H=6 hist=dfs1 len=23 val=null nodes=5000000
EVAL state=(499,1,6,0) L=-6 H=6 hist=dfs2 UNAVAILABLE
EVAL state=(505,1,6,0) L=-6 H=6 hist=bfs len=5 val=null nodes=5000000
EVAL state=(505,1,6,0) L=-6 H=6 hist=dfs1 UNAVAILABLE
EVAL state=(505,1,6,0) L=-6 H=6 hist=dfs2 UNAVAILABLE
EVAL state=(517,1,6,0) L=-6 H=6 hist=bfs len=5 val=null nodes=5000000
EVAL state=(517,1,6,0) L=-6 H=6 hist=dfs1 len=23 val=null nodes=5000000
EVAL state=(517,1,6,0) L=-6 H=6 hist=dfs2 len=23 val=null nodes=5000000
EVAL state=(526,1,6,0) L=-6 H=6 hist=bfs len=7 val=null nodes=5000000
EVAL state=(526,1,6,0) L=-6 H=6 hist=dfs1 UNAVAILABLE
EVAL state=(526,1,6,0) L=-6 H=6 hist=dfs2 len=21 val=null nodes=5000000
EVAL state=(531,1,6,0) L=-6 H=6 hist=bfs len=5 val=null nodes=5000000
EVAL state=(531,1,6,0) L=-6 H=6 hist=dfs1 len=23 val=null nodes=5000000
EVAL state=(531,1,6,0) L=-6 H=6 hist=dfs2 UNAVAILABLE
EVAL state=(543,1,6,0) L=-6 H=6 hist=bfs len=5 val=null nodes=5000000
EVAL state=(543,1,6,0) L=-6 H=6 hist=dfs1 UNAVAILABLE
EVAL state=(543,1,6,0) L=-6 H=6 hist=dfs2 UNAVAILABLE
# progress: 900 states, 352/1728 evals within budget, 210 states w/ value, 6892M nodes (x100 block 9)
EVAL state=(544,1,6,0) L=-6 H=6 hist=bfs len=5 val=null nodes=5000000
EVAL state=(544,1,6,0) L=-6 H=6 hist=dfs1 len=23 val=null nodes=5000000
EVAL state=(544,1,6,0) L=-6 H=6 hist=dfs2 len=23 val=null nodes=5000000
EVAL state=(545,1,6,0) L=-6 H=6 hist=bfs len=7 val=null nodes=5000000
EVAL state=(545,1,6,0) L=-6 H=6 hist=dfs1 UNAVAILABLE
EVAL state=(545,1,6,0) L=-6 H=6 hist=dfs2 UNAVAILABLE
EVAL state=(552,1,6,0) L=-6 H=6 hist=bfs len=5 val=null nodes=5000000
EVAL state=(552,1,6,0) L=-6 H=6 hist=dfs1 UNAVAILABLE
EVAL state=(552,1,6,0) L=-6 H=6 hist=dfs2 UNAVAILABLE
EVAL state=(553,1,6,0) L=-6 H=6 hist=bfs len=5 val=null nodes=5000000
EVAL state=(553,1,6,0) L=-6 H=6 hist=dfs1 UNAVAILABLE
EVAL state=(553,1,6,0) L=-6 H=6 hist=dfs2 len=23 val=null nodes=5000000
EVAL state=(554,1,6,0) L=-6 H=6 hist=bfs len=7 val=null nodes=5000000
EVAL state=(554,1,6,0) L=-6 H=6 hist=dfs1 len=23 val=null nodes=5000000
EVAL state=(554,1,6,0) L=-6 H=6 hist=dfs2 len=21 val=null nodes=5000000
EVAL state=(561,1,6,0) L=-6 H=6 hist=bfs len=7 val=null nodes=5000000
EVAL state=(561,1,6,0) L=-6 H=6 hist=dfs1 len=23 val=null nodes=5000000
EVAL state=(561,1,6,0) L=-6 H=6 hist=dfs2 len=23 val=null nodes=5000000
EVAL state=(562,1,6,0) L=-6 H=6 hist=bfs len=7 val=null nodes=5000000
EVAL state=(562,1,6,0) L=-6 H=6 hist=dfs1 UNAVAILABLE
EVAL state=(562,1,6,0) L=-6 H=6 hist=dfs2 len=23 val=null nodes=5000000
EVAL state=(563,1,6,0) L=-6 H=6 hist=bfs len=9 val=null nodes=5000000
EVAL state=(563,1,6,0) L=-6 H=6 hist=dfs1 UNAVAILABLE
EVAL state=(563,1,6,0) L=-6 H=6 hist=dfs2 len=21 val=null nodes=5000000
EVAL state=(587,1,6,0) L=-6 H=6 hist=bfs len=7 val=null nodes=5000000
EVAL state=(587,1,6,0) L=-6 H=6 hist=dfs1 UNAVAILABLE
EVAL state=(587,1,6,0) L=-6 H=6 hist=dfs2 UNAVAILABLE
EVAL state=(593,1,6,0) L=-6 H=6 hist=bfs len=9 val=null nodes=5000000
EVAL state=(593,1,6,0) L=-6 H=6 hist=dfs1 UNAVAILABLE
EVAL state=(593,1,6,0) L=-6 H=6 hist=dfs2 UNAVAILABLE
EVAL state=(614,1,6,0) L=-6 H=6 hist=bfs len=7 val=null nodes=5000000
EVAL state=(614,1,6,0) L=-6 H=6 hist=dfs1 UNAVAILABLE
EVAL state=(614,1,6,0) L=-6 H=6 hist=dfs2 len=23 val=null nodes=5000000
EVAL state=(618,1,6,0) L=-6 H=6 hist=bfs len=7 val=null nodes=5000000
EVAL state=(618,1,6,0) L=-6 H=6 hist=dfs1 len=15 val=null nodes=5000000
EVAL state=(618,1,6,0) L=-6 H=6 hist=dfs2 UNAVAILABLE
EVAL state=(641,1,6,0) L=-6 H=6 hist=bfs len=9 val=null nodes=5000000
EVAL state=(641,1,6,0) L=-6 H=6 hist=dfs1 UNAVAILABLE
EVAL state=(641,1,6,0) L=-6 H=6 hist=dfs2 UNAVAILABLE
EVAL state=(651,1,6,0) L=-6 H=6 hist=bfs len=5 val=null nodes=5000000
EVAL state=(651,1,6,0) L=-6 H=6 hist=dfs1 UNAVAILABLE
EVAL state=(651,1,6,0) L=-6 H=6 hist=dfs2 len=23 val=null nodes=5000000
EVAL state=(652,1,6,0) L=-6 H=6 hist=bfs len=5 val=null nodes=5000000
EVAL state=(652,1,6,0) L=-6 H=6 hist=dfs1 UNAVAILABLE
EVAL state=(652,1,6,0) L=-6 H=6 hist=dfs2 UNAVAILABLE
EVAL state=(661,1,6,0) L=-6 H=6 hist=bfs len=5 val=null nodes=5000000
EVAL state=(661,1,6,0) L=-6 H=6 hist=dfs1 len=23 val=null nodes=5000000
EVAL state=(661,1,6,0) L=-6 H=6 hist=dfs2 len=23 val=null nodes=5000000
EVAL state=(670,1,6,0) L=-6 H=6 hist=bfs len=7 val=null nodes=5000000
EVAL state=(670,1,6,0) L=-6 H=6 hist=dfs1 UNAVAILABLE
EVAL state=(670,1,6,0) L=-6 H=6 hist=dfs2 UNAVAILABLE
EVAL state=(705,1,6,0) L=-6 H=6 hist=bfs len=7 val=null nodes=5000000
EVAL state=(705,1,6,0) L=-6 H=6 hist=dfs1 len=21 val=null nodes=5000000
EVAL state=(705,1,6,0) L=-6 H=6 hist=dfs2 UNAVAILABLE
EVAL state=(706,1,6,0) L=-6 H=6 hist=bfs len=7 val=null nodes=5000000
EVAL state=(706,1,6,0) L=-6 H=6 hist=dfs1 UNAVAILABLE
EVAL state=(706,1,6,0) L=-6 H=6 hist=dfs2 UNAVAILABLE
EVAL state=(707,1,6,0) L=-6 H=6 hist=bfs len=9 val=null nodes=5000000
EVAL state=(707,1,6,0) L=-6 H=6 hist=dfs1 UNAVAILABLE
EVAL state=(707,1,6,0) L=-6 H=6 hist=dfs2 UNAVAILABLE
EVAL state=(714,1,6,0) L=-6 H=6 hist=bfs len=7 val=null nodes=5000000
EVAL state=(714,1,6,0) L=-6 H=6 hist=dfs1 len=23 val=null nodes=5000000
EVAL state=(714,1,6,0) L=-6 H=6 hist=dfs2 UNAVAILABLE
EVAL state=(723,1,6,0) L=-6 H=6 hist=bfs len=9 val=null nodes=5000000
EVAL state=(723,1,6,0) L=-6 H=6 hist=dfs1 UNAVAILABLE
EVAL state=(723,1,6,0) L=-6 H=6 hist=dfs2 UNAVAILABLE
EVAL state=(169,0,6,1) L=-3 H=-3 hist=bfs len=6 val=-3 nodes=14
EVAL state=(169,0,6,1) L=-3 H=-3 hist=dfs1 len=22 val=-3 nodes=15
EVAL state=(169,0,6,1) L=-3 H=-3 hist=dfs2 len=24 val=-3 nodes=14
EVAL state=(177,0,6,1) L=-3 H=-3 hist=bfs len=6 val=-3 nodes=14
EVAL state=(177,0,6,1) L=-3 H=-3 hist=dfs1 len=24 val=-3 nodes=14
EVAL state=(177,0,6,1) L=-3 H=-3 hist=dfs2 len=24 val=-3 nodes=14
EVAL state=(179,0,6,1) L=-3 H=-3 hist=bfs len=8 val=-3 nodes=2
EVAL state=(179,0,6,1) L=-3 H=-3 hist=dfs1 len=24 val=-3 nodes=2
EVAL state=(179,0,6,1) L=-3 H=-3 hist=dfs2 UNAVAILABLE
EVAL state=(187,0,6,1) L=-3 H=-3 hist=bfs len=8 val=-3 nodes=2
EVAL state=(187,0,6,1) L=-3 H=-3 hist=dfs1 len=24 val=-3 nodes=2
EVAL state=(187,0,6,1) L=-3 H=-3 hist=dfs2 len=24 val=-3 nodes=2
EVAL state=(195,0,6,1) L=-3 H=-3 hist=bfs len=6 val=-3 nodes=14
EVAL state=(195,0,6,1) L=-3 H=-3 hist=dfs1 len=24 val=-3 nodes=14
EVAL state=(195,0,6,1) L=-3 H=-3 hist=dfs2 len=24 val=-3 nodes=14
EVAL state=(213,0,6,1) L=-3 H=-3 hist=bfs len=8 val=-3 nodes=2
EVAL state=(213,0,6,1) L=-3 H=-3 hist=dfs1 UNAVAILABLE
EVAL state=(213,0,6,1) L=-3 H=-3 hist=dfs2 len=24 val=-3 nodes=2
EVAL state=(231,0,6,1) L=-3 H=-3 hist=bfs len=8 val=-3 nodes=2
EVAL state=(231,0,6,1) L=-3 H=-3 hist=dfs1 UNAVAILABLE
EVAL state=(231,0,6,1) L=-3 H=-3 hist=dfs2 UNAVAILABLE
EVAL state=(233,0,6,1) L=-3 H=-3 hist=bfs len=10 val=null nodes=5000000
EVAL state=(233,0,6,1) L=-3 H=-3 hist=dfs1 UNAVAILABLE
EVAL state=(233,0,6,1) L=-3 H=-3 hist=dfs2 UNAVAILABLE
EVAL state=(235,0,6,1) L=-3 H=-3 hist=bfs len=8 val=-3 nodes=2
EVAL state=(235,0,6,1) L=-3 H=-3 hist=dfs1 len=24 val=-3 nodes=2
EVAL state=(235,0,6,1) L=-3 H=-3 hist=dfs2 UNAVAILABLE
EVAL state=(321,0,6,1) L=-3 H=-3 hist=bfs len=8 val=-3 nodes=2
EVAL state=(321,0,6,1) L=-3 H=-3 hist=dfs1 len=24 val=-3 nodes=2
EVAL state=(321,0,6,1) L=-3 H=-3 hist=dfs2 UNAVAILABLE
EVAL state=(411,0,6,1) L=-3 H=-3 hist=bfs len=6 val=-3 nodes=14
EVAL state=(411,0,6,1) L=-3 H=-3 hist=dfs1 len=24 val=-3 nodes=14
EVAL state=(411,0,6,1) L=-3 H=-3 hist=dfs2 len=24 val=-3 nodes=14
EVAL state=(413,0,6,1) L=-3 H=-3 hist=bfs len=8 val=-3 nodes=2
EVAL state=(413,0,6,1) L=-3 H=-3 hist=dfs1 UNAVAILABLE
EVAL state=(413,0,6,1) L=-3 H=-3 hist=dfs2 UNAVAILABLE
EVAL state=(465,0,6,1) L=-3 H=-3 hist=bfs len=8 val=-3 nodes=2
EVAL state=(465,0,6,1) L=-3 H=-3 hist=dfs1 len=24 val=-3 nodes=2
EVAL state=(465,0,6,1) L=-3 H=-3 hist=dfs2 len=24 val=-3 nodes=2
EVAL state=(467,0,6,1) L=-3 H=-3 hist=bfs len=10 val=null nodes=5000000
EVAL state=(467,0,6,1) L=-3 H=-3 hist=dfs1 len=22 val=null nodes=5000000
EVAL state=(467,0,6,1) L=-3 H=-3 hist=dfs2 UNAVAILABLE
EVAL state=(521,0,6,1) L=-3 H=-3 hist=bfs len=8 val=-3 nodes=2
EVAL state=(521,0,6,1) L=-3 H=-3 hist=dfs1 len=22 val=-3 nodes=2
EVAL state=(521,0,6,1) L=-3 H=-3 hist=dfs2 UNAVAILABLE
EVAL state=(655,0,6,1) L=-3 H=-3 hist=bfs len=8 val=-3 nodes=2
EVAL state=(655,0,6,1) L=-3 H=-3 hist=dfs1 len=18 val=-3 nodes=2
EVAL state=(655,0,6,1) L=-3 H=-3 hist=dfs2 len=18 val=-3 nodes=2
EVAL state=(659,0,6,1) L=-3 H=-3 hist=bfs len=8 val=-3 nodes=2
EVAL state=(659,0,6,1) L=-3 H=-3 hist=dfs1 len=24 val=-3 nodes=2
EVAL state=(659,0,6,1) L=-3 H=-3 hist=dfs2 UNAVAILABLE
EVAL state=(673,0,6,1) L=-3 H=-3 hist=bfs len=10 val=null nodes=5000000
EVAL state=(673,0,6,1) L=-3 H=-3 hist=dfs1 UNAVAILABLE
EVAL state=(673,0,6,1) L=-3 H=-3 hist=dfs2 len=22 val=null nodes=5000000
EVAL state=(681,0,6,1) L=-3 H=-3 hist=bfs len=8 val=-3 nodes=2
EVAL state=(681,0,6,1) L=-3 H=-3 hist=dfs1 UNAVAILABLE
EVAL state=(681,0,6,1) L=-3 H=-3 hist=dfs2 UNAVAILABLE
EVAL state=(699,0,6,1) L=-3 H=-3 hist=bfs len=10 val=null nodes=5000000
EVAL state=(699,0,6,1) L=-3 H=-3 hist=dfs1 UNAVAILABLE
EVAL state=(699,0,6,1) L=-3 H=-3 hist=dfs2 len=18 val=null nodes=5000000
EVAL state=(161,0,6,1) L=-3 H=6 hist=bfs len=10 val=null nodes=5000000
EVAL state=(161,0,6,1) L=-3 H=6 hist=dfs1 UNAVAILABLE
EVAL state=(161,0,6,1) L=-3 H=6 hist=dfs2 UNAVAILABLE
EVAL state=(323,0,6,1) L=-3 H=6 hist=bfs len=10 val=null nodes=5000000
EVAL state=(323,0,6,1) L=-3 H=6 hist=dfs1 UNAVAILABLE
EVAL state=(323,0,6,1) L=-3 H=6 hist=dfs2 UNAVAILABLE
EVAL state=(539,0,6,1) L=-3 H=6 hist=bfs len=10 val=null nodes=5000000
EVAL state=(539,0,6,1) L=-3 H=6 hist=dfs1 UNAVAILABLE
EVAL state=(539,0,6,1) L=-3 H=6 hist=dfs2 len=18 val=null nodes=5000000
EVAL state=(593,0,6,1) L=-3 H=6 hist=bfs len=10 val=null nodes=5000000
EVAL state=(593,0,6,1) L=-3 H=6 hist=dfs1 UNAVAILABLE
EVAL state=(593,0,6,1) L=-3 H=6 hist=dfs2 UNAVAILABLE
EVAL state=(707,0,6,1) L=-3 H=6 hist=bfs len=10 val=null nodes=5000000
EVAL state=(707,0,6,1) L=-3 H=6 hist=dfs1 UNAVAILABLE
EVAL state=(707,0,6,1) L=-3 H=6 hist=dfs2 UNAVAILABLE
EVAL state=(713,0,6,1) L=-3 H=6 hist=bfs len=10 val=null nodes=5000000
EVAL state=(713,0,6,1) L=-3 H=6 hist=dfs1 len=18 val=null nodes=5000000
EVAL state=(713,0,6,1) L=-3 H=6 hist=dfs2 UNAVAILABLE
EVAL state=(721,0,6,1) L=-3 H=6 hist=bfs len=10 val=null nodes=5000000
EVAL state=(721,0,6,1) L=-3 H=6 hist=dfs1 UNAVAILABLE
EVAL state=(721,0,6,1) L=-3 H=6 hist=dfs2 len=22 val=null nodes=5000000
EVAL state=(723,0,6,1) L=-3 H=6 hist=bfs len=10 val=null nodes=5000000
EVAL state=(723,0,6,1) L=-3 H=6 hist=dfs1 UNAVAILABLE
EVAL state=(723,0,6,1) L=-3 H=6 hist=dfs2 UNAVAILABLE
EVAL state=(69,0,6,1) L=-2 H=-2 hist=bfs len=6 val=null nodes=5000000
EVAL state=(69,0,6,1) L=-2 H=-2 hist=dfs1 UNAVAILABLE
EVAL state=(69,0,6,1) L=-2 H=-2 hist=dfs2 len=24 val=null nodes=5000000
EVAL state=(173,0,6,1) L=-2 H=-2 hist=bfs len=6 val=null nodes=5000000
EVAL state=(173,0,6,1) L=-2 H=-2 hist=dfs1 len=24 val=null nodes=5000000
EVAL state=(173,0,6,1) L=-2 H=-2 hist=dfs2 len=24 val=null nodes=5000000
EVAL state=(181,0,6,1) L=-2 H=-2 hist=bfs len=6 val=null nodes=5000000
EVAL state=(181,0,6,1) L=-2 H=-2 hist=dfs1 len=20 val=null nodes=5000000
EVAL state=(181,0,6,1) L=-2 H=-2 hist=dfs2 UNAVAILABLE
EVAL state=(207,0,6,1) L=-2 H=-2 hist=bfs len=6 val=-2 nodes=50
EVAL state=(207,0,6,1) L=-2 H=-2 hist=dfs1 UNAVAILABLE
EVAL state=(207,0,6,1) L=-2 H=-2 hist=dfs2 len=24 val=-2 nodes=50
EVAL state=(303,0,6,1) L=-2 H=-2 hist=bfs len=6 val=null nodes=5000000
EVAL state=(303,0,6,1) L=-2 H=-2 hist=dfs1 len=24 val=null nodes=5000000
EVAL state=(303,0,6,1) L=-2 H=-2 hist=dfs2 len=24 val=null nodes=5000000
EVAL state=(407,0,6,1) L=-2 H=-2 hist=bfs len=6 val=-2 nodes=50
EVAL state=(407,0,6,1) L=-2 H=-2 hist=dfs1 UNAVAILABLE
EVAL state=(407,0,6,1) L=-2 H=-2 hist=dfs2 UNAVAILABLE
EVAL state=(493,0,6,1) L=-2 H=-2 hist=bfs len=6 val=null nodes=5000000
EVAL state=(493,0,6,1) L=-2 H=-2 hist=dfs1 UNAVAILABLE
EVAL state=(493,0,6,1) L=-2 H=-2 hist=dfs2 len=24 val=null nodes=5000000
EVAL state=(519,0,6,1) L=-2 H=-2 hist=bfs len=6 val=null nodes=5000000
EVAL state=(519,0,6,1) L=-2 H=-2 hist=dfs1 len=24 val=null nodes=5000000
EVAL state=(519,0,6,1) L=-2 H=-2 hist=dfs2 len=22 val=null nodes=5000000
EVAL state=(53,0,6,1) L=-2 H=6 hist=bfs len=8 val=null nodes=5000000
EVAL state=(53,0,6,1) L=-2 H=6 hist=dfs1 UNAVAILABLE
EVAL state=(53,0,6,1) L=-2 H=6 hist=dfs2 len=24 val=null nodes=5000000
EVAL state=(107,0,6,1) L=-2 H=6 hist=bfs len=8 val=null nodes=5000000
EVAL state=(107,0,6,1) L=-2 H=6 hist=dfs1 UNAVAILABLE
EVAL state=(107,0,6,1) L=-2 H=6 hist=dfs2 len=22 val=null nodes=5000000
EVAL state=(227,0,6,1) L=-2 H=6 hist=bfs len=8 val=null nodes=5000000
EVAL state=(227,0,6,1) L=-2 H=6 hist=dfs1 len=22 val=null nodes=5000000
EVAL state=(227,0,6,1) L=-2 H=6 hist=dfs2 len=24 val=null nodes=5000000
EVAL state=(269,0,6,1) L=-2 H=6 hist=bfs len=8 val=null nodes=5000000
EVAL state=(269,0,6,1) L=-2 H=6 hist=dfs1 UNAVAILABLE
EVAL state=(269,0,6,1) L=-2 H=6 hist=dfs2 len=20 val=null nodes=5000000
EVAL state=(305,0,6,1) L=-2 H=6 hist=bfs len=8 val=null nodes=5000000
EVAL state=(305,0,6,1) L=-2 H=6 hist=dfs1 UNAVAILABLE
EVAL state=(305,0,6,1) L=-2 H=6 hist=dfs2 UNAVAILABLE
EVAL state=(537,0,6,1) L=-2 H=6 hist=bfs len=8 val=null nodes=5000000
EVAL state=(537,0,6,1) L=-2 H=6 hist=dfs1 len=20 val=0 nodes=11
EVAL state=(537,0,6,1) L=-2 H=6 hist=dfs2 len=24 val=null nodes=5000000
EVAL state=(667,0,6,1) L=-2 H=6 hist=bfs len=8 val=null nodes=5000000
EVAL state=(667,0,6,1) L=-2 H=6 hist=dfs1 UNAVAILABLE
EVAL state=(667,0,6,1) L=-2 H=6 hist=dfs2 len=24 val=null nodes=5000000
EVAL state=(703,0,6,1) L=-2 H=6 hist=bfs len=8 val=null nodes=5000000
EVAL state=(703,0,6,1) L=-2 H=6 hist=dfs1 len=24 val=null nodes=5000000
EVAL state=(703,0,6,1) L=-2 H=6 hist=dfs2 len=24 val=null nodes=5000000
EVAL state=(705,0,6,1) L=-2 H=6 hist=bfs len=8 val=null nodes=5000000
EVAL state=(705,0,6,1) L=-2 H=6 hist=dfs1 UNAVAILABLE
EVAL state=(705,0,6,1) L=-2 H=6 hist=dfs2 UNAVAILABLE
EVAL state=(711,0,6,1) L=-2 H=6 hist=bfs len=8 val=null nodes=5000000
EVAL state=(711,0,6,1) L=-2 H=6 hist=dfs1 len=20 val=null nodes=5000000
EVAL state=(711,0,6,1) L=-2 H=6 hist=dfs2 len=24 val=null nodes=5000000
EVAL state=(17,0,6,1) L=-1 H=-1 hist=bfs len=6 val=null nodes=5000000
EVAL state=(17,0,6,1) L=-1 H=-1 hist=dfs1 UNAVAILABLE
EVAL state=(17,0,6,1) L=-1 H=-1 hist=dfs2 UNAVAILABLE
EVAL state=(25,0,6,1) L=-1 H=-1 hist=bfs len=6 val=null nodes=5000000
EVAL state=(25,0,6,1) L=-1 H=-1 hist=dfs1 UNAVAILABLE
EVAL state=(25,0,6,1) L=-1 H=-1 hist=dfs2 len=22 val=null nodes=5000000
EVAL state=(35,0,6,1) L=-1 H=-1 hist=bfs len=6 val=null nodes=5000000
EVAL state=(35,0,6,1) L=-1 H=-1 hist=dfs1 len=24 val=null nodes=5000000
EVAL state=(35,0,6,1) L=-1 H=-1 hist=dfs2 len=24 val=null nodes=5000000
EVAL state=(208,0,6,1) L=-1 H=-1 hist=bfs len=6 val=-1 nodes=2
EVAL state=(208,0,6,1) L=-1 H=-1 hist=dfs1 len=24 val=-1 nodes=2
EVAL state=(208,0,6,1) L=-1 H=-1 hist=dfs2 UNAVAILABLE
EVAL state=(217,0,6,1) L=-1 H=-1 hist=bfs len=6 val=null nodes=5000000
EVAL state=(217,0,6,1) L=-1 H=-1 hist=dfs1 len=24 val=null nodes=5000000
EVAL state=(217,0,6,1) L=-1 H=-1 hist=dfs2 UNAVAILABLE
EVAL state=(267,0,6,1) L=-1 H=-1 hist=bfs len=6 val=null nodes=5000000
EVAL state=(267,0,6,1) L=-1 H=-1 hist=dfs1 UNAVAILABLE
EVAL state=(267,0,6,1) L=-1 H=-1 hist=dfs2 UNAVAILABLE
EVAL state=(312,0,6,1) L=-1 H=-1 hist=bfs len=6 val=-1 nodes=2
EVAL state=(312,0,6,1) L=-1 H=-1 hist=dfs1 UNAVAILABLE
EVAL state=(312,0,6,1) L=-1 H=-1 hist=dfs2 UNAVAILABLE
EVAL state=(416,0,6,1) L=-1 H=-1 hist=bfs len=6 val=-1 nodes=2
EVAL state=(416,0,6,1) L=-1 H=-1 hist=dfs1 len=24 val=-1 nodes=2
EVAL state=(416,0,6,1) L=-1 H=-1 hist=dfs2 UNAVAILABLE
EVAL state=(459,0,6,1) L=-1 H=-1 hist=bfs len=6 val=null nodes=5000000
EVAL state=(459,0,6,1) L=-1 H=-1 hist=dfs1 UNAVAILABLE
EVAL state=(459,0,6,1) L=-1 H=-1 hist=dfs2 len=24 val=null nodes=5000000
EVAL state=(520,0,6,1) L=-1 H=-1 hist=bfs len=6 val=-1 nodes=2
EVAL state=(520,0,6,1) L=-1 H=-1 hist=dfs1 len=24 val=-1 nodes=2
EVAL state=(520,0,6,1) L=-1 H=-1 hist=dfs2 UNAVAILABLE
EVAL state=(657,0,6,1) L=-1 H=-1 hist=bfs len=6 val=null nodes=5000000
EVAL state=(657,0,6,1) L=-1 H=-1 hist=dfs1 UNAVAILABLE
EVAL state=(657,0,6,1) L=-1 H=-1 hist=dfs2 len=24 val=null nodes=5000000
EVAL state=(675,0,6,1) L=-1 H=-1 hist=bfs len=6 val=null nodes=5000000
EVAL state=(675,0,6,1) L=-1 H=-1 hist=dfs1 UNAVAILABLE
EVAL state=(675,0,6,1) L=-1 H=-1 hist=dfs2 UNAVAILABLE
EVAL state=(59,1,6,1) L=-1 H=-1 hist=bfs len=5 val=null nodes=5000000
EVAL state=(59,1,6,1) L=-1 H=-1 hist=dfs1 UNAVAILABLE
EVAL state=(59,1,6,1) L=-1 H=-1 hist=dfs2 len=21 val=null nodes=5000000
EVAL state=(75,1,6,1) L=-1 H=-1 hist=bfs len=5 val=null nodes=5000000
EVAL state=(75,1,6,1) L=-1 H=-1 hist=dfs1 UNAVAILABLE
EVAL state=(75,1,6,1) L=-1 H=-1 hist=dfs2 UNAVAILABLE
EVAL state=(137,1,6,1) L=-1 H=-1 hist=bfs len=5 val=null nodes=5000000
EVAL state=(137,1,6,1) L=-1 H=-1 hist=dfs1 len=23 val=null nodes=5000000
EVAL state=(137,1,6,1) L=-1 H=-1 hist=dfs2 len=23 val=null nodes=5000000
EVAL state=(153,1,6,1) L=-1 H=-1 hist=bfs len=5 val=null nodes=5000000
EVAL state=(153,1,6,1) L=-1 H=-1 hist=dfs1 UNAVAILABLE
EVAL state=(153,1,6,1) L=-1 H=-1 hist=dfs2 UNAVAILABLE
EVAL state=(491,1,6,1) L=-1 H=-1 hist=bfs len=5 val=null nodes=5000000
EVAL state=(491,1,6,1) L=-1 H=-1 hist=dfs1 len=23 val=null nodes=5000000
EVAL state=(491,1,6,1) L=-1 H=-1 hist=dfs2 UNAVAILABLE
EVAL state=(507,1,6,1) L=-1 H=-1 hist=bfs len=5 val=null nodes=5000000
EVAL state=(507,1,6,1) L=-1 H=-1 hist=dfs1 len=23 val=null nodes=5000000
EVAL state=(507,1,6,1) L=-1 H=-1 hist=dfs2 UNAVAILABLE
EVAL state=(569,1,6,1) L=-1 H=-1 hist=bfs len=5 val=null nodes=5000000
EVAL state=(569,1,6,1) L=-1 H=-1 hist=dfs1 UNAVAILABLE
EVAL state=(569,1,6,1) L=-1 H=-1 hist=dfs2 UNAVAILABLE
EVAL state=(585,1,6,1) L=-1 H=-1 hist=bfs len=5 val=null nodes=5000000
EVAL state=(585,1,6,1) L=-1 H=-1 hist=dfs1 UNAVAILABLE
EVAL state=(585,1,6,1) L=-1 H=-1 hist=dfs2 UNAVAILABLE
EVAL state=(51,0,6,1) L=-1 H=6 hist=bfs len=6 val=null nodes=5000000
EVAL state=(51,0,6,1) L=-1 H=6 hist=dfs1 len=22 val=null nodes=5000000
EVAL state=(51,0,6,1) L=-1 H=6 hist=dfs2 UNAVAILABLE
EVAL state=(89,0,6,1) L=-1 H=6 hist=bfs len=6 val=null nodes=5000000
EVAL state=(89,0,6,1) L=-1 H=6 hist=dfs1 UNAVAILABLE
EVAL state=(89,0,6,1) L=-1 H=6 hist=dfs2 len=22 val=null nodes=5000000
EVAL state=(105,0,6,1) L=-1 H=6 hist=bfs len=6 val=null nodes=5000000
EVAL state=(105,0,6,1) L=-1 H=6 hist=dfs1 len=24 val=null nodes=5000000
EVAL state=(105,0,6,1) L=-1 H=6 hist=dfs2 UNAVAILABLE
EVAL state=(134,0,6,1) L=-1 H=6 hist=bfs len=8 val=null nodes=5000000
EVAL state=(134,0,6,1) L=-1 H=6 hist=dfs1 UNAVAILABLE
EVAL state=(134,0,6,1) L=-1 H=6 hist=dfs2 len=22 val=null nodes=5000000
EVAL state=(219,0,6,1) L=-1 H=6 hist=bfs len=6 val=null nodes=5000000
EVAL state=(219,0,6,1) L=-1 H=6 hist=dfs1 len=24 val=null nodes=5000000
EVAL state=(219,0,6,1) L=-1 H=6 hist=dfs2 len=24 val=null nodes=5000000
EVAL state=(225,0,6,1) L=-1 H=6 hist=bfs len=6 val=null nodes=5000000
EVAL state=(225,0,6,1) L=-1 H=6 hist=dfs1 UNAVAILABLE
EVAL state=(225,0,6,1) L=-1 H=6 hist=dfs2 UNAVAILABLE
EVAL state=(251,0,6,1) L=-1 H=6 hist=bfs len=6 val=null nodes=5000000
EVAL state=(251,0,6,1) L=-1 H=6 hist=dfs1 len=24 val=null nodes=5000000
EVAL state=(251,0,6,1) L=-1 H=6 hist=dfs2 UNAVAILABLE
EVAL state=(296,0,6,1) L=-1 H=6 hist=bfs len=8 val=null nodes=5000000
EVAL state=(296,0,6,1) L=-1 H=6 hist=dfs1 len=24 val=null nodes=5000000
EVAL state=(296,0,6,1) L=-1 H=6 hist=dfs2 UNAVAILABLE
EVAL state=(350,0,6,1) L=-1 H=6 hist=bfs len=8 val=null nodes=5000000
EVAL state=(350,0,6,1) L=-1 H=6 hist=dfs1 len=24 val=null nodes=5000000
EVAL state=(350,0,6,1) L=-1 H=6 hist=dfs2 UNAVAILABLE
EVAL state=(649,0,6,1) L=-1 H=6 hist=bfs len=6 val=null nodes=5000000
EVAL state=(649,0,6,1) L=-1 H=6 hist=dfs1 UNAVAILABLE
EVAL state=(649,0,6,1) L=-1 H=6 hist=dfs2 len=20 val=null nodes=5000000
EVAL state=(651,0,6,1) L=-1 H=6 hist=bfs len=6 val=null nodes=5000000
EVAL state=(651,0,6,1) L=-1 H=6 hist=dfs1 UNAVAILABLE
EVAL state=(651,0,6,1) L=-1 H=6 hist=dfs2 len=24 val=null nodes=5000000
EVAL state=(706,0,6,1) L=-1 H=6 hist=bfs len=8 val=null nodes=5000000
EVAL state=(706,0,6,1) L=-1 H=6 hist=dfs1 UNAVAILABLE
EVAL state=(706,0,6,1) L=-1 H=6 hist=dfs2 UNAVAILABLE
# progress: 1000 states, 399/1917 evals within budget, 233 states w/ value, 7602M nodes (x100 block 10)
EVAL state=(712,0,6,1) L=-1 H=6 hist=bfs len=8 val=null nodes=5000000
EVAL state=(712,0,6,1) L=-1 H=6 hist=dfs1 UNAVAILABLE
EVAL state=(712,0,6,1) L=-1 H=6 hist=dfs2 UNAVAILABLE
EVAL state=(714,0,6,1) L=-1 H=6 hist=bfs len=8 val=null nodes=5000000
EVAL state=(714,0,6,1) L=-1 H=6 hist=dfs1 UNAVAILABLE
EVAL state=(714,0,6,1) L=-1 H=6 hist=dfs2 UNAVAILABLE
EVAL state=(308,0,6,0) L=0 H=0 hist=bfs len=4 val=null nodes=5000000
EVAL state=(308,0,6,0) L=0 H=0 hist=dfs1 len=24 val=null nodes=5000000
EVAL state=(308,0,6,0) L=0 H=0 hist=dfs2 UNAVAILABLE
EVAL state=(532,0,6,0) L=0 H=0 hist=bfs len=4 val=null nodes=5000000
EVAL state=(532,0,6,0) L=0 H=0 hist=dfs1 len=18 val=null nodes=5000000
EVAL state=(532,0,6,0) L=0 H=0 hist=dfs2 len=24 val=null nodes=5000000
EVAL state=(308,1,6,0) L=0 H=0 hist=bfs len=5 val=null nodes=5000000
EVAL state=(308,1,6,0) L=0 H=0 hist=dfs1 UNAVAILABLE
EVAL state=(308,1,6,0) L=0 H=0 hist=dfs2 UNAVAILABLE
EVAL state=(532,1,6,0) L=0 H=0 hist=bfs len=5 val=null nodes=5000000
EVAL state=(532,1,6,0) L=0 H=0 hist=dfs1 UNAVAILABLE
EVAL state=(532,1,6,0) L=0 H=0 hist=dfs2 UNAVAILABLE
EVAL state=(7,0,6,1) L=0 H=0 hist=bfs len=4 val=null nodes=5000000
EVAL state=(7,0,6,1) L=0 H=0 hist=dfs1 UNAVAILABLE
EVAL state=(7,0,6,1) L=0 H=0 hist=dfs2 len=22 val=null nodes=5000000
EVAL state=(15,0,6,1) L=0 H=0 hist=bfs len=4 val=null nodes=5000000
EVAL state=(15,0,6,1) L=0 H=0 hist=dfs1 UNAVAILABLE
EVAL state=(15,0,6,1) L=0 H=0 hist=dfs2 len=24 val=null nodes=5000000
EVAL state=(52,0,6,1) L=0 H=0 hist=bfs len=6 val=null nodes=5000000
EVAL state=(52,0,6,1) L=0 H=0 hist=dfs1 len=24 val=null nodes=5000000
EVAL state=(52,0,6,1) L=0 H=0 hist=dfs2 UNAVAILABLE
EVAL state=(178,0,6,1) L=0 H=0 hist=bfs len=6 val=0 nodes=2
EVAL state=(178,0,6,1) L=0 H=0 hist=dfs1 len=24 val=0 nodes=2
EVAL state=(178,0,6,1) L=0 H=0 hist=dfs2 len=24 val=0 nodes=2
EVAL state=(189,0,6,1) L=0 H=0 hist=bfs len=4 val=null nodes=5000000
EVAL state=(189,0,6,1) L=0 H=0 hist=dfs1 UNAVAILABLE
EVAL state=(189,0,6,1) L=0 H=0 hist=dfs2 UNAVAILABLE
EVAL state=(204,0,6,1) L=0 H=0 hist=bfs len=6 val=0 nodes=2
EVAL state=(204,0,6,1) L=0 H=0 hist=dfs1 len=24 val=0 nodes=2
EVAL state=(204,0,6,1) L=0 H=0 hist=dfs2 UNAVAILABLE
EVAL state=(260,0,6,1) L=0 H=0 hist=bfs len=6 val=null nodes=5000000
EVAL state=(260,0,6,1) L=0 H=0 hist=dfs1 len=24 val=null nodes=5000000
EVAL state=(260,0,6,1) L=0 H=0 hist=dfs2 UNAVAILABLE
EVAL state=(308,0,6,1) L=0 H=0 hist=bfs len=6 val=null nodes=5000000
EVAL state=(308,0,6,1) L=0 H=0 hist=dfs1 UNAVAILABLE
EVAL state=(308,0,6,1) L=0 H=0 hist=dfs2 UNAVAILABLE
EVAL state=(405,0,6,1) L=0 H=0 hist=bfs len=4 val=null nodes=5000000
EVAL state=(405,0,6,1) L=0 H=0 hist=dfs1 UNAVAILABLE
EVAL state=(405,0,6,1) L=0 H=0 hist=dfs2 UNAVAILABLE
EVAL state=(412,0,6,1) L=0 H=0 hist=bfs len=6 val=0 nodes=2
EVAL state=(412,0,6,1) L=0 H=0 hist=dfs1 len=24 val=0 nodes=2
EVAL state=(412,0,6,1) L=0 H=0 hist=dfs2 UNAVAILABLE
EVAL state=(438,0,6,1) L=0 H=0 hist=bfs len=6 val=0 nodes=2
EVAL state=(438,0,6,1) L=0 H=0 hist=dfs1 len=24 val=0 nodes=2
EVAL state=(438,0,6,1) L=0 H=0 hist=dfs2 len=24 val=0 nodes=2
EVAL state=(468,0,6,1) L=0 H=0 hist=bfs len=6 val=null nodes=5000000
EVAL state=(468,0,6,1) L=0 H=0 hist=dfs1 UNAVAILABLE
EVAL state=(468,0,6,1) L=0 H=0 hist=dfs2 UNAVAILABLE
EVAL state=(532,0,6,1) L=0 H=0 hist=bfs len=6 val=null nodes=5000000
EVAL state=(532,0,6,1) L=0 H=0 hist=dfs1 len=24 val=null nodes=5000000
EVAL state=(532,0,6,1) L=0 H=0 hist=dfs2 len=24 val=null nodes=5000000
EVAL state=(676,0,6,1) L=0 H=0 hist=bfs len=6 val=null nodes=5000000
EVAL state=(676,0,6,1) L=0 H=0 hist=dfs1 len=24 val=null nodes=5000000
EVAL state=(676,0,6,1) L=0 H=0 hist=dfs2 UNAVAILABLE
EVAL state=(5,1,6,1) L=0 H=0 hist=bfs len=3 val=null nodes=5000000
EVAL state=(5,1,6,1) L=0 H=0 hist=dfs1 UNAVAILABLE
EVAL state=(5,1,6,1) L=0 H=0 hist=dfs2 UNAVAILABLE
EVAL state=(21,1,6,1) L=0 H=0 hist=bfs len=3 val=null nodes=5000000
EVAL state=(21,1,6,1) L=0 H=0 hist=dfs1 UNAVAILABLE
EVAL state=(21,1,6,1) L=0 H=0 hist=dfs2 UNAVAILABLE
EVAL state=(68,1,6,1) L=0 H=0 hist=bfs len=5 val=null nodes=5000000
EVAL state=(68,1,6,1) L=0 H=0 hist=dfs1 UNAVAILABLE
EVAL state=(68,1,6,1) L=0 H=0 hist=dfs2 UNAVAILABLE
EVAL state=(104,1,6,1) L=0 H=0 hist=bfs len=5 val=0 nodes=2
EVAL state=(104,1,6,1) L=0 H=0 hist=dfs1 UNAVAILABLE
EVAL state=(104,1,6,1) L=0 H=0 hist=dfs2 len=23 val=0 nodes=2
EVAL state=(135,1,6,1) L=0 H=0 hist=bfs len=3 val=null nodes=5000000
EVAL state=(135,1,6,1) L=0 H=0 hist=dfs1 len=21 val=null nodes=5000000
EVAL state=(135,1,6,1) L=0 H=0 hist=dfs2 UNAVAILABLE
EVAL state=(156,1,6,1) L=0 H=0 hist=bfs len=5 val=0 nodes=2
EVAL state=(156,1,6,1) L=0 H=0 hist=dfs1 UNAVAILABLE
EVAL state=(156,1,6,1) L=0 H=0 hist=dfs2 len=21 val=0 nodes=2
EVAL state=(308,1,6,1) L=0 H=0 hist=bfs len=5 val=null nodes=5000000
EVAL state=(308,1,6,1) L=0 H=0 hist=dfs1 UNAVAILABLE
EVAL state=(308,1,6,1) L=0 H=0 hist=dfs2 len=23 val=null nodes=5000000
EVAL state=(380,1,6,1) L=0 H=0 hist=bfs len=5 val=null nodes=5000000
EVAL state=(380,1,6,1) L=0 H=0 hist=dfs1 len=23 val=null nodes=5000000
EVAL state=(380,1,6,1) L=0 H=0 hist=dfs2 UNAVAILABLE
EVAL state=(508,1,6,1) L=0 H=0 hist=bfs len=5 val=null nodes=5000000
EVAL state=(508,1,6,1) L=0 H=0 hist=dfs1 UNAVAILABLE
EVAL state=(508,1,6,1) L=0 H=0 hist=dfs2 UNAVAILABLE
EVAL state=(532,1,6,1) L=0 H=0 hist=bfs len=5 val=null nodes=5000000
EVAL state=(532,1,6,1) L=0 H=0 hist=dfs1 UNAVAILABLE
EVAL state=(532,1,6,1) L=0 H=0 hist=dfs2 UNAVAILABLE
EVAL state=(567,1,6,1) L=0 H=0 hist=bfs len=3 val=null nodes=5000000
EVAL state=(567,1,6,1) L=0 H=0 hist=dfs1 UNAVAILABLE
EVAL state=(567,1,6,1) L=0 H=0 hist=dfs2 UNAVAILABLE
EVAL state=(572,1,6,1) L=0 H=0 hist=bfs len=5 val=0 nodes=2
EVAL state=(572,1,6,1) L=0 H=0 hist=dfs1 UNAVAILABLE
EVAL state=(572,1,6,1) L=0 H=0 hist=dfs2 len=23 val=0 nodes=2
EVAL state=(612,1,6,1) L=0 H=0 hist=bfs len=5 val=null nodes=5000000
EVAL state=(612,1,6,1) L=0 H=0 hist=dfs1 UNAVAILABLE
EVAL state=(612,1,6,1) L=0 H=0 hist=dfs2 UNAVAILABLE
EVAL state=(624,1,6,1) L=0 H=0 hist=bfs len=5 val=0 nodes=2
EVAL state=(624,1,6,1) L=0 H=0 hist=dfs1 len=23 val=0 nodes=2
EVAL state=(624,1,6,1) L=0 H=0 hist=dfs2 UNAVAILABLE
EVAL state=(0,0,0,1) L=0 H=6 hist=bfs ARRIVAL-MISSING
EVAL state=(0,0,0,1) L=0 H=6 hist=dfs1 UNAVAILABLE
EVAL state=(0,0,0,1) L=0 H=6 hist=dfs2 UNAVAILABLE
EVAL state=(0,0,1,1) L=0 H=6 hist=bfs ARRIVAL-MISSING
EVAL state=(0,0,1,1) L=0 H=6 hist=dfs1 UNAVAILABLE
EVAL state=(0,0,1,1) L=0 H=6 hist=dfs2 UNAVAILABLE
EVAL state=(0,0,2,1) L=0 H=6 hist=bfs ARRIVAL-MISSING
EVAL state=(0,0,2,1) L=0 H=6 hist=dfs1 UNAVAILABLE
EVAL state=(0,0,2,1) L=0 H=6 hist=dfs2 UNAVAILABLE
EVAL state=(0,0,3,1) L=0 H=6 hist=bfs ARRIVAL-MISSING
EVAL state=(0,0,3,1) L=0 H=6 hist=dfs1 UNAVAILABLE
EVAL state=(0,0,3,1) L=0 H=6 hist=dfs2 UNAVAILABLE
EVAL state=(0,0,4,1) L=0 H=6 hist=bfs ARRIVAL-MISSING
EVAL state=(0,0,4,1) L=0 H=6 hist=dfs1 UNAVAILABLE
EVAL state=(0,0,4,1) L=0 H=6 hist=dfs2 UNAVAILABLE
EVAL state=(0,0,5,1) L=0 H=6 hist=bfs ARRIVAL-MISSING
EVAL state=(0,0,5,1) L=0 H=6 hist=dfs1 UNAVAILABLE
EVAL state=(0,0,5,1) L=0 H=6 hist=dfs2 UNAVAILABLE
EVAL state=(0,0,6,1) L=0 H=6 hist=bfs ARRIVAL-MISSING
EVAL state=(0,0,6,1) L=0 H=6 hist=dfs1 UNAVAILABLE
EVAL state=(0,0,6,1) L=0 H=6 hist=dfs2 UNAVAILABLE
EVAL state=(33,0,6,1) L=0 H=6 hist=bfs len=4 val=null nodes=5000000
EVAL state=(33,0,6,1) L=0 H=6 hist=dfs1 UNAVAILABLE
EVAL state=(33,0,6,1) L=0 H=6 hist=dfs2 len=22 val=null nodes=5000000
EVAL state=(87,0,6,1) L=0 H=6 hist=bfs len=4 val=null nodes=5000000
EVAL state=(87,0,6,1) L=0 H=6 hist=dfs1 UNAVAILABLE
EVAL state=(87,0,6,1) L=0 H=6 hist=dfs2 len=24 val=null nodes=5000000
EVAL state=(132,0,6,1) L=0 H=6 hist=bfs len=6 val=null nodes=5000000
EVAL state=(132,0,6,1) L=0 H=6 hist=dfs1 len=24 val=null nodes=5000000
EVAL state=(132,0,6,1) L=0 H=6 hist=dfs2 len=24 val=null nodes=5000000
EVAL state=(163,0,6,1) L=0 H=6 hist=bfs len=4 val=null nodes=5000000
EVAL state=(163,0,6,1) L=0 H=6 hist=dfs1 UNAVAILABLE
EVAL state=(163,0,6,1) L=0 H=6 hist=dfs2 UNAVAILABLE
EVAL state=(165,0,6,1) L=0 H=6 hist=bfs len=4 val=null nodes=5000000
EVAL state=(165,0,6,1) L=0 H=6 hist=dfs1 UNAVAILABLE
EVAL state=(165,0,6,1) L=0 H=6 hist=dfs2 UNAVAILABLE
EVAL state=(171,0,6,1) L=0 H=6 hist=bfs len=4 val=null nodes=5000000
EVAL state=(171,0,6,1) L=0 H=6 hist=dfs1 UNAVAILABLE
EVAL state=(171,0,6,1) L=0 H=6 hist=dfs2 UNAVAILABLE
EVAL state=(226,0,6,1) L=0 H=6 hist=bfs len=6 val=null nodes=5000000
EVAL state=(226,0,6,1) L=0 H=6 hist=dfs1 len=22 val=null nodes=5000000
EVAL state=(226,0,6,1) L=0 H=6 hist=dfs2 len=24 val=null nodes=5000000
EVAL state=(228,0,6,1) L=0 H=6 hist=bfs len=6 val=null nodes=5000000
EVAL state=(228,0,6,1) L=0 H=6 hist=dfs1 len=24 val=null nodes=5000000
EVAL state=(228,0,6,1) L=0 H=6 hist=dfs2 len=22 val=null nodes=5000000
EVAL state=(249,0,6,1) L=0 H=6 hist=bfs len=4 val=null nodes=5000000
EVAL state=(249,0,6,1) L=0 H=6 hist=dfs1 UNAVAILABLE
EVAL state=(249,0,6,1) L=0 H=6 hist=dfs2 len=24 val=null nodes=5000000
EVAL state=(278,0,6,1) L=0 H=6 hist=bfs len=6 val=null nodes=5000000
EVAL state=(278,0,6,1) L=0 H=6 hist=dfs1 UNAVAILABLE
EVAL state=(278,0,6,1) L=0 H=6 hist=dfs2 UNAVAILABLE
EVAL state=(294,0,6,1) L=0 H=6 hist=bfs len=6 val=null nodes=5000000
EVAL state=(294,0,6,1) L=0 H=6 hist=dfs1 UNAVAILABLE
EVAL state=(294,0,6,1) L=0 H=6 hist=dfs2 UNAVAILABLE
EVAL state=(332,0,6,1) L=0 H=6 hist=bfs len=6 val=null nodes=5000000
EVAL state=(332,0,6,1) L=0 H=6 hist=dfs1 UNAVAILABLE
EVAL state=(332,0,6,1) L=0 H=6 hist=dfs2 len=24 val=null nodes=5000000
EVAL state=(652,0,6,1) L=0 H=6 hist=bfs len=6 val=null nodes=5000000
EVAL state=(652,0,6,1) L=0 H=6 hist=dfs1 UNAVAILABLE
EVAL state=(652,0,6,1) L=0 H=6 hist=dfs2 UNAVAILABLE
EVAL state=(658,0,6,1) L=0 H=6 hist=bfs len=6 val=null nodes=5000000
EVAL state=(658,0,6,1) L=0 H=6 hist=dfs1 UNAVAILABLE
EVAL state=(658,0,6,1) L=0 H=6 hist=dfs2 UNAVAILABLE
EVAL state=(34,0,6,1) L=1 H=1 hist=bfs len=4 val=null nodes=5000000
EVAL state=(34,0,6,1) L=1 H=1 hist=dfs1 len=22 val=null nodes=5000000
EVAL state=(34,0,6,1) L=1 H=1 hist=dfs2 len=24 val=null nodes=5000000
EVAL state=(42,0,6,1) L=1 H=1 hist=bfs len=4 val=null nodes=5000000
EVAL state=(42,0,6,1) L=1 H=1 hist=dfs1 UNAVAILABLE
EVAL state=(42,0,6,1) L=1 H=1 hist=dfs2 len=20 val=null nodes=5000000
EVAL state=(190,0,6,1) L=1 H=1 hist=bfs len=4 val=null nodes=5000000
EVAL state=(190,0,6,1) L=1 H=1 hist=dfs1 UNAVAILABLE
EVAL state=(190,0,6,1) L=1 H=1 hist=dfs2 UNAVAILABLE
EVAL state=(198,0,6,1) L=1 H=1 hist=bfs len=4 val=null nodes=5000000
EVAL state=(198,0,6,1) L=1 H=1 hist=dfs1 UNAVAILABLE
EVAL state=(198,0,6,1) L=1 H=1 hist=dfs2 len=20 val=1 nodes=575
EVAL state=(250,0,6,1) L=1 H=1 hist=bfs len=4 val=null nodes=5000000
EVAL state=(250,0,6,1) L=1 H=1 hist=dfs1 len=22 val=null nodes=5000000
EVAL state=(250,0,6,1) L=1 H=1 hist=dfs2 len=22 val=null nodes=5000000
EVAL state=(258,0,6,1) L=1 H=1 hist=bfs len=4 val=null nodes=5000000
EVAL state=(258,0,6,1) L=1 H=1 hist=dfs1 UNAVAILABLE
EVAL state=(258,0,6,1) L=1 H=1 hist=dfs2 UNAVAILABLE
EVAL state=(406,0,6,1) L=1 H=1 hist=bfs len=4 val=null nodes=5000000
EVAL state=(406,0,6,1) L=1 H=1 hist=dfs1 len=22 val=null nodes=5000000
EVAL state=(406,0,6,1) L=1 H=1 hist=dfs2 len=24 val=null nodes=5000000
EVAL state=(414,0,6,1) L=1 H=1 hist=bfs len=4 val=null nodes=5000000
EVAL state=(414,0,6,1) L=1 H=1 hist=dfs1 len=24 val=null nodes=5000000
EVAL state=(414,0,6,1) L=1 H=1 hist=dfs2 len=24 val=null nodes=5000000
EVAL state=(14,1,6,1) L=1 H=1 hist=bfs len=5 val=null nodes=5000000
EVAL state=(14,1,6,1) L=1 H=1 hist=dfs1 len=23 val=1 nodes=466
EVAL state=(14,1,6,1) L=1 H=1 hist=dfs2 UNAVAILABLE
EVAL state=(22,1,6,1) L=1 H=1 hist=bfs len=5 val=null nodes=5000000
EVAL state=(22,1,6,1) L=1 H=1 hist=dfs1 len=23 val=null nodes=5000000
EVAL state=(22,1,6,1) L=1 H=1 hist=dfs2 UNAVAILABLE
EVAL state=(58,1,6,1) L=1 H=1 hist=bfs len=5 val=null nodes=5000000
EVAL state=(58,1,6,1) L=1 H=1 hist=dfs1 UNAVAILABLE
EVAL state=(58,1,6,1) L=1 H=1 hist=dfs2 UNAVAILABLE
EVAL state=(110,1,6,1) L=1 H=1 hist=bfs len=5 val=null nodes=5000000
EVAL state=(110,1,6,1) L=1 H=1 hist=dfs1 UNAVAILABLE
EVAL state=(110,1,6,1) L=1 H=1 hist=dfs2 UNAVAILABLE
EVAL state=(146,1,6,1) L=1 H=1 hist=bfs len=5 val=1 nodes=2
EVAL state=(146,1,6,1) L=1 H=1 hist=dfs1 len=21 val=1 nodes=2
EVAL state=(146,1,6,1) L=1 H=1 hist=dfs2 UNAVAILABLE
EVAL state=(302,1,6,1) L=1 H=1 hist=bfs len=5 val=1 nodes=2
EVAL state=(302,1,6,1) L=1 H=1 hist=dfs1 len=23 val=1 nodes=2
EVAL state=(302,1,6,1) L=1 H=1 hist=dfs2 UNAVAILABLE
EVAL state=(342,1,6,1) L=1 H=1 hist=bfs len=5 val=null nodes=5000000
EVAL state=(342,1,6,1) L=1 H=1 hist=dfs1 UNAVAILABLE
EVAL state=(342,1,6,1) L=1 H=1 hist=dfs2 UNAVAILABLE
EVAL state=(378,1,6,1) L=1 H=1 hist=bfs len=5 val=null nodes=5000000
EVAL state=(378,1,6,1) L=1 H=1 hist=dfs1 UNAVAILABLE
EVAL state=(378,1,6,1) L=1 H=1 hist=dfs2 len=23 val=null nodes=5000000
EVAL state=(498,1,6,1) L=1 H=1 hist=bfs len=5 val=null nodes=5000000
EVAL state=(498,1,6,1) L=1 H=1 hist=dfs1 len=21 val=null nodes=5000000
EVAL state=(498,1,6,1) L=1 H=1 hist=dfs2 len=23 val=null nodes=5000000
EVAL state=(534,1,6,1) L=1 H=1 hist=bfs len=5 val=1 nodes=2
EVAL state=(534,1,6,1) L=1 H=1 hist=dfs1 UNAVAILABLE
EVAL state=(534,1,6,1) L=1 H=1 hist=dfs2 UNAVAILABLE
EVAL state=(586,1,6,1) L=1 H=1 hist=bfs len=5 val=1 nodes=2
EVAL state=(586,1,6,1) L=1 H=1 hist=dfs1 UNAVAILABLE
EVAL state=(586,1,6,1) L=1 H=1 hist=dfs2 UNAVAILABLE
EVAL state=(594,1,6,1) L=1 H=1 hist=bfs len=5 val=null nodes=5000000
EVAL state=(594,1,6,1) L=1 H=1 hist=dfs1 UNAVAILABLE
EVAL state=(594,1,6,1) L=1 H=1 hist=dfs2 UNAVAILABLE
EVAL state=(46,0,6,1) L=1 H=6 hist=bfs len=4 val=null nodes=5000000
EVAL state=(46,0,6,1) L=1 H=6 hist=dfs1 UNAVAILABLE
EVAL state=(46,0,6,1) L=1 H=6 hist=dfs2 len=24 val=null nodes=5000000
EVAL state=(114,0,6,1) L=1 H=6 hist=bfs len=4 val=null nodes=5000000
EVAL state=(114,0,6,1) L=1 H=6 hist=dfs1 len=22 val=null nodes=5000000
EVAL state=(114,0,6,1) L=1 H=6 hist=dfs2 len=24 val=null nodes=5000000
EVAL state=(133,0,6,1) L=1 H=6 hist=bfs len=6 val=null nodes=5000000
EVAL state=(133,0,6,1) L=1 H=6 hist=dfs1 len=20 val=null nodes=5000000
EVAL state=(133,0,6,1) L=1 H=6 hist=dfs2 len=22 val=null nodes=5000000
EVAL state=(166,0,6,1) L=1 H=6 hist=bfs len=4 val=null nodes=5000000
EVAL state=(166,0,6,1) L=1 H=6 hist=dfs1 len=24 val=null nodes=5000000
EVAL state=(166,0,6,1) L=1 H=6 hist=dfs2 len=24 val=null nodes=5000000
EVAL state=(172,0,6,1) L=1 H=6 hist=bfs len=4 val=null nodes=5000000
EVAL state=(172,0,6,1) L=1 H=6 hist=dfs1 len=24 val=null nodes=5000000
EVAL state=(172,0,6,1) L=1 H=6 hist=dfs2 UNAVAILABLE
EVAL state=(174,0,6,1) L=1 H=6 hist=bfs len=4 val=null nodes=5000000
EVAL state=(174,0,6,1) L=1 H=6 hist=dfs1 len=24 val=null nodes=5000000
EVAL state=(174,0,6,1) L=1 H=6 hist=dfs2 len=24 val=null nodes=5000000
EVAL state=(229,0,6,1) L=1 H=6 hist=bfs len=6 val=null nodes=5000000
EVAL state=(229,0,6,1) L=1 H=6 hist=dfs1 len=20 val=null nodes=5000000
EVAL state=(229,0,6,1) L=1 H=6 hist=dfs2 UNAVAILABLE
EVAL state=(254,0,6,1) L=1 H=6 hist=bfs len=4 val=null nodes=5000000
EVAL state=(254,0,6,1) L=1 H=6 hist=dfs1 UNAVAILABLE
EVAL state=(254,0,6,1) L=1 H=6 hist=dfs2 UNAVAILABLE
EVAL state=(276,0,6,1) L=1 H=6 hist=bfs len=4 val=null nodes=5000000
EVAL state=(276,0,6,1) L=1 H=6 hist=dfs1 UNAVAILABLE
EVAL state=(276,0,6,1) L=1 H=6 hist=dfs2 UNAVAILABLE
EVAL state=(287,0,6,1) L=1 H=6 hist=bfs len=6 val=null nodes=5000000
EVAL state=(287,0,6,1) L=1 H=6 hist=dfs1 UNAVAILABLE
EVAL state=(287,0,6,1) L=1 H=6 hist=dfs2 UNAVAILABLE
EVAL state=(295,0,6,1) L=1 H=6 hist=bfs len=6 val=null nodes=5000000
EVAL state=(295,0,6,1) L=1 H=6 hist=dfs1 len=20 val=null nodes=5000000
EVAL state=(295,0,6,1) L=1 H=6 hist=dfs2 UNAVAILABLE
EVAL state=(306,0,6,1) L=1 H=6 hist=bfs len=4 val=null nodes=5000000
EVAL state=(306,0,6,1) L=1 H=6 hist=dfs1 UNAVAILABLE
EVAL state=(306,0,6,1) L=1 H=6 hist=dfs2 len=24 val=null nodes=5000000
EVAL state=(330,0,6,1) L=1 H=6 hist=bfs len=4 val=null nodes=5000000
EVAL state=(330,0,6,1) L=1 H=6 hist=dfs1 UNAVAILABLE
EVAL state=(330,0,6,1) L=1 H=6 hist=dfs2 len=22 val=null nodes=5000000
EVAL state=(341,0,6,1) L=1 H=6 hist=bfs len=6 val=null nodes=5000000
EVAL state=(341,0,6,1) L=1 H=6 hist=dfs1 UNAVAILABLE
EVAL state=(341,0,6,1) L=1 H=6 hist=dfs2 UNAVAILABLE
EVAL state=(359,0,6,1) L=1 H=6 hist=bfs len=6 val=null nodes=5000000
EVAL state=(359,0,6,1) L=1 H=6 hist=dfs1 UNAVAILABLE
EVAL state=(359,0,6,1) L=1 H=6 hist=dfs2 len=24 val=null nodes=5000000
EVAL state=(375,0,6,1) L=1 H=6 hist=bfs len=6 val=null nodes=5000000
EVAL state=(375,0,6,1) L=1 H=6 hist=dfs1 UNAVAILABLE
EVAL state=(375,0,6,1) L=1 H=6 hist=dfs2 len=24 val=null nodes=5000000
EVAL state=(469,0,6,1) L=1 H=6 hist=bfs len=6 val=null nodes=5000000
EVAL state=(469,0,6,1) L=1 H=6 hist=dfs1 UNAVAILABLE
EVAL state=(469,0,6,1) L=1 H=6 hist=dfs2 len=24 val=null nodes=5000000
EVAL state=(471,0,6,1) L=1 H=6 hist=bfs len=6 val=null nodes=5000000
EVAL state=(471,0,6,1) L=1 H=6 hist=dfs1 len=24 val=null nodes=5000000
EVAL state=(471,0,6,1) L=1 H=6 hist=dfs2 UNAVAILABLE
EVAL state=(514,0,6,1) L=1 H=6 hist=bfs len=4 val=null nodes=5000000
EVAL state=(514,0,6,1) L=1 H=6 hist=dfs1 len=24 val=null nodes=5000000
EVAL state=(514,0,6,1) L=1 H=6 hist=dfs2 len=24 val=null nodes=5000000
EVAL state=(661,0,6,1) L=1 H=6 hist=bfs len=6 val=null nodes=5000000
EVAL state=(661,0,6,1) L=1 H=6 hist=dfs1 UNAVAILABLE
EVAL state=(661,0,6,1) L=1 H=6 hist=dfs2 UNAVAILABLE
EVAL state=(679,0,6,1) L=1 H=6 hist=bfs len=6 val=null nodes=5000000
EVAL state=(679,0,6,1) L=1 H=6 hist=dfs1 len=24 val=null nodes=5000000
EVAL state=(679,0,6,1) L=1 H=6 hist=dfs2 len=24 val=null nodes=5000000
EVAL state=(685,0,6,1) L=1 H=6 hist=bfs len=6 val=null nodes=5000000
EVAL state=(685,0,6,1) L=1 H=6 hist=dfs1 UNAVAILABLE
EVAL state=(685,0,6,1) L=1 H=6 hist=dfs2 UNAVAILABLE
EVAL state=(48,1,6,1) L=2 H=2 hist=bfs len=5 val=null nodes=5000000
EVAL state=(48,1,6,1) L=2 H=2 hist=dfs1 UNAVAILABLE
EVAL state=(48,1,6,1) L=2 H=2 hist=dfs2 UNAVAILABLE
EVAL state=(92,1,6,1) L=2 H=2 hist=bfs len=5 val=null nodes=5000000
EVAL state=(92,1,6,1) L=2 H=2 hist=dfs1 UNAVAILABLE
EVAL state=(92,1,6,1) L=2 H=2 hist=dfs2 UNAVAILABLE
EVAL state=(100,1,6,1) L=2 H=2 hist=bfs len=5 val=null nodes=5000000
EVAL state=(100,1,6,1) L=2 H=2 hist=dfs1 len=23 val=null nodes=5000000
EVAL state=(100,1,6,1) L=2 H=2 hist=dfs2 len=23 val=null nodes=5000000
# progress: 1100 states, 425/2084 evals within budget, 247 states w/ value, 8307M nodes (x100 block 11)
EVAL state=(144,1,6,1) L=2 H=2 hist=bfs len=5 val=2 nodes=50
EVAL state=(144,1,6,1) L=2 H=2 hist=dfs1 len=23 val=2 nodes=50
EVAL state=(144,1,6,1) L=2 H=2 hist=dfs2 len=21 val=2 nodes=50
EVAL state=(248,1,6,1) L=2 H=2 hist=bfs len=5 val=null nodes=5000000
EVAL state=(248,1,6,1) L=2 H=2 hist=dfs1 len=23 val=null nodes=5000000
EVAL state=(248,1,6,1) L=2 H=2 hist=dfs2 UNAVAILABLE
EVAL state=(300,1,6,1) L=2 H=2 hist=bfs len=5 val=null nodes=5000000
EVAL state=(300,1,6,1) L=2 H=2 hist=dfs1 UNAVAILABLE
EVAL state=(300,1,6,1) L=2 H=2 hist=dfs2 UNAVAILABLE
EVAL state=(516,1,6,1) L=2 H=2 hist=bfs len=5 val=null nodes=5000000
EVAL state=(516,1,6,1) L=2 H=2 hist=dfs1 UNAVAILABLE
EVAL state=(516,1,6,1) L=2 H=2 hist=dfs2 len=23 val=null nodes=5000000
EVAL state=(568,1,6,1) L=2 H=2 hist=bfs len=5 val=2 nodes=50
EVAL state=(568,1,6,1) L=2 H=2 hist=dfs1 len=23 val=2 nodes=46
EVAL state=(568,1,6,1) L=2 H=2 hist=dfs2 UNAVAILABLE
EVAL state=(175,0,6,1) L=2 H=6 hist=bfs len=6 val=null nodes=5000000
EVAL state=(175,0,6,1) L=2 H=6 hist=dfs1 len=24 val=null nodes=5000000
EVAL state=(175,0,6,1) L=2 H=6 hist=dfs2 len=22 val=null nodes=5000000
EVAL state=(199,0,6,1) L=2 H=6 hist=bfs len=6 val=null nodes=5000000
EVAL state=(199,0,6,1) L=2 H=6 hist=dfs1 UNAVAILABLE
EVAL state=(199,0,6,1) L=2 H=6 hist=dfs2 len=22 val=2 nodes=46
EVAL state=(277,0,6,1) L=2 H=6 hist=bfs len=6 val=null nodes=5000000
EVAL state=(277,0,6,1) L=2 H=6 hist=dfs1 UNAVAILABLE
EVAL state=(277,0,6,1) L=2 H=6 hist=dfs2 len=24 val=null nodes=5000000
EVAL state=(285,0,6,1) L=2 H=6 hist=bfs len=6 val=null nodes=5000000
EVAL state=(285,0,6,1) L=2 H=6 hist=dfs1 UNAVAILABLE
EVAL state=(285,0,6,1) L=2 H=6 hist=dfs2 len=24 val=null nodes=5000000
EVAL state=(357,0,6,1) L=2 H=6 hist=bfs len=6 val=null nodes=5000000
EVAL state=(357,0,6,1) L=2 H=6 hist=dfs1 len=22 val=null nodes=5000000
EVAL state=(357,0,6,1) L=2 H=6 hist=dfs2 UNAVAILABLE
EVAL state=(415,0,6,1) L=2 H=6 hist=bfs len=6 val=null nodes=5000000
EVAL state=(415,0,6,1) L=2 H=6 hist=dfs1 UNAVAILABLE
EVAL state=(415,0,6,1) L=2 H=6 hist=dfs2 len=24 val=null nodes=5000000
EVAL state=(86,1,6,1) L=3 H=3 hist=bfs len=5 val=3 nodes=14
EVAL state=(86,1,6,1) L=3 H=3 hist=dfs1 len=23 val=3 nodes=14
EVAL state=(86,1,6,1) L=3 H=3 hist=dfs2 len=23 val=3 nodes=14
EVAL state=(95,1,6,1) L=3 H=3 hist=bfs len=7 val=3 nodes=2
EVAL state=(95,1,6,1) L=3 H=3 hist=dfs1 UNAVAILABLE
EVAL state=(95,1,6,1) L=3 H=3 hist=dfs2 len=23 val=3 nodes=2
EVAL state=(102,1,6,1) L=3 H=3 hist=bfs len=5 val=3 nodes=14
EVAL state=(102,1,6,1) L=3 H=3 hist=dfs1 UNAVAILABLE
EVAL state=(102,1,6,1) L=3 H=3 hist=dfs2 len=23 val=3 nodes=14
EVAL state=(103,1,6,1) L=3 H=3 hist=bfs len=7 val=3 nodes=2
EVAL state=(103,1,6,1) L=3 H=3 hist=dfs1 UNAVAILABLE
EVAL state=(103,1,6,1) L=3 H=3 hist=dfs2 len=23 val=3 nodes=2
EVAL state=(119,1,6,1) L=3 H=3 hist=bfs len=7 val=3 nodes=2
EVAL state=(119,1,6,1) L=3 H=3 hist=dfs1 UNAVAILABLE
EVAL state=(119,1,6,1) L=3 H=3 hist=dfs2 UNAVAILABLE
EVAL state=(129,1,6,1) L=3 H=3 hist=bfs len=7 val=3 nodes=2
EVAL state=(129,1,6,1) L=3 H=3 hist=dfs1 UNAVAILABLE
EVAL state=(129,1,6,1) L=3 H=3 hist=dfs2 UNAVAILABLE
EVAL state=(130,1,6,1) L=3 H=3 hist=bfs len=9 val=null nodes=5000000
EVAL state=(130,1,6,1) L=3 H=3 hist=dfs1 UNAVAILABLE
EVAL state=(130,1,6,1) L=3 H=3 hist=dfs2 len=23 val=null nodes=5000000
EVAL state=(138,1,6,1) L=3 H=3 hist=bfs len=5 val=3 nodes=14
EVAL state=(138,1,6,1) L=3 H=3 hist=dfs1 UNAVAILABLE
EVAL state=(138,1,6,1) L=3 H=3 hist=dfs2 len=23 val=3 nodes=14
EVAL state=(147,1,6,1) L=3 H=3 hist=bfs len=7 val=3 nodes=2
EVAL state=(147,1,6,1) L=3 H=3 hist=dfs1 UNAVAILABLE
EVAL state=(147,1,6,1) L=3 H=3 hist=dfs2 UNAVAILABLE
EVAL state=(301,1,6,1) L=3 H=3 hist=bfs len=7 val=3 nodes=2
EVAL state=(301,1,6,1) L=3 H=3 hist=dfs1 UNAVAILABLE
EVAL state=(301,1,6,1) L=3 H=3 hist=dfs2 UNAVAILABLE
EVAL state=(329,1,6,1) L=3 H=3 hist=bfs len=7 val=3 nodes=2
EVAL state=(329,1,6,1) L=3 H=3 hist=dfs1 UNAVAILABLE
EVAL state=(329,1,6,1) L=3 H=3 hist=dfs2 len=7 val=3 nodes=2
EVAL state=(338,1,6,1) L=3 H=3 hist=bfs len=9 val=null nodes=5000000
EVAL state=(338,1,6,1) L=3 H=3 hist=dfs1 len=23 val=null nodes=5000000
EVAL state=(338,1,6,1) L=3 H=3 hist=dfs2 UNAVAILABLE
EVAL state=(343,1,6,1) L=3 H=3 hist=bfs len=7 val=3 nodes=2
EVAL state=(343,1,6,1) L=3 H=3 hist=dfs1 UNAVAILABLE
EVAL state=(343,1,6,1) L=3 H=3 hist=dfs2 UNAVAILABLE
EVAL state=(381,1,6,1) L=3 H=3 hist=bfs len=7 val=3 nodes=2
EVAL state=(381,1,6,1) L=3 H=3 hist=dfs1 UNAVAILABLE
EVAL state=(381,1,6,1) L=3 H=3 hist=dfs2 UNAVAILABLE
EVAL state=(390,1,6,1) L=3 H=3 hist=bfs len=9 val=null nodes=5000000
EVAL state=(390,1,6,1) L=3 H=3 hist=dfs1 UNAVAILABLE
EVAL state=(390,1,6,1) L=3 H=3 hist=dfs2 len=21 val=0 nodes=3
EVAL state=(525,1,6,1) L=3 H=3 hist=bfs len=7 val=3 nodes=2
EVAL state=(525,1,6,1) L=3 H=3 hist=dfs1 UNAVAILABLE
EVAL state=(525,1,6,1) L=3 H=3 hist=dfs2 UNAVAILABLE
EVAL state=(570,1,6,1) L=3 H=3 hist=bfs len=5 val=3 nodes=14
EVAL state=(570,1,6,1) L=3 H=3 hist=dfs1 len=19 val=3 nodes=14
EVAL state=(570,1,6,1) L=3 H=3 hist=dfs2 UNAVAILABLE
EVAL state=(571,1,6,1) L=3 H=3 hist=bfs len=7 val=3 nodes=2
EVAL state=(571,1,6,1) L=3 H=3 hist=dfs1 UNAVAILABLE
EVAL state=(571,1,6,1) L=3 H=3 hist=dfs2 len=23 val=3 nodes=2
EVAL state=(597,1,6,1) L=3 H=3 hist=bfs len=7 val=3 nodes=2
EVAL state=(597,1,6,1) L=3 H=3 hist=dfs1 len=23 val=3 nodes=2
EVAL state=(597,1,6,1) L=3 H=3 hist=dfs2 UNAVAILABLE
EVAL state=(598,1,6,1) L=3 H=3 hist=bfs len=9 val=null nodes=5000000
EVAL state=(598,1,6,1) L=3 H=3 hist=dfs1 UNAVAILABLE
EVAL state=(598,1,6,1) L=3 H=3 hist=dfs2 UNAVAILABLE
EVAL state=(202,0,6,1) L=3 H=6 hist=bfs len=8 val=null nodes=5000000
EVAL state=(202,0,6,1) L=3 H=6 hist=dfs1 UNAVAILABLE
EVAL state=(202,0,6,1) L=3 H=6 hist=dfs2 len=22 val=null nodes=5000000
EVAL state=(286,0,6,1) L=3 H=6 hist=bfs len=8 val=null nodes=5000000
EVAL state=(286,0,6,1) L=3 H=6 hist=dfs1 UNAVAILABLE
EVAL state=(286,0,6,1) L=3 H=6 hist=dfs2 len=24 val=3 nodes=3
EVAL state=(358,0,6,1) L=3 H=6 hist=bfs len=8 val=null nodes=5000000
EVAL state=(358,0,6,1) L=3 H=6 hist=dfs1 UNAVAILABLE
EVAL state=(358,0,6,1) L=3 H=6 hist=dfs2 len=24 val=null nodes=5000000
EVAL state=(366,0,6,1) L=3 H=6 hist=bfs len=8 val=null nodes=5000000
EVAL state=(366,0,6,1) L=3 H=6 hist=dfs1 len=24 val=null nodes=5000000
EVAL state=(366,0,6,1) L=3 H=6 hist=dfs2 len=8 val=null nodes=5000000
EVAL state=(418,0,6,1) L=3 H=6 hist=bfs len=8 val=null nodes=5000000
EVAL state=(418,0,6,1) L=3 H=6 hist=dfs1 len=20 val=null nodes=5000000
EVAL state=(418,0,6,1) L=3 H=6 hist=dfs2 UNAVAILABLE
EVAL state=(442,0,6,1) L=3 H=6 hist=bfs len=8 val=null nodes=5000000
EVAL state=(442,0,6,1) L=3 H=6 hist=dfs1 len=24 val=null nodes=5000000
EVAL state=(442,0,6,1) L=3 H=6 hist=dfs2 UNAVAILABLE
EVAL state=(2,0,6,0) L=6 H=6 hist=bfs len=2 val=null nodes=5000000
EVAL state=(2,0,6,0) L=6 H=6 hist=dfs1 UNAVAILABLE
EVAL state=(2,0,6,0) L=6 H=6 hist=dfs2 len=2 val=null nodes=5000000
EVAL state=(5,0,6,0) L=6 H=6 hist=bfs len=2 val=null nodes=5000000
EVAL state=(5,0,6,0) L=6 H=6 hist=dfs1 len=22 val=null nodes=5000000
EVAL state=(5,0,6,0) L=6 H=6 hist=dfs2 len=2 val=null nodes=5000000
EVAL state=(11,0,6,0) L=6 H=6 hist=bfs len=2 val=null nodes=5000000
EVAL state=(11,0,6,0) L=6 H=6 hist=dfs1 len=24 val=null nodes=5000000
EVAL state=(11,0,6,0) L=6 H=6 hist=dfs2 UNAVAILABLE
EVAL state=(14,0,6,0) L=6 H=6 hist=bfs len=4 val=null nodes=5000000
EVAL state=(14,0,6,0) L=6 H=6 hist=dfs1 UNAVAILABLE
EVAL state=(14,0,6,0) L=6 H=6 hist=dfs2 UNAVAILABLE
EVAL state=(16,0,6,0) L=6 H=6 hist=bfs len=4 val=null nodes=5000000
EVAL state=(16,0,6,0) L=6 H=6 hist=dfs1 UNAVAILABLE
EVAL state=(16,0,6,0) L=6 H=6 hist=dfs2 len=24 val=null nodes=5000000
EVAL state=(18,0,6,0) L=6 H=6 hist=bfs len=2 val=null nodes=5000000
EVAL state=(18,0,6,0) L=6 H=6 hist=dfs1 len=24 val=null nodes=5000000
EVAL state=(18,0,6,0) L=6 H=6 hist=dfs2 len=22 val=null nodes=5000000
EVAL state=(19,0,6,0) L=6 H=6 hist=bfs len=2 val=null nodes=5000000
EVAL state=(19,0,6,0) L=6 H=6 hist=dfs1 UNAVAILABLE
EVAL state=(19,0,6,0) L=6 H=6 hist=dfs2 UNAVAILABLE
EVAL state=(21,0,6,0) L=6 H=6 hist=bfs len=2 val=null nodes=5000000
EVAL state=(21,0,6,0) L=6 H=6 hist=dfs1 UNAVAILABLE
EVAL state=(21,0,6,0) L=6 H=6 hist=dfs2 UNAVAILABLE
EVAL state=(22,0,6,0) L=6 H=6 hist=bfs len=4 val=null nodes=5000000
EVAL state=(22,0,6,0) L=6 H=6 hist=dfs1 UNAVAILABLE
EVAL state=(22,0,6,0) L=6 H=6 hist=dfs2 len=22 val=null nodes=5000000
EVAL state=(23,0,6,0) L=6 H=6 hist=bfs len=4 val=null nodes=5000000
EVAL state=(23,0,6,0) L=6 H=6 hist=dfs1 len=24 val=null nodes=5000000
EVAL state=(23,0,6,0) L=6 H=6 hist=dfs2 len=24 val=null nodes=5000000
EVAL state=(29,0,6,0) L=6 H=6 hist=bfs len=2 val=null nodes=5000000
EVAL state=(29,0,6,0) L=6 H=6 hist=dfs1 UNAVAILABLE
EVAL state=(29,0,6,0) L=6 H=6 hist=dfs2 len=22 val=null nodes=5000000
EVAL state=(38,0,6,0) L=6 H=6 hist=bfs len=4 val=null nodes=5000000
EVAL state=(38,0,6,0) L=6 H=6 hist=dfs1 UNAVAILABLE
EVAL state=(38,0,6,0) L=6 H=6 hist=dfs2 len=24 val=null nodes=5000000
EVAL state=(43,0,6,0) L=6 H=6 hist=bfs len=6 val=null nodes=5000000
EVAL state=(43,0,6,0) L=6 H=6 hist=dfs1 UNAVAILABLE
EVAL state=(43,0,6,0) L=6 H=6 hist=dfs2 UNAVAILABLE
EVAL state=(44,0,6,0) L=6 H=6 hist=bfs len=4 val=null nodes=5000000
EVAL state=(44,0,6,0) L=6 H=6 hist=dfs1 len=24 val=6 nodes=310
EVAL state=(44,0,6,0) L=6 H=6 hist=dfs2 len=22 val=null nodes=5000000
EVAL state=(45,0,6,0) L=6 H=6 hist=bfs len=2 val=null nodes=5000000
EVAL state=(45,0,6,0) L=6 H=6 hist=dfs1 len=24 val=null nodes=5000000
EVAL state=(45,0,6,0) L=6 H=6 hist=dfs2 UNAVAILABLE
EVAL state=(47,0,6,0) L=6 H=6 hist=bfs len=4 val=null nodes=5000000
EVAL state=(47,0,6,0) L=6 H=6 hist=dfs1 len=24 val=null nodes=5000000
EVAL state=(47,0,6,0) L=6 H=6 hist=dfs2 len=24 val=null nodes=5000000
EVAL state=(48,0,6,0) L=6 H=6 hist=bfs len=4 val=null nodes=5000000
EVAL state=(48,0,6,0) L=6 H=6 hist=dfs1 len=24 val=null nodes=5000000
EVAL state=(48,0,6,0) L=6 H=6 hist=dfs2 len=24 val=null nodes=5000000
EVAL state=(49,0,6,0) L=6 H=6 hist=bfs len=6 val=null nodes=5000000
EVAL state=(49,0,6,0) L=6 H=6 hist=dfs1 UNAVAILABLE
EVAL state=(49,0,6,0) L=6 H=6 hist=dfs2 UNAVAILABLE
EVAL state=(54,0,6,0) L=6 H=6 hist=bfs len=2 val=null nodes=5000000
EVAL state=(54,0,6,0) L=6 H=6 hist=dfs1 len=10 val=null nodes=5000000
EVAL state=(54,0,6,0) L=6 H=6 hist=dfs2 len=20 val=null nodes=5000000
EVAL state=(55,0,6,0) L=6 H=6 hist=bfs len=2 val=null nodes=5000000
EVAL state=(55,0,6,0) L=6 H=6 hist=dfs1 UNAVAILABLE
EVAL state=(55,0,6,0) L=6 H=6 hist=dfs2 len=14 val=null nodes=5000000
EVAL state=(56,0,6,0) L=6 H=6 hist=bfs len=4 val=null nodes=5000000
EVAL state=(56,0,6,0) L=6 H=6 hist=dfs1 len=24 val=null nodes=5000000
EVAL state=(56,0,6,0) L=6 H=6 hist=dfs2 len=24 val=null nodes=5000000
EVAL state=(57,0,6,0) L=6 H=6 hist=bfs len=2 val=null nodes=5000000
EVAL state=(57,0,6,0) L=6 H=6 hist=dfs1 UNAVAILABLE
EVAL state=(57,0,6,0) L=6 H=6 hist=dfs2 len=22 val=null nodes=5000000
EVAL state=(58,0,6,0) L=6 H=6 hist=bfs len=4 val=null nodes=5000000
EVAL state=(58,0,6,0) L=6 H=6 hist=dfs1 UNAVAILABLE
EVAL state=(58,0,6,0) L=6 H=6 hist=dfs2 len=24 val=null nodes=5000000
EVAL state=(59,0,6,0) L=6 H=6 hist=bfs len=4 val=null nodes=5000000
EVAL state=(59,0,6,0) L=6 H=6 hist=dfs1 UNAVAILABLE
EVAL state=(59,0,6,0) L=6 H=6 hist=dfs2 UNAVAILABLE
EVAL state=(63,0,6,0) L=6 H=6 hist=bfs len=2 val=null nodes=5000000
EVAL state=(63,0,6,0) L=6 H=6 hist=dfs1 len=24 val=null nodes=5000000
EVAL state=(63,0,6,0) L=6 H=6 hist=dfs2 len=12 val=null nodes=5000000
EVAL state=(64,0,6,0) L=6 H=6 hist=bfs len=4 val=null nodes=5000000
EVAL state=(64,0,6,0) L=6 H=6 hist=dfs1 UNAVAILABLE
EVAL state=(64,0,6,0) L=6 H=6 hist=dfs2 UNAVAILABLE
EVAL state=(65,0,6,0) L=6 H=6 hist=bfs len=4 val=null nodes=5000000
EVAL state=(65,0,6,0) L=6 H=6 hist=dfs1 len=22 val=null nodes=5000000
EVAL state=(65,0,6,0) L=6 H=6 hist=dfs2 len=24 val=null nodes=5000000
EVAL state=(66,0,6,0) L=6 H=6 hist=bfs len=4 val=null nodes=5000000
EVAL state=(66,0,6,0) L=6 H=6 hist=dfs1 UNAVAILABLE
EVAL state=(66,0,6,0) L=6 H=6 hist=dfs2 len=24 val=null nodes=5000000
EVAL state=(67,0,6,0) L=6 H=6 hist=bfs len=6 val=null nodes=5000000
EVAL state=(67,0,6,0) L=6 H=6 hist=dfs1 len=24 val=null nodes=5000000
EVAL state=(67,0,6,0) L=6 H=6 hist=dfs2 len=24 val=null nodes=5000000
EVAL state=(68,0,6,0) L=6 H=6 hist=bfs len=4 val=null nodes=5000000
EVAL state=(68,0,6,0) L=6 H=6 hist=dfs1 UNAVAILABLE
EVAL state=(68,0,6,0) L=6 H=6 hist=dfs2 UNAVAILABLE
EVAL state=(71,0,6,0) L=6 H=6 hist=bfs len=6 val=null nodes=5000000
EVAL state=(71,0,6,0) L=6 H=6 hist=dfs1 len=24 val=null nodes=5000000
EVAL state=(71,0,6,0) L=6 H=6 hist=dfs2 len=24 val=null nodes=5000000
EVAL state=(72,0,6,0) L=6 H=6 hist=bfs len=4 val=null nodes=5000000
EVAL state=(72,0,6,0) L=6 H=6 hist=dfs1 len=24 val=null nodes=5000000
EVAL state=(72,0,6,0) L=6 H=6 hist=dfs2 UNAVAILABLE
EVAL state=(73,0,6,0) L=6 H=6 hist=bfs len=4 val=null nodes=5000000
EVAL state=(73,0,6,0) L=6 H=6 hist=dfs1 UNAVAILABLE
EVAL state=(73,0,6,0) L=6 H=6 hist=dfs2 UNAVAILABLE
EVAL state=(75,0,6,0) L=6 H=6 hist=bfs len=4 val=null nodes=5000000
EVAL state=(75,0,6,0) L=6 H=6 hist=dfs1 UNAVAILABLE
EVAL state=(75,0,6,0) L=6 H=6 hist=dfs2 len=22 val=null nodes=5000000
EVAL state=(76,0,6,0) L=6 H=6 hist=bfs len=4 val=null nodes=5000000
EVAL state=(76,0,6,0) L=6 H=6 hist=dfs1 UNAVAILABLE
EVAL state=(76,0,6,0) L=6 H=6 hist=dfs2 len=24 val=null nodes=5000000
EVAL state=(77,0,6,0) L=6 H=6 hist=bfs len=6 val=null nodes=5000000
EVAL state=(77,0,6,0) L=6 H=6 hist=dfs1 UNAVAILABLE
EVAL state=(77,0,6,0) L=6 H=6 hist=dfs2 UNAVAILABLE
EVAL state=(83,0,6,0) L=6 H=6 hist=bfs len=2 val=null nodes=5000000
EVAL state=(83,0,6,0) L=6 H=6 hist=dfs1 len=22 val=null nodes=5000000
EVAL state=(83,0,6,0) L=6 H=6 hist=dfs2 len=24 val=null nodes=5000000
EVAL state=(86,0,6,0) L=6 H=6 hist=bfs len=4 val=6 nodes=81
EVAL state=(86,0,6,0) L=6 H=6 hist=dfs1 UNAVAILABLE
EVAL state=(86,0,6,0) L=6 H=6 hist=dfs2 len=24 val=6 nodes=81
EVAL state=(88,0,6,0) L=6 H=6 hist=bfs len=4 val=null nodes=5000000
EVAL state=(88,0,6,0) L=6 H=6 hist=dfs1 len=22 val=null nodes=5000000
EVAL state=(88,0,6,0) L=6 H=6 hist=dfs2 len=22 val=null nodes=5000000
EVAL state=(92,0,6,0) L=6 H=6 hist=bfs len=4 val=null nodes=5000000
EVAL state=(92,0,6,0) L=6 H=6 hist=dfs1 len=24 val=null nodes=5000000
EVAL state=(92,0,6,0) L=6 H=6 hist=dfs2 len=24 val=null nodes=5000000
EVAL state=(95,0,6,0) L=6 H=6 hist=bfs len=6 val=6 nodes=18
EVAL state=(95,0,6,0) L=6 H=6 hist=dfs1 len=24 val=6 nodes=18
EVAL state=(95,0,6,0) L=6 H=6 hist=dfs2 len=24 val=6 nodes=18
EVAL state=(96,0,6,0) L=6 H=6 hist=bfs len=4 val=null nodes=5000000
EVAL state=(96,0,6,0) L=6 H=6 hist=dfs1 UNAVAILABLE
EVAL state=(96,0,6,0) L=6 H=6 hist=dfs2 UNAVAILABLE
EVAL state=(98,0,6,0) L=6 H=6 hist=bfs len=4 val=null nodes=5000000
EVAL state=(98,0,6,0) L=6 H=6 hist=dfs1 len=24 val=null nodes=5000000
EVAL state=(98,0,6,0) L=6 H=6 hist=dfs2 len=24 val=null nodes=5000000
EVAL state=(99,0,6,0) L=6 H=6 hist=bfs len=2 val=null nodes=5000000
EVAL state=(99,0,6,0) L=6 H=6 hist=dfs1 UNAVAILABLE
EVAL state=(99,0,6,0) L=6 H=6 hist=dfs2 UNAVAILABLE
EVAL state=(100,0,6,0) L=6 H=6 hist=bfs len=4 val=null nodes=5000000
EVAL state=(100,0,6,0) L=6 H=6 hist=dfs1 UNAVAILABLE
EVAL state=(100,0,6,0) L=6 H=6 hist=dfs2 len=24 val=null nodes=5000000
EVAL state=(101,0,6,0) L=6 H=6 hist=bfs len=4 val=null nodes=5000000
EVAL state=(101,0,6,0) L=6 H=6 hist=dfs1 len=24 val=null nodes=5000000
EVAL state=(101,0,6,0) L=6 H=6 hist=dfs2 len=24 val=null nodes=5000000
EVAL state=(102,0,6,0) L=6 H=6 hist=bfs len=4 val=null nodes=5000000
EVAL state=(102,0,6,0) L=6 H=6 hist=dfs1 len=24 val=6 nodes=885440
EVAL state=(102,0,6,0) L=6 H=6 hist=dfs2 UNAVAILABLE
EVAL state=(103,0,6,0) L=6 H=6 hist=bfs len=6 val=null nodes=5000000
EVAL state=(103,0,6,0) L=6 H=6 hist=dfs1 len=24 val=6 nodes=14
EVAL state=(103,0,6,0) L=6 H=6 hist=dfs2 len=24 val=null nodes=5000000
EVAL state=(104,0,6,0) L=6 H=6 hist=bfs len=4 val=null nodes=5000000
EVAL state=(104,0,6,0) L=6 H=6 hist=dfs1 len=24 val=null nodes=5000000
EVAL state=(104,0,6,0) L=6 H=6 hist=dfs2 len=24 val=null nodes=5000000
EVAL state=(106,0,6,0) L=6 H=6 hist=bfs len=4 val=null nodes=5000000
EVAL state=(106,0,6,0) L=6 H=6 hist=dfs1 UNAVAILABLE
EVAL state=(106,0,6,0) L=6 H=6 hist=dfs2 len=24 val=null nodes=5000000
EVAL state=(110,0,6,0) L=6 H=6 hist=bfs len=4 val=null nodes=5000000
EVAL state=(110,0,6,0) L=6 H=6 hist=dfs1 UNAVAILABLE
EVAL state=(110,0,6,0) L=6 H=6 hist=dfs2 UNAVAILABLE
EVAL state=(115,0,6,0) L=6 H=6 hist=bfs len=6 val=null nodes=5000000
EVAL state=(115,0,6,0) L=6 H=6 hist=dfs1 len=24 val=null nodes=5000000
EVAL state=(115,0,6,0) L=6 H=6 hist=dfs2 len=22 val=null nodes=5000000
EVAL state=(116,0,6,0) L=6 H=6 hist=bfs len=4 val=null nodes=5000000
EVAL state=(116,0,6,0) L=6 H=6 hist=dfs1 len=24 val=null nodes=5000000
EVAL state=(116,0,6,0) L=6 H=6 hist=dfs2 len=22 val=null nodes=5000000
EVAL state=(119,0,6,0) L=6 H=6 hist=bfs len=6 val=6 nodes=18
EVAL state=(119,0,6,0) L=6 H=6 hist=dfs1 len=18 val=6 nodes=18
EVAL state=(119,0,6,0) L=6 H=6 hist=dfs2 UNAVAILABLE
EVAL state=(123,0,6,0) L=6 H=6 hist=bfs len=6 val=null nodes=5000000
EVAL state=(123,0,6,0) L=6 H=6 hist=dfs1 len=24 val=null nodes=5000000
EVAL state=(123,0,6,0) L=6 H=6 hist=dfs2 len=24 val=null nodes=5000000
EVAL state=(126,0,6,0) L=6 H=6 hist=bfs len=4 val=null nodes=5000000
EVAL state=(126,0,6,0) L=6 H=6 hist=dfs1 UNAVAILABLE
EVAL state=(126,0,6,0) L=6 H=6 hist=dfs2 len=22 val=null nodes=5000000
EVAL state=(127,0,6,0) L=6 H=6 hist=bfs len=6 val=null nodes=5000000
EVAL state=(127,0,6,0) L=6 H=6 hist=dfs1 len=24 val=null nodes=5000000
EVAL state=(127,0,6,0) L=6 H=6 hist=dfs2 len=24 val=null nodes=5000000
EVAL state=(128,0,6,0) L=6 H=6 hist=bfs len=4 val=null nodes=5000000
EVAL state=(128,0,6,0) L=6 H=6 hist=dfs1 UNAVAILABLE
EVAL state=(128,0,6,0) L=6 H=6 hist=dfs2 len=24 val=null nodes=5000000
EVAL state=(129,0,6,0) L=6 H=6 hist=bfs len=6 val=null nodes=5000000
EVAL state=(129,0,6,0) L=6 H=6 hist=dfs1 UNAVAILABLE
EVAL state=(129,0,6,0) L=6 H=6 hist=dfs2 len=24 val=null nodes=5000000
EVAL state=(130,0,6,0) L=6 H=6 hist=bfs len=8 val=null nodes=5000000
EVAL state=(130,0,6,0) L=6 H=6 hist=dfs1 UNAVAILABLE
EVAL state=(130,0,6,0) L=6 H=6 hist=dfs2 UNAVAILABLE
EVAL state=(135,0,6,0) L=6 H=6 hist=bfs len=2 val=null nodes=5000000
EVAL state=(135,0,6,0) L=6 H=6 hist=dfs1 len=22 val=null nodes=5000000
EVAL state=(135,0,6,0) L=6 H=6 hist=dfs2 len=2 val=null nodes=5000000
EVAL state=(137,0,6,0) L=6 H=6 hist=bfs len=4 val=null nodes=5000000
EVAL state=(137,0,6,0) L=6 H=6 hist=dfs1 len=22 val=null nodes=5000000
EVAL state=(137,0,6,0) L=6 H=6 hist=dfs2 len=22 val=null nodes=5000000
EVAL state=(138,0,6,0) L=6 H=6 hist=bfs len=4 val=null nodes=5000000
EVAL state=(138,0,6,0) L=6 H=6 hist=dfs1 len=24 val=null nodes=5000000
EVAL state=(138,0,6,0) L=6 H=6 hist=dfs2 len=24 val=null nodes=5000000
# progress: 1200 states, 469/2292 evals within budget, 274 states w/ value, 9128M nodes (x100 block 12)
EVAL state=(141,0,6,0) L=6 H=6 hist=bfs len=4 val=null nodes=5000000
EVAL state=(141,0,6,0) L=6 H=6 hist=dfs1 len=24 val=null nodes=5000000
EVAL state=(141,0,6,0) L=6 H=6 hist=dfs2 len=24 val=null nodes=5000000
EVAL state=(143,0,6,0) L=6 H=6 hist=bfs len=6 val=null nodes=5000000
EVAL state=(143,0,6,0) L=6 H=6 hist=dfs1 len=18 val=null nodes=5000000
EVAL state=(143,0,6,0) L=6 H=6 hist=dfs2 len=24 val=null nodes=5000000
EVAL state=(144,0,6,0) L=6 H=6 hist=bfs len=4 val=6 nodes=117
EVAL state=(144,0,6,0) L=6 H=6 hist=dfs1 UNAVAILABLE
EVAL state=(144,0,6,0) L=6 H=6 hist=dfs2 UNAVAILABLE
EVAL state=(146,0,6,0) L=6 H=6 hist=bfs len=4 val=6 nodes=57
EVAL state=(146,0,6,0) L=6 H=6 hist=dfs1 len=24 val=6 nodes=51
EVAL state=(146,0,6,0) L=6 H=6 hist=dfs2 len=24 val=3 nodes=48
# ** C1-WITNESS: state (146,0,6,0) evaluates to different values under different genuine arrivals: bfs=6 long=[6,3,null,null] **
EVAL state=(147,0,6,0) L=6 H=6 hist=bfs len=6 val=6 nodes=18
EVAL state=(147,0,6,0) L=6 H=6 hist=dfs1 UNAVAILABLE
EVAL state=(147,0,6,0) L=6 H=6 hist=dfs2 UNAVAILABLE
EVAL state=(150,0,6,0) L=6 H=6 hist=bfs len=4 val=6 nodes=63
EVAL state=(150,0,6,0) L=6 H=6 hist=dfs1 UNAVAILABLE
EVAL state=(150,0,6,0) L=6 H=6 hist=dfs2 len=24 val=6 nodes=24
EVAL state=(153,0,6,0) L=6 H=6 hist=bfs len=4 val=null nodes=5000000
EVAL state=(153,0,6,0) L=6 H=6 hist=dfs1 UNAVAILABLE
EVAL state=(153,0,6,0) L=6 H=6 hist=dfs2 UNAVAILABLE
EVAL state=(155,0,6,0) L=6 H=6 hist=bfs len=6 val=null nodes=5000000
EVAL state=(155,0,6,0) L=6 H=6 hist=dfs1 len=24 val=null nodes=5000000
EVAL state=(155,0,6,0) L=6 H=6 hist=dfs2 UNAVAILABLE
EVAL state=(156,0,6,0) L=6 H=6 hist=bfs len=4 val=null nodes=5000000
EVAL state=(156,0,6,0) L=6 H=6 hist=dfs1 len=24 val=null nodes=5000000
EVAL state=(156,0,6,0) L=6 H=6 hist=dfs2 len=4 val=null nodes=5000000
EVAL state=(159,0,6,0) L=6 H=6 hist=bfs len=6 val=null nodes=5000000
EVAL state=(159,0,6,0) L=6 H=6 hist=dfs1 len=24 val=null nodes=5000000
EVAL state=(159,0,6,0) L=6 H=6 hist=dfs2 len=24 val=null nodes=5000000
EVAL state=(167,0,6,0) L=6 H=6 hist=bfs len=4 val=null nodes=5000000
EVAL state=(167,0,6,0) L=6 H=6 hist=dfs1 UNAVAILABLE
EVAL state=(167,0,6,0) L=6 H=6 hist=dfs2 len=24 val=null nodes=5000000
EVAL state=(176,0,6,0) L=6 H=6 hist=bfs len=4 val=null nodes=5000000
EVAL state=(176,0,6,0) L=6 H=6 hist=dfs1 UNAVAILABLE
EVAL state=(176,0,6,0) L=6 H=6 hist=dfs2 len=24 val=null nodes=5000000
EVAL state=(183,0,6,0) L=6 H=6 hist=bfs len=4 val=null nodes=5000000
EVAL state=(183,0,6,0) L=6 H=6 hist=dfs1 len=4 val=null nodes=5000000
EVAL state=(183,0,6,0) L=6 H=6 hist=dfs2 UNAVAILABLE
EVAL state=(184,0,6,0) L=6 H=6 hist=bfs len=4 val=null nodes=5000000
EVAL state=(184,0,6,0) L=6 H=6 hist=dfs1 UNAVAILABLE
EVAL state=(184,0,6,0) L=6 H=6 hist=dfs2 UNAVAILABLE
EVAL state=(192,0,6,0) L=6 H=6 hist=bfs len=4 val=null nodes=5000000
EVAL state=(192,0,6,0) L=6 H=6 hist=dfs1 len=22 val=null nodes=5000000
EVAL state=(192,0,6,0) L=6 H=6 hist=dfs2 len=24 val=null nodes=5000000
EVAL state=(193,0,6,0) L=6 H=6 hist=bfs len=6 val=null nodes=5000000
EVAL state=(193,0,6,0) L=6 H=6 hist=dfs1 len=24 val=null nodes=5000000
EVAL state=(193,0,6,0) L=6 H=6 hist=dfs2 len=22 val=null nodes=5000000
EVAL state=(201,0,6,0) L=6 H=6 hist=bfs len=6 val=null nodes=5000000
EVAL state=(201,0,6,0) L=6 H=6 hist=dfs1 UNAVAILABLE
EVAL state=(201,0,6,0) L=6 H=6 hist=dfs2 UNAVAILABLE
EVAL state=(210,0,6,0) L=6 H=6 hist=bfs len=4 val=6 nodes=63
EVAL state=(210,0,6,0) L=6 H=6 hist=dfs1 len=24 val=6 nodes=59
EVAL state=(210,0,6,0) L=6 H=6 hist=dfs2 UNAVAILABLE
EVAL state=(220,0,6,0) L=6 H=6 hist=bfs len=4 val=null nodes=5000000
EVAL state=(220,0,6,0) L=6 H=6 hist=dfs1 len=24 val=null nodes=5000000
EVAL state=(220,0,6,0) L=6 H=6 hist=dfs2 len=24 val=null nodes=5000000
EVAL state=(221,0,6,0) L=6 H=6 hist=bfs len=6 val=null nodes=5000000
EVAL state=(221,0,6,0) L=6 H=6 hist=dfs1 len=24 val=null nodes=5000000
EVAL state=(221,0,6,0) L=6 H=6 hist=dfs2 len=24 val=null nodes=5000000
EVAL state=(230,0,6,0) L=6 H=6 hist=bfs len=6 val=null nodes=5000000
EVAL state=(230,0,6,0) L=6 H=6 hist=dfs1 len=24 val=null nodes=5000000
EVAL state=(230,0,6,0) L=6 H=6 hist=dfs2 len=24 val=null nodes=5000000
EVAL state=(237,0,6,0) L=6 H=6 hist=bfs len=6 val=null nodes=5000000
EVAL state=(237,0,6,0) L=6 H=6 hist=dfs1 len=24 val=null nodes=5000000
EVAL state=(237,0,6,0) L=6 H=6 hist=dfs2 UNAVAILABLE
EVAL state=(245,0,6,0) L=6 H=6 hist=bfs len=2 val=null nodes=5000000
EVAL state=(245,0,6,0) L=6 H=6 hist=dfs1 len=22 val=null nodes=5000000
EVAL state=(245,0,6,0) L=6 H=6 hist=dfs2 len=2 val=null nodes=5000000
EVAL state=(248,0,6,0) L=6 H=6 hist=bfs len=4 val=null nodes=5000000
EVAL state=(248,0,6,0) L=6 H=6 hist=dfs1 len=24 val=null nodes=5000000
EVAL state=(248,0,6,0) L=6 H=6 hist=dfs2 len=24 val=null nodes=5000000
EVAL state=(257,0,6,0) L=6 H=6 hist=bfs len=6 val=null nodes=5000000
EVAL state=(257,0,6,0) L=6 H=6 hist=dfs1 len=24 val=null nodes=5000000
EVAL state=(257,0,6,0) L=6 H=6 hist=dfs2 len=24 val=null nodes=5000000
EVAL state=(259,0,6,0) L=6 H=6 hist=bfs len=6 val=null nodes=5000000
EVAL state=(259,0,6,0) L=6 H=6 hist=dfs1 UNAVAILABLE
EVAL state=(259,0,6,0) L=6 H=6 hist=dfs2 len=24 val=null nodes=5000000
EVAL state=(261,0,6,0) L=6 H=6 hist=bfs len=2 val=null nodes=5000000
EVAL state=(261,0,6,0) L=6 H=6 hist=dfs1 len=24 val=null nodes=5000000
EVAL state=(261,0,6,0) L=6 H=6 hist=dfs2 len=2 val=null nodes=5000000
EVAL state=(262,0,6,0) L=6 H=6 hist=bfs len=4 val=null nodes=5000000
EVAL state=(262,0,6,0) L=6 H=6 hist=dfs1 UNAVAILABLE
EVAL state=(262,0,6,0) L=6 H=6 hist=dfs2 UNAVAILABLE
EVAL state=(263,0,6,0) L=6 H=6 hist=bfs len=4 val=null nodes=5000000
EVAL state=(263,0,6,0) L=6 H=6 hist=dfs1 len=24 val=null nodes=5000000
EVAL state=(263,0,6,0) L=6 H=6 hist=dfs2 len=24 val=null nodes=5000000
EVAL state=(268,0,6,0) L=6 H=6 hist=bfs len=4 val=null nodes=5000000
EVAL state=(268,0,6,0) L=6 H=6 hist=dfs1 UNAVAILABLE
EVAL state=(268,0,6,0) L=6 H=6 hist=dfs2 len=24 val=null nodes=5000000
EVAL state=(272,0,6,0) L=6 H=6 hist=bfs len=4 val=null nodes=5000000
EVAL state=(272,0,6,0) L=6 H=6 hist=dfs1 UNAVAILABLE
EVAL state=(272,0,6,0) L=6 H=6 hist=dfs2 len=24 val=null nodes=5000000
EVAL state=(281,0,6,0) L=6 H=6 hist=bfs len=6 val=null nodes=5000000
EVAL state=(281,0,6,0) L=6 H=6 hist=dfs1 len=24 val=null nodes=5000000
EVAL state=(281,0,6,0) L=6 H=6 hist=dfs2 len=24 val=null nodes=5000000
EVAL state=(288,0,6,0) L=6 H=6 hist=bfs len=4 val=null nodes=5000000
EVAL state=(288,0,6,0) L=6 H=6 hist=dfs1 len=24 val=null nodes=5000000
EVAL state=(288,0,6,0) L=6 H=6 hist=dfs2 len=22 val=null nodes=5000000
EVAL state=(289,0,6,0) L=6 H=6 hist=bfs len=6 val=null nodes=5000000
EVAL state=(289,0,6,0) L=6 H=6 hist=dfs1 UNAVAILABLE
EVAL state=(289,0,6,0) L=6 H=6 hist=dfs2 len=24 val=null nodes=5000000
EVAL state=(290,0,6,0) L=6 H=6 hist=bfs len=4 val=null nodes=5000000
EVAL state=(290,0,6,0) L=6 H=6 hist=dfs1 UNAVAILABLE
EVAL state=(290,0,6,0) L=6 H=6 hist=dfs2 len=24 val=null nodes=5000000
EVAL state=(297,0,6,0) L=6 H=6 hist=bfs len=2 val=null nodes=5000000
EVAL state=(297,0,6,0) L=6 H=6 hist=dfs1 UNAVAILABLE
EVAL state=(297,0,6,0) L=6 H=6 hist=dfs2 UNAVAILABLE
EVAL state=(298,0,6,0) L=6 H=6 hist=bfs len=4 val=null nodes=5000000
EVAL state=(298,0,6,0) L=6 H=6 hist=dfs1 UNAVAILABLE
EVAL state=(298,0,6,0) L=6 H=6 hist=dfs2 UNAVAILABLE
EVAL state=(299,0,6,0) L=6 H=6 hist=bfs len=4 val=null nodes=5000000
EVAL state=(299,0,6,0) L=6 H=6 hist=dfs1 UNAVAILABLE
EVAL state=(299,0,6,0) L=6 H=6 hist=dfs2 len=22 val=null nodes=5000000
EVAL state=(300,0,6,0) L=6 H=6 hist=bfs len=4 val=null nodes=5000000
EVAL state=(300,0,6,0) L=6 H=6 hist=dfs1 len=24 val=null nodes=5000000
EVAL state=(300,0,6,0) L=6 H=6 hist=dfs2 UNAVAILABLE
EVAL state=(301,0,6,0) L=6 H=6 hist=bfs len=6 val=null nodes=5000000
EVAL state=(301,0,6,0) L=6 H=6 hist=dfs1 len=24 val=6 nodes=11
EVAL state=(301,0,6,0) L=6 H=6 hist=dfs2 UNAVAILABLE
EVAL state=(302,0,6,0) L=6 H=6 hist=bfs len=4 val=null nodes=5000000
EVAL state=(302,0,6,0) L=6 H=6 hist=dfs1 len=24 val=null nodes=5000000
EVAL state=(302,0,6,0) L=6 H=6 hist=dfs2 UNAVAILABLE
EVAL state=(307,0,6,0) L=6 H=6 hist=bfs len=6 val=null nodes=5000000
EVAL state=(307,0,6,0) L=6 H=6 hist=dfs1 len=20 val=null nodes=5000000
EVAL state=(307,0,6,0) L=6 H=6 hist=dfs2 UNAVAILABLE
EVAL state=(309,0,6,0) L=6 H=6 hist=bfs len=6 val=null nodes=5000000
EVAL state=(309,0,6,0) L=6 H=6 hist=dfs1 UNAVAILABLE
EVAL state=(309,0,6,0) L=6 H=6 hist=dfs2 len=20 val=null nodes=5000000
EVAL state=(310,0,6,0) L=6 H=6 hist=bfs len=8 val=null nodes=5000000
EVAL state=(310,0,6,0) L=6 H=6 hist=dfs1 UNAVAILABLE
EVAL state=(310,0,6,0) L=6 H=6 hist=dfs2 len=24 val=null nodes=5000000
EVAL state=(311,0,6,0) L=6 H=6 hist=bfs len=6 val=null nodes=5000000
EVAL state=(311,0,6,0) L=6 H=6 hist=dfs1 len=24 val=null nodes=5000000
EVAL state=(311,0,6,0) L=6 H=6 hist=dfs2 len=24 val=null nodes=5000000
EVAL state=(314,0,6,0) L=6 H=6 hist=bfs len=6 val=null nodes=5000000
EVAL state=(314,0,6,0) L=6 H=6 hist=dfs1 len=24 val=null nodes=5000000
EVAL state=(314,0,6,0) L=6 H=6 hist=dfs2 UNAVAILABLE
EVAL state=(315,0,6,0) L=6 H=6 hist=bfs len=4 val=null nodes=5000000
EVAL state=(315,0,6,0) L=6 H=6 hist=dfs1 len=24 val=null nodes=5000000
EVAL state=(315,0,6,0) L=6 H=6 hist=dfs2 len=22 val=null nodes=5000000
EVAL state=(316,0,6,0) L=6 H=6 hist=bfs len=4 val=null nodes=5000000
EVAL state=(316,0,6,0) L=6 H=6 hist=dfs1 len=22 val=null nodes=5000000
EVAL state=(316,0,6,0) L=6 H=6 hist=dfs2 len=24 val=null nodes=5000000
EVAL state=(317,0,6,0) L=6 H=6 hist=bfs len=6 val=null nodes=5000000
EVAL state=(317,0,6,0) L=6 H=6 hist=dfs1 len=24 val=null nodes=5000000
EVAL state=(317,0,6,0) L=6 H=6 hist=dfs2 UNAVAILABLE
EVAL state=(326,0,6,0) L=6 H=6 hist=bfs len=4 val=null nodes=5000000
EVAL state=(326,0,6,0) L=6 H=6 hist=dfs1 len=24 val=null nodes=5000000
EVAL state=(326,0,6,0) L=6 H=6 hist=dfs2 len=24 val=null nodes=5000000
EVAL state=(329,0,6,0) L=6 H=6 hist=bfs len=6 val=null nodes=5000000
EVAL state=(329,0,6,0) L=6 H=6 hist=dfs1 len=16 val=null nodes=5000000
EVAL state=(329,0,6,0) L=6 H=6 hist=dfs2 len=24 val=null nodes=5000000
EVAL state=(331,0,6,0) L=6 H=6 hist=bfs len=6 val=null nodes=5000000
EVAL state=(331,0,6,0) L=6 H=6 hist=dfs1 len=24 val=null nodes=5000000
EVAL state=(331,0,6,0) L=6 H=6 hist=dfs2 len=24 val=null nodes=5000000
EVAL state=(335,0,6,0) L=6 H=6 hist=bfs len=6 val=null nodes=5000000
EVAL state=(335,0,6,0) L=6 H=6 hist=dfs1 UNAVAILABLE
EVAL state=(335,0,6,0) L=6 H=6 hist=dfs2 UNAVAILABLE
EVAL state=(338,0,6,0) L=6 H=6 hist=bfs len=8 val=null nodes=5000000
EVAL state=(338,0,6,0) L=6 H=6 hist=dfs1 UNAVAILABLE
EVAL state=(338,0,6,0) L=6 H=6 hist=dfs2 len=24 val=null nodes=5000000
EVAL state=(339,0,6,0) L=6 H=6 hist=bfs len=6 val=null nodes=5000000
EVAL state=(339,0,6,0) L=6 H=6 hist=dfs1 UNAVAILABLE
EVAL state=(339,0,6,0) L=6 H=6 hist=dfs2 len=24 val=null nodes=5000000
EVAL state=(342,0,6,0) L=6 H=6 hist=bfs len=4 val=null nodes=5000000
EVAL state=(342,0,6,0) L=6 H=6 hist=dfs1 len=24 val=null nodes=5000000
EVAL state=(342,0,6,0) L=6 H=6 hist=dfs2 len=22 val=null nodes=5000000
EVAL state=(343,0,6,0) L=6 H=6 hist=bfs len=6 val=6 nodes=18
EVAL state=(343,0,6,0) L=6 H=6 hist=dfs1 len=24 val=6 nodes=18
EVAL state=(343,0,6,0) L=6 H=6 hist=dfs2 len=24 val=6 nodes=16
EVAL state=(344,0,6,0) L=6 H=6 hist=bfs len=4 val=null nodes=5000000
EVAL state=(344,0,6,0) L=6 H=6 hist=dfs1 len=24 val=3 nodes=639
EVAL state=(344,0,6,0) L=6 H=6 hist=dfs2 len=24 val=null nodes=5000000
EVAL state=(348,0,6,0) L=6 H=6 hist=bfs len=4 val=null nodes=5000000
EVAL state=(348,0,6,0) L=6 H=6 hist=dfs1 len=22 val=null nodes=5000000
EVAL state=(348,0,6,0) L=6 H=6 hist=dfs2 UNAVAILABLE
EVAL state=(353,0,6,0) L=6 H=6 hist=bfs len=6 val=null nodes=5000000
EVAL state=(353,0,6,0) L=6 H=6 hist=dfs1 UNAVAILABLE
EVAL state=(353,0,6,0) L=6 H=6 hist=dfs2 len=24 val=null nodes=5000000
EVAL state=(362,0,6,0) L=6 H=6 hist=bfs len=8 val=null nodes=5000000
EVAL state=(362,0,6,0) L=6 H=6 hist=dfs1 UNAVAILABLE
EVAL state=(362,0,6,0) L=6 H=6 hist=dfs2 len=24 val=null nodes=5000000
EVAL state=(369,0,6,0) L=6 H=6 hist=bfs len=6 val=null nodes=5000000
EVAL state=(369,0,6,0) L=6 H=6 hist=dfs1 len=24 val=null nodes=5000000
EVAL state=(369,0,6,0) L=6 H=6 hist=dfs2 UNAVAILABLE
EVAL state=(370,0,6,0) L=6 H=6 hist=bfs len=8 val=null nodes=5000000
EVAL state=(370,0,6,0) L=6 H=6 hist=dfs1 UNAVAILABLE
EVAL state=(370,0,6,0) L=6 H=6 hist=dfs2 len=24 val=null nodes=5000000
EVAL state=(371,0,6,0) L=6 H=6 hist=bfs len=6 val=null nodes=5000000
EVAL state=(371,0,6,0) L=6 H=6 hist=dfs1 len=24 val=6 nodes=75
EVAL state=(371,0,6,0) L=6 H=6 hist=dfs2 len=16 val=null nodes=5000000
EVAL state=(378,0,6,0) L=6 H=6 hist=bfs len=4 val=null nodes=5000000
EVAL state=(378,0,6,0) L=6 H=6 hist=dfs1 UNAVAILABLE
EVAL state=(378,0,6,0) L=6 H=6 hist=dfs2 len=24 val=null nodes=5000000
EVAL state=(380,0,6,0) L=6 H=6 hist=bfs len=4 val=null nodes=5000000
EVAL state=(380,0,6,0) L=6 H=6 hist=dfs1 len=24 val=null nodes=5000000
EVAL state=(380,0,6,0) L=6 H=6 hist=dfs2 len=24 val=null nodes=5000000
EVAL state=(381,0,6,0) L=6 H=6 hist=bfs len=6 val=6 nodes=18
EVAL state=(381,0,6,0) L=6 H=6 hist=dfs1 UNAVAILABLE
EVAL state=(381,0,6,0) L=6 H=6 hist=dfs2 len=22 val=6 nodes=18
EVAL state=(384,0,6,0) L=6 H=6 hist=bfs len=4 val=null nodes=5000000
EVAL state=(384,0,6,0) L=6 H=6 hist=dfs1 UNAVAILABLE
EVAL state=(384,0,6,0) L=6 H=6 hist=dfs2 len=24 val=6 nodes=89
EVAL state=(386,0,6,0) L=6 H=6 hist=bfs len=6 val=null nodes=5000000
EVAL state=(386,0,6,0) L=6 H=6 hist=dfs1 UNAVAILABLE
EVAL state=(386,0,6,0) L=6 H=6 hist=dfs2 UNAVAILABLE
EVAL state=(387,0,6,0) L=6 H=6 hist=bfs len=6 val=null nodes=5000000
EVAL state=(387,0,6,0) L=6 H=6 hist=dfs1 len=24 val=null nodes=5000000
EVAL state=(387,0,6,0) L=6 H=6 hist=dfs2 len=24 val=null nodes=5000000
EVAL state=(389,0,6,0) L=6 H=6 hist=bfs len=6 val=null nodes=5000000
EVAL state=(389,0,6,0) L=6 H=6 hist=dfs1 len=24 val=null nodes=5000000
EVAL state=(389,0,6,0) L=6 H=6 hist=dfs2 len=24 val=null nodes=5000000
EVAL state=(390,0,6,0) L=6 H=6 hist=bfs len=8 val=null nodes=5000000
EVAL state=(390,0,6,0) L=6 H=6 hist=dfs1 UNAVAILABLE
EVAL state=(390,0,6,0) L=6 H=6 hist=dfs2 UNAVAILABLE
EVAL state=(396,0,6,0) L=6 H=6 hist=bfs len=4 val=null nodes=5000000
EVAL state=(396,0,6,0) L=6 H=6 hist=dfs1 UNAVAILABLE
EVAL state=(396,0,6,0) L=6 H=6 hist=dfs2 len=24 val=null nodes=5000000
EVAL state=(398,0,6,0) L=6 H=6 hist=bfs len=6 val=null nodes=5000000
EVAL state=(398,0,6,0) L=6 H=6 hist=dfs1 UNAVAILABLE
EVAL state=(398,0,6,0) L=6 H=6 hist=dfs2 len=24 val=null nodes=5000000
EVAL state=(408,0,6,0) L=6 H=6 hist=bfs len=4 val=null nodes=5000000
EVAL state=(408,0,6,0) L=6 H=6 hist=dfs1 len=4 val=null nodes=5000000
EVAL state=(408,0,6,0) L=6 H=6 hist=dfs2 len=22 val=null nodes=5000000
EVAL state=(409,0,6,0) L=6 H=6 hist=bfs len=6 val=null nodes=5000000
EVAL state=(409,0,6,0) L=6 H=6 hist=dfs1 UNAVAILABLE
EVAL state=(409,0,6,0) L=6 H=6 hist=dfs2 UNAVAILABLE
EVAL state=(410,0,6,0) L=6 H=6 hist=bfs len=4 val=6 nodes=63
EVAL state=(410,0,6,0) L=6 H=6 hist=dfs1 len=24 val=6 nodes=45
EVAL state=(410,0,6,0) L=6 H=6 hist=dfs2 UNAVAILABLE
EVAL state=(417,0,6,0) L=6 H=6 hist=bfs len=6 val=null nodes=5000000
EVAL state=(417,0,6,0) L=6 H=6 hist=dfs1 len=24 val=null nodes=5000000
EVAL state=(417,0,6,0) L=6 H=6 hist=dfs2 len=24 val=null nodes=5000000
EVAL state=(432,0,6,0) L=6 H=6 hist=bfs len=4 val=null nodes=5000000
EVAL state=(432,0,6,0) L=6 H=6 hist=dfs1 UNAVAILABLE
EVAL state=(432,0,6,0) L=6 H=6 hist=dfs2 len=22 val=null nodes=5000000
EVAL state=(433,0,6,0) L=6 H=6 hist=bfs len=6 val=6 nodes=150
EVAL state=(433,0,6,0) L=6 H=6 hist=dfs1 UNAVAILABLE
EVAL state=(433,0,6,0) L=6 H=6 hist=dfs2 UNAVAILABLE
EVAL state=(441,0,6,0) L=6 H=6 hist=bfs len=6 val=null nodes=5000000
EVAL state=(441,0,6,0) L=6 H=6 hist=dfs1 len=24 val=null nodes=5000000
EVAL state=(441,0,6,0) L=6 H=6 hist=dfs2 len=24 val=null nodes=5000000
EVAL state=(460,0,6,0) L=6 H=6 hist=bfs len=4 val=null nodes=5000000
EVAL state=(460,0,6,0) L=6 H=6 hist=dfs1 len=14 val=null nodes=5000000
EVAL state=(460,0,6,0) L=6 H=6 hist=dfs2 len=22 val=null nodes=5000000
EVAL state=(461,0,6,0) L=6 H=6 hist=bfs len=6 val=null nodes=5000000
EVAL state=(461,0,6,0) L=6 H=6 hist=dfs1 len=12 val=null nodes=5000000
EVAL state=(461,0,6,0) L=6 H=6 hist=dfs2 len=18 val=null nodes=5000000
EVAL state=(462,0,6,0) L=6 H=6 hist=bfs len=4 val=null nodes=5000000
EVAL state=(462,0,6,0) L=6 H=6 hist=dfs1 len=24 val=null nodes=5000000
EVAL state=(462,0,6,0) L=6 H=6 hist=dfs2 UNAVAILABLE
EVAL state=(470,0,6,0) L=6 H=6 hist=bfs len=6 val=null nodes=5000000
EVAL state=(470,0,6,0) L=6 H=6 hist=dfs1 len=24 val=null nodes=5000000
EVAL state=(470,0,6,0) L=6 H=6 hist=dfs2 UNAVAILABLE
EVAL state=(486,0,6,0) L=6 H=6 hist=bfs len=2 val=null nodes=5000000
EVAL state=(486,0,6,0) L=6 H=6 hist=dfs1 UNAVAILABLE
EVAL state=(486,0,6,0) L=6 H=6 hist=dfs2 UNAVAILABLE
EVAL state=(487,0,6,0) L=6 H=6 hist=bfs len=2 val=null nodes=5000000
EVAL state=(487,0,6,0) L=6 H=6 hist=dfs1 UNAVAILABLE
EVAL state=(487,0,6,0) L=6 H=6 hist=dfs2 len=14 val=null nodes=5000000
EVAL state=(488,0,6,0) L=6 H=6 hist=bfs len=4 val=null nodes=5000000
EVAL state=(488,0,6,0) L=6 H=6 hist=dfs1 len=22 val=null nodes=5000000
EVAL state=(488,0,6,0) L=6 H=6 hist=dfs2 UNAVAILABLE
EVAL state=(489,0,6,0) L=6 H=6 hist=bfs len=2 val=null nodes=5000000
EVAL state=(489,0,6,0) L=6 H=6 hist=dfs1 UNAVAILABLE
EVAL state=(489,0,6,0) L=6 H=6 hist=dfs2 UNAVAILABLE
EVAL state=(490,0,6,0) L=6 H=6 hist=bfs len=4 val=null nodes=5000000
EVAL state=(490,0,6,0) L=6 H=6 hist=dfs1 UNAVAILABLE
EVAL state=(490,0,6,0) L=6 H=6 hist=dfs2 UNAVAILABLE
EVAL state=(491,0,6,0) L=6 H=6 hist=bfs len=4 val=null nodes=5000000
EVAL state=(491,0,6,0) L=6 H=6 hist=dfs1 len=24 val=null nodes=5000000
EVAL state=(491,0,6,0) L=6 H=6 hist=dfs2 UNAVAILABLE
EVAL state=(495,0,6,0) L=6 H=6 hist=bfs len=2 val=null nodes=5000000
EVAL state=(495,0,6,0) L=6 H=6 hist=dfs1 UNAVAILABLE
EVAL state=(495,0,6,0) L=6 H=6 hist=dfs2 len=20 val=null nodes=5000000
EVAL state=(496,0,6,0) L=6 H=6 hist=bfs len=4 val=null nodes=5000000
EVAL state=(496,0,6,0) L=6 H=6 hist=dfs1 len=22 val=null nodes=5000000
EVAL state=(496,0,6,0) L=6 H=6 hist=dfs2 UNAVAILABLE
EVAL state=(497,0,6,0) L=6 H=6 hist=bfs len=4 val=null nodes=5000000
EVAL state=(497,0,6,0) L=6 H=6 hist=dfs1 len=22 val=null nodes=5000000
EVAL state=(497,0,6,0) L=6 H=6 hist=dfs2 len=24 val=null nodes=5000000
EVAL state=(498,0,6,0) L=6 H=6 hist=bfs len=4 val=null nodes=5000000
EVAL state=(498,0,6,0) L=6 H=6 hist=dfs1 len=24 val=null nodes=5000000
EVAL state=(498,0,6,0) L=6 H=6 hist=dfs2 UNAVAILABLE
EVAL state=(499,0,6,0) L=6 H=6 hist=bfs len=6 val=null nodes=5000000
EVAL state=(499,0,6,0) L=6 H=6 hist=dfs1 len=24 val=null nodes=5000000
EVAL state=(499,0,6,0) L=6 H=6 hist=dfs2 len=20 val=null nodes=5000000
EVAL state=(500,0,6,0) L=6 H=6 hist=bfs len=4 val=null nodes=5000000
EVAL state=(500,0,6,0) L=6 H=6 hist=dfs1 len=24 val=null nodes=5000000
EVAL state=(500,0,6,0) L=6 H=6 hist=dfs2 len=24 val=null nodes=5000000
EVAL state=(504,0,6,0) L=6 H=6 hist=bfs len=4 val=null nodes=5000000
EVAL state=(504,0,6,0) L=6 H=6 hist=dfs1 len=24 val=null nodes=5000000
EVAL state=(504,0,6,0) L=6 H=6 hist=dfs2 len=22 val=null nodes=5000000
EVAL state=(505,0,6,0) L=6 H=6 hist=bfs len=4 val=null nodes=5000000
EVAL state=(505,0,6,0) L=6 H=6 hist=dfs1 UNAVAILABLE
EVAL state=(505,0,6,0) L=6 H=6 hist=dfs2 len=24 val=null nodes=5000000
EVAL state=(507,0,6,0) L=6 H=6 hist=bfs len=4 val=null nodes=5000000
EVAL state=(507,0,6,0) L=6 H=6 hist=dfs1 UNAVAILABLE
EVAL state=(507,0,6,0) L=6 H=6 hist=dfs2 UNAVAILABLE
# progress: 1300 states, 490/2514 evals within budget, 287 states w/ value, 10133M nodes (x100 block 13)
EVAL state=(508,0,6,0) L=6 H=6 hist=bfs len=4 val=null nodes=5000000
EVAL state=(508,0,6,0) L=6 H=6 hist=dfs1 len=22 val=null nodes=5000000
EVAL state=(508,0,6,0) L=6 H=6 hist=dfs2 len=24 val=null nodes=5000000
EVAL state=(509,0,6,0) L=6 H=6 hist=bfs len=6 val=null nodes=5000000
EVAL state=(509,0,6,0) L=6 H=6 hist=dfs1 len=24 val=null nodes=5000000
EVAL state=(509,0,6,0) L=6 H=6 hist=dfs2 len=24 val=null nodes=5000000
EVAL state=(511,0,6,0) L=6 H=6 hist=bfs len=6 val=null nodes=5000000
EVAL state=(511,0,6,0) L=6 H=6 hist=dfs1 len=24 val=null nodes=5000000
EVAL state=(511,0,6,0) L=6 H=6 hist=dfs2 len=24 val=null nodes=5000000
EVAL state=(513,0,6,0) L=6 H=6 hist=bfs len=2 val=null nodes=5000000
EVAL state=(513,0,6,0) L=6 H=6 hist=dfs1 len=12 val=null nodes=5000000
EVAL state=(513,0,6,0) L=6 H=6 hist=dfs2 len=2 val=null nodes=5000000
EVAL state=(515,0,6,0) L=6 H=6 hist=bfs len=4 val=null nodes=5000000
EVAL state=(515,0,6,0) L=6 H=6 hist=dfs1 UNAVAILABLE
EVAL state=(515,0,6,0) L=6 H=6 hist=dfs2 len=24 val=null nodes=5000000
EVAL state=(516,0,6,0) L=6 H=6 hist=bfs len=4 val=null nodes=5000000
EVAL state=(516,0,6,0) L=6 H=6 hist=dfs1 UNAVAILABLE
EVAL state=(516,0,6,0) L=6 H=6 hist=dfs2 len=24 val=null nodes=5000000
EVAL state=(517,0,6,0) L=6 H=6 hist=bfs len=6 val=null nodes=5000000
EVAL state=(517,0,6,0) L=6 H=6 hist=dfs1 len=24 val=null nodes=5000000
EVAL state=(517,0,6,0) L=6 H=6 hist=dfs2 len=24 val=null nodes=5000000
EVAL state=(522,0,6,0) L=6 H=6 hist=bfs len=4 val=null nodes=5000000
EVAL state=(522,0,6,0) L=6 H=6 hist=dfs1 UNAVAILABLE
EVAL state=(522,0,6,0) L=6 H=6 hist=dfs2 len=24 val=null nodes=5000000
EVAL state=(523,0,6,0) L=6 H=6 hist=bfs len=6 val=null nodes=5000000
EVAL state=(523,0,6,0) L=6 H=6 hist=dfs1 UNAVAILABLE
EVAL state=(523,0,6,0) L=6 H=6 hist=dfs2 UNAVAILABLE
EVAL state=(524,0,6,0) L=6 H=6 hist=bfs len=4 val=null nodes=5000000
EVAL state=(524,0,6,0) L=6 H=6 hist=dfs1 len=20 val=null nodes=5000000
EVAL state=(524,0,6,0) L=6 H=6 hist=dfs2 UNAVAILABLE
EVAL state=(525,0,6,0) L=6 H=6 hist=bfs len=6 val=null nodes=5000000
EVAL state=(525,0,6,0) L=6 H=6 hist=dfs1 len=22 val=null nodes=5000000
EVAL state=(525,0,6,0) L=6 H=6 hist=dfs2 UNAVAILABLE
EVAL state=(526,0,6,0) L=6 H=6 hist=bfs len=8 val=null nodes=5000000
EVAL state=(526,0,6,0) L=6 H=6 hist=dfs1 len=20 val=null nodes=5000000
EVAL state=(526,0,6,0) L=6 H=6 hist=dfs2 len=24 val=null nodes=5000000
EVAL state=(531,0,6,0) L=6 H=6 hist=bfs len=4 val=null nodes=5000000
EVAL state=(531,0,6,0) L=6 H=6 hist=dfs1 len=24 val=null nodes=5000000
EVAL state=(531,0,6,0) L=6 H=6 hist=dfs2 len=22 val=null nodes=5000000
EVAL state=(533,0,6,0) L=6 H=6 hist=bfs len=6 val=null nodes=5000000
EVAL state=(533,0,6,0) L=6 H=6 hist=dfs1 len=24 val=null nodes=5000000
EVAL state=(533,0,6,0) L=6 H=6 hist=dfs2 len=20 val=null nodes=5000000
EVAL state=(534,0,6,0) L=6 H=6 hist=bfs len=4 val=null nodes=5000000
EVAL state=(534,0,6,0) L=6 H=6 hist=dfs1 UNAVAILABLE
EVAL state=(534,0,6,0) L=6 H=6 hist=dfs2 len=24 val=null nodes=5000000
EVAL state=(535,0,6,0) L=6 H=6 hist=bfs len=6 val=null nodes=5000000
EVAL state=(535,0,6,0) L=6 H=6 hist=dfs1 UNAVAILABLE
EVAL state=(535,0,6,0) L=6 H=6 hist=dfs2 len=24 val=null nodes=5000000
EVAL state=(538,0,6,0) L=6 H=6 hist=bfs len=6 val=null nodes=5000000
EVAL state=(538,0,6,0) L=6 H=6 hist=dfs1 len=24 val=null nodes=5000000
EVAL state=(538,0,6,0) L=6 H=6 hist=dfs2 len=22 val=null nodes=5000000
EVAL state=(541,0,6,0) L=6 H=6 hist=bfs len=4 val=null nodes=5000000
EVAL state=(541,0,6,0) L=6 H=6 hist=dfs1 len=24 val=null nodes=5000000
EVAL state=(541,0,6,0) L=6 H=6 hist=dfs2 UNAVAILABLE
EVAL state=(543,0,6,0) L=6 H=6 hist=bfs len=4 val=null nodes=5000000
EVAL state=(543,0,6,0) L=6 H=6 hist=dfs1 UNAVAILABLE
EVAL state=(543,0,6,0) L=6 H=6 hist=dfs2 len=22 val=null nodes=5000000
EVAL state=(544,0,6,0) L=6 H=6 hist=bfs len=4 val=null nodes=5000000
EVAL state=(544,0,6,0) L=6 H=6 hist=dfs1 UNAVAILABLE
EVAL state=(544,0,6,0) L=6 H=6 hist=dfs2 len=22 val=null nodes=5000000
EVAL state=(545,0,6,0) L=6 H=6 hist=bfs len=6 val=null nodes=5000000
EVAL state=(545,0,6,0) L=6 H=6 hist=dfs1 len=22 val=null nodes=5000000
EVAL state=(545,0,6,0) L=6 H=6 hist=dfs2 len=22 val=null nodes=5000000
EVAL state=(549,0,6,0) L=6 H=6 hist=bfs len=4 val=null nodes=5000000
EVAL state=(549,0,6,0) L=6 H=6 hist=dfs1 len=22 val=null nodes=5000000
EVAL state=(549,0,6,0) L=6 H=6 hist=dfs2 len=22 val=null nodes=5000000
EVAL state=(550,0,6,0) L=6 H=6 hist=bfs len=4 val=null nodes=5000000
EVAL state=(550,0,6,0) L=6 H=6 hist=dfs1 len=20 val=null nodes=5000000
EVAL state=(550,0,6,0) L=6 H=6 hist=dfs2 len=24 val=null nodes=5000000
EVAL state=(551,0,6,0) L=6 H=6 hist=bfs len=6 val=null nodes=5000000
EVAL state=(551,0,6,0) L=6 H=6 hist=dfs1 UNAVAILABLE
EVAL state=(551,0,6,0) L=6 H=6 hist=dfs2 len=24 val=null nodes=5000000
EVAL state=(552,0,6,0) L=6 H=6 hist=bfs len=4 val=null nodes=5000000
EVAL state=(552,0,6,0) L=6 H=6 hist=dfs1 UNAVAILABLE
EVAL state=(552,0,6,0) L=6 H=6 hist=dfs2 len=24 val=null nodes=5000000
EVAL state=(553,0,6,0) L=6 H=6 hist=bfs len=6 val=null nodes=5000000
EVAL state=(553,0,6,0) L=6 H=6 hist=dfs1 len=24 val=null nodes=5000000
EVAL state=(553,0,6,0) L=6 H=6 hist=dfs2 len=24 val=null nodes=5000000
EVAL state=(554,0,6,0) L=6 H=6 hist=bfs len=6 val=null nodes=5000000
EVAL state=(554,0,6,0) L=6 H=6 hist=dfs1 len=24 val=null nodes=5000000
EVAL state=(554,0,6,0) L=6 H=6 hist=dfs2 len=22 val=null nodes=5000000
EVAL state=(559,0,6,0) L=6 H=6 hist=bfs len=6 val=null nodes=5000000
EVAL state=(559,0,6,0) L=6 H=6 hist=dfs1 UNAVAILABLE
EVAL state=(559,0,6,0) L=6 H=6 hist=dfs2 UNAVAILABLE
EVAL state=(561,0,6,0) L=6 H=6 hist=bfs len=6 val=null nodes=5000000
EVAL state=(561,0,6,0) L=6 H=6 hist=dfs1 UNAVAILABLE
EVAL state=(561,0,6,0) L=6 H=6 hist=dfs2 len=24 val=null nodes=5000000
EVAL state=(562,0,6,0) L=6 H=6 hist=bfs len=6 val=null nodes=5000000
EVAL state=(562,0,6,0) L=6 H=6 hist=dfs1 UNAVAILABLE
EVAL state=(562,0,6,0) L=6 H=6 hist=dfs2 UNAVAILABLE
EVAL state=(563,0,6,0) L=6 H=6 hist=bfs len=8 val=null nodes=5000000
EVAL state=(563,0,6,0) L=6 H=6 hist=dfs1 len=24 val=6 nodes=177
EVAL state=(563,0,6,0) L=6 H=6 hist=dfs2 len=24 val=null nodes=5000000
EVAL state=(567,0,6,0) L=6 H=6 hist=bfs len=2 val=null nodes=5000000
EVAL state=(567,0,6,0) L=6 H=6 hist=dfs1 len=2 val=null nodes=5000000
EVAL state=(567,0,6,0) L=6 H=6 hist=dfs2 len=24 val=null nodes=5000000
EVAL state=(568,0,6,0) L=6 H=6 hist=bfs len=4 val=6 nodes=117
EVAL state=(568,0,6,0) L=6 H=6 hist=dfs1 len=14 val=6 nodes=113
EVAL state=(568,0,6,0) L=6 H=6 hist=dfs2 len=24 val=6 nodes=113
EVAL state=(569,0,6,0) L=6 H=6 hist=bfs len=4 val=null nodes=5000000
EVAL state=(569,0,6,0) L=6 H=6 hist=dfs1 len=22 val=null nodes=5000000
EVAL state=(569,0,6,0) L=6 H=6 hist=dfs2 len=24 val=null nodes=5000000
EVAL state=(570,0,6,0) L=6 H=6 hist=bfs len=4 val=6 nodes=81
EVAL state=(570,0,6,0) L=6 H=6 hist=dfs1 len=22 val=6 nodes=75
EVAL state=(570,0,6,0) L=6 H=6 hist=dfs2 len=22 val=6 nodes=71
EVAL state=(571,0,6,0) L=6 H=6 hist=bfs len=6 val=6 nodes=18
EVAL state=(571,0,6,0) L=6 H=6 hist=dfs1 len=24 val=6 nodes=18
EVAL state=(571,0,6,0) L=6 H=6 hist=dfs2 UNAVAILABLE
EVAL state=(572,0,6,0) L=6 H=6 hist=bfs len=4 val=6 nodes=39
EVAL state=(572,0,6,0) L=6 H=6 hist=dfs1 len=24 val=6 nodes=33
EVAL state=(572,0,6,0) L=6 H=6 hist=dfs2 len=24 val=6 nodes=39
EVAL state=(573,0,6,0) L=6 H=6 hist=bfs len=4 val=null nodes=5000000
EVAL state=(573,0,6,0) L=6 H=6 hist=dfs1 UNAVAILABLE
EVAL state=(573,0,6,0) L=6 H=6 hist=dfs2 UNAVAILABLE
EVAL state=(574,0,6,0) L=6 H=6 hist=bfs len=4 val=6 nodes=63
EVAL state=(574,0,6,0) L=6 H=6 hist=dfs1 len=20 val=6 nodes=59
EVAL state=(574,0,6,0) L=6 H=6 hist=dfs2 len=22 val=6 nodes=59
EVAL state=(575,0,6,0) L=6 H=6 hist=bfs len=6 val=null nodes=5000000
EVAL state=(575,0,6,0) L=6 H=6 hist=dfs1 UNAVAILABLE
EVAL state=(575,0,6,0) L=6 H=6 hist=dfs2 len=24 val=6 nodes=3772
EVAL state=(585,0,6,0) L=6 H=6 hist=bfs len=4 val=null nodes=5000000
EVAL state=(585,0,6,0) L=6 H=6 hist=dfs1 UNAVAILABLE
EVAL state=(585,0,6,0) L=6 H=6 hist=dfs2 len=24 val=null nodes=5000000
EVAL state=(586,0,6,0) L=6 H=6 hist=bfs len=4 val=null nodes=5000000
EVAL state=(586,0,6,0) L=6 H=6 hist=dfs1 len=24 val=6 nodes=55
EVAL state=(586,0,6,0) L=6 H=6 hist=dfs2 len=24 val=null nodes=5000000
EVAL state=(587,0,6,0) L=6 H=6 hist=bfs len=6 val=null nodes=5000000
EVAL state=(587,0,6,0) L=6 H=6 hist=dfs1 UNAVAILABLE
EVAL state=(587,0,6,0) L=6 H=6 hist=dfs2 len=24 val=null nodes=5000000
EVAL state=(591,0,6,0) L=6 H=6 hist=bfs len=6 val=null nodes=5000000
EVAL state=(591,0,6,0) L=6 H=6 hist=dfs1 len=22 val=null nodes=5000000
EVAL state=(591,0,6,0) L=6 H=6 hist=dfs2 len=24 val=null nodes=5000000
EVAL state=(594,0,6,0) L=6 H=6 hist=bfs len=4 val=null nodes=5000000
EVAL state=(594,0,6,0) L=6 H=6 hist=dfs1 UNAVAILABLE
EVAL state=(594,0,6,0) L=6 H=6 hist=dfs2 len=22 val=null nodes=5000000
EVAL state=(595,0,6,0) L=6 H=6 hist=bfs len=6 val=null nodes=5000000
EVAL state=(595,0,6,0) L=6 H=6 hist=dfs1 len=24 val=null nodes=5000000
EVAL state=(595,0,6,0) L=6 H=6 hist=dfs2 UNAVAILABLE
EVAL state=(596,0,6,0) L=6 H=6 hist=bfs len=4 val=null nodes=5000000
EVAL state=(596,0,6,0) L=6 H=6 hist=dfs1 len=22 val=null nodes=5000000
EVAL state=(596,0,6,0) L=6 H=6 hist=dfs2 UNAVAILABLE
EVAL state=(597,0,6,0) L=6 H=6 hist=bfs len=6 val=null nodes=5000000
EVAL state=(597,0,6,0) L=6 H=6 hist=dfs1 UNAVAILABLE
EVAL state=(597,0,6,0) L=6 H=6 hist=dfs2 UNAVAILABLE
EVAL state=(598,0,6,0) L=6 H=6 hist=bfs len=8 val=null nodes=5000000
EVAL state=(598,0,6,0) L=6 H=6 hist=dfs1 len=18 val=null nodes=5000000
EVAL state=(598,0,6,0) L=6 H=6 hist=dfs2 len=24 val=null nodes=5000000
EVAL state=(600,0,6,0) L=6 H=6 hist=bfs len=4 val=null nodes=5000000
EVAL state=(600,0,6,0) L=6 H=6 hist=dfs1 len=24 val=null nodes=5000000
EVAL state=(600,0,6,0) L=6 H=6 hist=dfs2 len=24 val=null nodes=5000000
EVAL state=(612,0,6,0) L=6 H=6 hist=bfs len=4 val=null nodes=5000000
EVAL state=(612,0,6,0) L=6 H=6 hist=dfs1 UNAVAILABLE
EVAL state=(612,0,6,0) L=6 H=6 hist=dfs2 UNAVAILABLE
EVAL state=(613,0,6,0) L=6 H=6 hist=bfs len=6 val=null nodes=5000000
EVAL state=(613,0,6,0) L=6 H=6 hist=dfs1 len=24 val=null nodes=5000000
EVAL state=(613,0,6,0) L=6 H=6 hist=dfs2 len=24 val=null nodes=5000000
EVAL state=(614,0,6,0) L=6 H=6 hist=bfs len=6 val=null nodes=5000000
EVAL state=(614,0,6,0) L=6 H=6 hist=dfs1 len=16 val=null nodes=5000000
EVAL state=(614,0,6,0) L=6 H=6 hist=dfs2 len=24 val=null nodes=5000000
EVAL state=(618,0,6,0) L=6 H=6 hist=bfs len=6 val=null nodes=5000000
EVAL state=(618,0,6,0) L=6 H=6 hist=dfs1 len=24 val=null nodes=5000000
EVAL state=(618,0,6,0) L=6 H=6 hist=dfs2 len=24 val=null nodes=5000000
EVAL state=(621,0,6,0) L=6 H=6 hist=bfs len=4 val=null nodes=5000000
EVAL state=(621,0,6,0) L=6 H=6 hist=dfs1 len=22 val=null nodes=5000000
EVAL state=(621,0,6,0) L=6 H=6 hist=dfs2 UNAVAILABLE
EVAL state=(623,0,6,0) L=6 H=6 hist=bfs len=6 val=6 nodes=150
EVAL state=(623,0,6,0) L=6 H=6 hist=dfs1 len=24 val=null nodes=5000000
EVAL state=(623,0,6,0) L=6 H=6 hist=dfs2 len=24 val=6 nodes=134
EVAL state=(624,0,6,0) L=6 H=6 hist=bfs len=4 val=6 nodes=39
EVAL state=(624,0,6,0) L=6 H=6 hist=dfs1 len=24 val=6 nodes=27
EVAL state=(624,0,6,0) L=6 H=6 hist=dfs2 len=16 val=6 nodes=30
EVAL state=(639,0,6,0) L=6 H=6 hist=bfs len=6 val=null nodes=5000000
EVAL state=(639,0,6,0) L=6 H=6 hist=dfs1 UNAVAILABLE
EVAL state=(639,0,6,0) L=6 H=6 hist=dfs2 len=22 val=null nodes=5000000
EVAL state=(641,0,6,0) L=6 H=6 hist=bfs len=8 val=null nodes=5000000
EVAL state=(641,0,6,0) L=6 H=6 hist=dfs1 len=24 val=null nodes=5000000
EVAL state=(641,0,6,0) L=6 H=6 hist=dfs2 len=24 val=null nodes=5000000
EVAL state=(653,0,6,0) L=6 H=6 hist=bfs len=6 val=null nodes=5000000
EVAL state=(653,0,6,0) L=6 H=6 hist=dfs1 len=22 val=null nodes=5000000
EVAL state=(653,0,6,0) L=6 H=6 hist=dfs2 len=22 val=1 nodes=64
EVAL state=(660,0,6,0) L=6 H=6 hist=bfs len=4 val=null nodes=5000000
EVAL state=(660,0,6,0) L=6 H=6 hist=dfs1 UNAVAILABLE
EVAL state=(660,0,6,0) L=6 H=6 hist=dfs2 len=24 val=null nodes=5000000
EVAL state=(669,0,6,0) L=6 H=6 hist=bfs len=6 val=null nodes=5000000
EVAL state=(669,0,6,0) L=6 H=6 hist=dfs1 len=24 val=null nodes=5000000
EVAL state=(669,0,6,0) L=6 H=6 hist=dfs2 UNAVAILABLE
EVAL state=(670,0,6,0) L=6 H=6 hist=bfs len=6 val=null nodes=5000000
EVAL state=(670,0,6,0) L=6 H=6 hist=dfs1 len=22 val=null nodes=5000000
EVAL state=(670,0,6,0) L=6 H=6 hist=dfs2 len=24 val=null nodes=5000000
EVAL state=(678,0,6,0) L=6 H=6 hist=bfs len=4 val=null nodes=5000000
EVAL state=(678,0,6,0) L=6 H=6 hist=dfs1 len=24 val=null nodes=5000000
EVAL state=(678,0,6,0) L=6 H=6 hist=dfs2 len=24 val=null nodes=5000000
EVAL state=(684,0,6,0) L=6 H=6 hist=bfs len=4 val=null nodes=5000000
EVAL state=(684,0,6,0) L=6 H=6 hist=dfs1 len=24 val=null nodes=5000000
EVAL state=(684,0,6,0) L=6 H=6 hist=dfs2 len=24 val=null nodes=5000000
EVAL state=(693,0,6,0) L=6 H=6 hist=bfs len=6 val=null nodes=5000000
EVAL state=(693,0,6,0) L=6 H=6 hist=dfs1 len=24 val=null nodes=5000000
EVAL state=(693,0,6,0) L=6 H=6 hist=dfs2 len=24 val=null nodes=5000000
EVAL state=(694,0,6,0) L=6 H=6 hist=bfs len=6 val=null nodes=5000000
EVAL state=(694,0,6,0) L=6 H=6 hist=dfs1 UNAVAILABLE
EVAL state=(694,0,6,0) L=6 H=6 hist=dfs2 UNAVAILABLE
EVAL state=(192,1,0,0) L=6 H=6 hist=bfs len=5 val=null nodes=5000000
EVAL state=(192,1,0,0) L=6 H=6 hist=dfs1 len=23 val=null nodes=5000000
EVAL state=(192,1,0,0) L=6 H=6 hist=dfs2 UNAVAILABLE
EVAL state=(201,1,0,0) L=6 H=6 hist=bfs len=5 val=null nodes=5000000
EVAL state=(201,1,0,0) L=6 H=6 hist=dfs1 UNAVAILABLE
EVAL state=(201,1,0,0) L=6 H=6 hist=dfs2 len=23 val=null nodes=5000000
EVAL state=(678,1,0,0) L=6 H=6 hist=bfs len=7 val=null nodes=5000000
EVAL state=(678,1,0,0) L=6 H=6 hist=dfs1 len=23 val=null nodes=5000000
EVAL state=(678,1,0,0) L=6 H=6 hist=dfs2 len=23 val=null nodes=5000000
EVAL state=(408,1,2,0) L=6 H=6 hist=bfs len=5 val=null nodes=5000000
EVAL state=(408,1,2,0) L=6 H=6 hist=dfs1 UNAVAILABLE
EVAL state=(408,1,2,0) L=6 H=6 hist=dfs2 UNAVAILABLE
EVAL state=(409,1,2,0) L=6 H=6 hist=bfs len=5 val=null nodes=5000000
EVAL state=(409,1,2,0) L=6 H=6 hist=dfs1 len=23 val=6 nodes=14
EVAL state=(409,1,2,0) L=6 H=6 hist=dfs2 UNAVAILABLE
EVAL state=(462,1,2,0) L=6 H=6 hist=bfs len=7 val=null nodes=5000000
EVAL state=(462,1,2,0) L=6 H=6 hist=dfs1 len=21 val=null nodes=5000000
EVAL state=(462,1,2,0) L=6 H=6 hist=dfs2 len=23 val=null nodes=5000000
EVAL state=(88,1,3,0) L=6 H=6 hist=bfs len=5 val=null nodes=5000000
EVAL state=(88,1,3,0) L=6 H=6 hist=dfs1 UNAVAILABLE
EVAL state=(88,1,3,0) L=6 H=6 hist=dfs2 len=23 val=null nodes=5000000
EVAL state=(106,1,3,0) L=6 H=6 hist=bfs len=7 val=6 nodes=68
EVAL state=(106,1,3,0) L=6 H=6 hist=dfs1 len=23 val=null nodes=5000000
EVAL state=(106,1,3,0) L=6 H=6 hist=dfs2 len=23 val=null nodes=5000000
EVAL state=(331,1,3,0) L=6 H=6 hist=bfs len=5 val=6 nodes=18
EVAL state=(331,1,3,0) L=6 H=6 hist=dfs1 UNAVAILABLE
EVAL state=(331,1,3,0) L=6 H=6 hist=dfs2 UNAVAILABLE
EVAL state=(96,1,5,0) L=6 H=6 hist=bfs len=5 val=null nodes=5000000
EVAL state=(96,1,5,0) L=6 H=6 hist=dfs1 len=23 val=null nodes=5000000
EVAL state=(96,1,5,0) L=6 H=6 hist=dfs2 len=23 val=null nodes=5000000
EVAL state=(98,1,5,0) L=6 H=6 hist=bfs len=7 val=6 nodes=60
EVAL state=(98,1,5,0) L=6 H=6 hist=dfs1 UNAVAILABLE
EVAL state=(98,1,5,0) L=6 H=6 hist=dfs2 UNAVAILABLE
EVAL state=(123,1,5,0) L=6 H=6 hist=bfs len=5 val=6 nodes=18
EVAL state=(123,1,5,0) L=6 H=6 hist=dfs1 UNAVAILABLE
EVAL state=(123,1,5,0) L=6 H=6 hist=dfs2 UNAVAILABLE
EVAL state=(5,1,6,0) L=6 H=6 hist=bfs len=3 val=null nodes=5000000
EVAL state=(5,1,6,0) L=6 H=6 hist=dfs1 UNAVAILABLE
EVAL state=(5,1,6,0) L=6 H=6 hist=dfs2 len=23 val=null nodes=5000000
EVAL state=(14,1,6,0) L=6 H=6 hist=bfs len=3 val=null nodes=5000000
EVAL state=(14,1,6,0) L=6 H=6 hist=dfs1 len=23 val=null nodes=5000000
EVAL state=(14,1,6,0) L=6 H=6 hist=dfs2 len=23 val=null nodes=5000000
EVAL state=(21,1,6,0) L=6 H=6 hist=bfs len=3 val=null nodes=5000000
EVAL state=(21,1,6,0) L=6 H=6 hist=dfs1 UNAVAILABLE
EVAL state=(21,1,6,0) L=6 H=6 hist=dfs2 UNAVAILABLE
EVAL state=(22,1,6,0) L=6 H=6 hist=bfs len=3 val=null nodes=5000000
EVAL state=(22,1,6,0) L=6 H=6 hist=dfs1 UNAVAILABLE
EVAL state=(22,1,6,0) L=6 H=6 hist=dfs2 len=23 val=null nodes=5000000
EVAL state=(30,1,6,0) L=6 H=6 hist=bfs len=3 val=null nodes=5000000
EVAL state=(30,1,6,0) L=6 H=6 hist=dfs1 len=21 val=null nodes=5000000
EVAL state=(30,1,6,0) L=6 H=6 hist=dfs2 len=23 val=null nodes=5000000
EVAL state=(31,1,6,0) L=6 H=6 hist=bfs len=5 val=null nodes=5000000
EVAL state=(31,1,6,0) L=6 H=6 hist=dfs1 len=23 val=null nodes=5000000
EVAL state=(31,1,6,0) L=6 H=6 hist=dfs2 len=23 val=null nodes=5000000
EVAL state=(39,1,6,0) L=6 H=6 hist=bfs len=5 val=null nodes=5000000
EVAL state=(39,1,6,0) L=6 H=6 hist=dfs1 UNAVAILABLE
EVAL state=(39,1,6,0) L=6 H=6 hist=dfs2 len=23 val=null nodes=5000000
EVAL state=(48,1,6,0) L=6 H=6 hist=bfs len=3 val=null nodes=5000000
EVAL state=(48,1,6,0) L=6 H=6 hist=dfs1 UNAVAILABLE
EVAL state=(48,1,6,0) L=6 H=6 hist=dfs2 len=23 val=null nodes=5000000
EVAL state=(58,1,6,0) L=6 H=6 hist=bfs len=3 val=null nodes=5000000
EVAL state=(58,1,6,0) L=6 H=6 hist=dfs1 UNAVAILABLE
EVAL state=(58,1,6,0) L=6 H=6 hist=dfs2 UNAVAILABLE
EVAL state=(59,1,6,0) L=6 H=6 hist=bfs len=5 val=null nodes=5000000
EVAL state=(59,1,6,0) L=6 H=6 hist=dfs1 len=23 val=null nodes=5000000
EVAL state=(59,1,6,0) L=6 H=6 hist=dfs2 len=21 val=null nodes=5000000
EVAL state=(68,1,6,0) L=6 H=6 hist=bfs len=5 val=null nodes=5000000
EVAL state=(68,1,6,0) L=6 H=6 hist=dfs1 len=23 val=null nodes=5000000
EVAL state=(68,1,6,0) L=6 H=6 hist=dfs2 len=23 val=null nodes=5000000
EVAL state=(75,1,6,0) L=6 H=6 hist=bfs len=5 val=null nodes=5000000
EVAL state=(75,1,6,0) L=6 H=6 hist=dfs1 UNAVAILABLE
EVAL state=(75,1,6,0) L=6 H=6 hist=dfs2 UNAVAILABLE
EVAL state=(82,1,6,0) L=6 H=6 hist=bfs len=3 val=null nodes=5000000
EVAL state=(82,1,6,0) L=6 H=6 hist=dfs1 UNAVAILABLE
EVAL state=(82,1,6,0) L=6 H=6 hist=dfs2 len=23 val=null nodes=5000000
EVAL state=(84,1,6,0) L=6 H=6 hist=bfs len=3 val=null nodes=5000000
EVAL state=(84,1,6,0) L=6 H=6 hist=dfs1 len=23 val=null nodes=5000000
EVAL state=(84,1,6,0) L=6 H=6 hist=dfs2 len=3 val=null nodes=5000000
EVAL state=(85,1,6,0) L=6 H=6 hist=bfs len=5 val=null nodes=5000000
EVAL state=(85,1,6,0) L=6 H=6 hist=dfs1 len=5 val=null nodes=5000000
EVAL state=(85,1,6,0) L=6 H=6 hist=dfs2 UNAVAILABLE
EVAL state=(86,1,6,0) L=6 H=6 hist=bfs len=3 val=null nodes=5000000
EVAL state=(86,1,6,0) L=6 H=6 hist=dfs1 UNAVAILABLE
EVAL state=(86,1,6,0) L=6 H=6 hist=dfs2 UNAVAILABLE
EVAL state=(90,1,6,0) L=6 H=6 hist=bfs len=3 val=null nodes=5000000
EVAL state=(90,1,6,0) L=6 H=6 hist=dfs1 len=23 val=null nodes=5000000
EVAL state=(90,1,6,0) L=6 H=6 hist=dfs2 len=23 val=null nodes=5000000
EVAL state=(91,1,6,0) L=6 H=6 hist=bfs len=5 val=6 nodes=30
EVAL state=(91,1,6,0) L=6 H=6 hist=dfs1 len=23 val=6 nodes=30
EVAL state=(91,1,6,0) L=6 H=6 hist=dfs2 len=7 val=6 nodes=30
EVAL state=(92,1,6,0) L=6 H=6 hist=bfs len=3 val=null nodes=5000000
EVAL state=(92,1,6,0) L=6 H=6 hist=dfs1 len=23 val=null nodes=5000000
EVAL state=(92,1,6,0) L=6 H=6 hist=dfs2 len=23 val=null nodes=5000000
EVAL state=(93,1,6,0) L=6 H=6 hist=bfs len=5 val=6 nodes=42
EVAL state=(93,1,6,0) L=6 H=6 hist=dfs1 len=23 val=3 nodes=37
EVAL state=(93,1,6,0) L=6 H=6 hist=dfs2 UNAVAILABLE
# ** C1-WITNESS: state (93,1,6,0) evaluates to different values under different genuine arrivals: bfs=6 long=[3,null,null,null] **
EVAL state=(94,1,6,0) L=6 H=6 hist=bfs len=7 val=6 nodes=9
EVAL state=(94,1,6,0) L=6 H=6 hist=dfs1 len=21 val=6 nodes=9
EVAL state=(94,1,6,0) L=6 H=6 hist=dfs2 UNAVAILABLE
# progress: 1400 states, 525/2748 evals within budget, 306 states w/ value, 11128M nodes (x100 block 14)
EVAL state=(95,1,6,0) L=6 H=6 hist=bfs len=5 val=6 nodes=18
EVAL state=(95,1,6,0) L=6 H=6 hist=dfs1 UNAVAILABLE
EVAL state=(95,1,6,0) L=6 H=6 hist=dfs2 len=23 val=6 nodes=18
EVAL state=(100,1,6,0) L=6 H=6 hist=bfs len=3 val=null nodes=5000000
EVAL state=(100,1,6,0) L=6 H=6 hist=dfs1 len=23 val=null nodes=5000000
EVAL state=(100,1,6,0) L=6 H=6 hist=dfs2 UNAVAILABLE
EVAL state=(102,1,6,0) L=6 H=6 hist=bfs len=3 val=null nodes=5000000
EVAL state=(102,1,6,0) L=6 H=6 hist=dfs1 len=21 val=null nodes=5000000
EVAL state=(102,1,6,0) L=6 H=6 hist=dfs2 len=23 val=null nodes=5000000
EVAL state=(103,1,6,0) L=6 H=6 hist=bfs len=5 val=null nodes=5000000
EVAL state=(103,1,6,0) L=6 H=6 hist=dfs1 len=23 val=null nodes=5000000
EVAL state=(103,1,6,0) L=6 H=6 hist=dfs2 len=23 val=null nodes=5000000
EVAL state=(104,1,6,0) L=6 H=6 hist=bfs len=5 val=null nodes=5000000
EVAL state=(104,1,6,0) L=6 H=6 hist=dfs1 UNAVAILABLE
EVAL state=(104,1,6,0) L=6 H=6 hist=dfs2 len=23 val=6 nodes=33
EVAL state=(109,1,6,0) L=6 H=6 hist=bfs len=5 val=null nodes=5000000
EVAL state=(109,1,6,0) L=6 H=6 hist=dfs1 len=23 val=null nodes=5000000
EVAL state=(109,1,6,0) L=6 H=6 hist=dfs2 UNAVAILABLE
EVAL state=(110,1,6,0) L=6 H=6 hist=bfs len=3 val=null nodes=5000000
EVAL state=(110,1,6,0) L=6 H=6 hist=dfs1 UNAVAILABLE
EVAL state=(110,1,6,0) L=6 H=6 hist=dfs2 len=23 val=null nodes=5000000
EVAL state=(111,1,6,0) L=6 H=6 hist=bfs len=5 val=null nodes=5000000
EVAL state=(111,1,6,0) L=6 H=6 hist=dfs1 len=23 val=null nodes=5000000
EVAL state=(111,1,6,0) L=6 H=6 hist=dfs2 UNAVAILABLE
EVAL state=(112,1,6,0) L=6 H=6 hist=bfs len=7 val=null nodes=5000000
EVAL state=(112,1,6,0) L=6 H=6 hist=dfs1 len=23 val=null nodes=5000000
EVAL state=(112,1,6,0) L=6 H=6 hist=dfs2 len=23 val=null nodes=5000000
EVAL state=(117,1,6,0) L=6 H=6 hist=bfs len=5 val=null nodes=5000000
EVAL state=(117,1,6,0) L=6 H=6 hist=dfs1 len=23 val=null nodes=5000000
EVAL state=(117,1,6,0) L=6 H=6 hist=dfs2 len=23 val=null nodes=5000000
EVAL state=(118,1,6,0) L=6 H=6 hist=bfs len=7 val=6 nodes=9
EVAL state=(118,1,6,0) L=6 H=6 hist=dfs1 len=21 val=6 nodes=9
EVAL state=(118,1,6,0) L=6 H=6 hist=dfs2 UNAVAILABLE
EVAL state=(119,1,6,0) L=6 H=6 hist=bfs len=5 val=6 nodes=18
EVAL state=(119,1,6,0) L=6 H=6 hist=dfs1 UNAVAILABLE
EVAL state=(119,1,6,0) L=6 H=6 hist=dfs2 len=23 val=6 nodes=18
EVAL state=(120,1,6,0) L=6 H=6 hist=bfs len=7 val=6 nodes=9
EVAL state=(120,1,6,0) L=6 H=6 hist=dfs1 len=23 val=6 nodes=9
EVAL state=(120,1,6,0) L=6 H=6 hist=dfs2 UNAVAILABLE
EVAL state=(121,1,6,0) L=6 H=6 hist=bfs len=9 val=null nodes=5000000
EVAL state=(121,1,6,0) L=6 H=6 hist=dfs1 UNAVAILABLE
EVAL state=(121,1,6,0) L=6 H=6 hist=dfs2 len=17 val=null nodes=5000000
EVAL state=(129,1,6,0) L=6 H=6 hist=bfs len=5 val=null nodes=5000000
EVAL state=(129,1,6,0) L=6 H=6 hist=dfs1 len=23 val=null nodes=5000000
EVAL state=(129,1,6,0) L=6 H=6 hist=dfs2 len=23 val=null nodes=5000000
EVAL state=(130,1,6,0) L=6 H=6 hist=bfs len=7 val=null nodes=5000000
EVAL state=(130,1,6,0) L=6 H=6 hist=dfs1 len=19 val=null nodes=5000000
EVAL state=(130,1,6,0) L=6 H=6 hist=dfs2 len=21 val=null nodes=5000000
EVAL state=(135,1,6,0) L=6 H=6 hist=bfs len=3 val=null nodes=5000000
EVAL state=(135,1,6,0) L=6 H=6 hist=dfs1 len=3 val=null nodes=5000000
EVAL state=(135,1,6,0) L=6 H=6 hist=dfs2 UNAVAILABLE
EVAL state=(137,1,6,0) L=6 H=6 hist=bfs len=5 val=null nodes=5000000
EVAL state=(137,1,6,0) L=6 H=6 hist=dfs1 UNAVAILABLE
EVAL state=(137,1,6,0) L=6 H=6 hist=dfs2 len=23 val=null nodes=5000000
EVAL state=(138,1,6,0) L=6 H=6 hist=bfs len=3 val=null nodes=5000000
EVAL state=(138,1,6,0) L=6 H=6 hist=dfs1 UNAVAILABLE
EVAL state=(138,1,6,0) L=6 H=6 hist=dfs2 len=23 val=null nodes=5000000
EVAL state=(144,1,6,0) L=6 H=6 hist=bfs len=3 val=6 nodes=123
EVAL state=(144,1,6,0) L=6 H=6 hist=dfs1 UNAVAILABLE
EVAL state=(144,1,6,0) L=6 H=6 hist=dfs2 len=23 val=6 nodes=111
EVAL state=(146,1,6,0) L=6 H=6 hist=bfs len=5 val=6 nodes=57
EVAL state=(146,1,6,0) L=6 H=6 hist=dfs1 len=23 val=6 nodes=51
EVAL state=(146,1,6,0) L=6 H=6 hist=dfs2 len=23 val=1 nodes=8
# ** C1-WITNESS: state (146,1,6,0) evaluates to different values under different genuine arrivals: bfs=6 long=[6,1,null,null] **
EVAL state=(147,1,6,0) L=6 H=6 hist=bfs len=5 val=6 nodes=18
EVAL state=(147,1,6,0) L=6 H=6 hist=dfs1 len=21 val=6 nodes=18
EVAL state=(147,1,6,0) L=6 H=6 hist=dfs2 len=21 val=6 nodes=18
EVAL state=(153,1,6,0) L=6 H=6 hist=bfs len=5 val=null nodes=5000000
EVAL state=(153,1,6,0) L=6 H=6 hist=dfs1 len=21 val=null nodes=5000000
EVAL state=(153,1,6,0) L=6 H=6 hist=dfs2 len=23 val=null nodes=5000000
EVAL state=(156,1,6,0) L=6 H=6 hist=bfs len=5 val=6 nodes=40
EVAL state=(156,1,6,0) L=6 H=6 hist=dfs1 UNAVAILABLE
EVAL state=(156,1,6,0) L=6 H=6 hist=dfs2 UNAVAILABLE
EVAL state=(246,1,6,0) L=6 H=6 hist=bfs len=3 val=null nodes=5000000
EVAL state=(246,1,6,0) L=6 H=6 hist=dfs1 UNAVAILABLE
EVAL state=(246,1,6,0) L=6 H=6 hist=dfs2 len=23 val=null nodes=5000000
EVAL state=(247,1,6,0) L=6 H=6 hist=bfs len=5 val=null nodes=5000000
EVAL state=(247,1,6,0) L=6 H=6 hist=dfs1 len=23 val=null nodes=5000000
EVAL state=(247,1,6,0) L=6 H=6 hist=dfs2 len=23 val=null nodes=5000000
EVAL state=(248,1,6,0) L=6 H=6 hist=bfs len=3 val=null nodes=5000000
EVAL state=(248,1,6,0) L=6 H=6 hist=dfs1 len=23 val=null nodes=5000000
EVAL state=(248,1,6,0) L=6 H=6 hist=dfs2 len=23 val=null nodes=5000000
EVAL state=(255,1,6,0) L=6 H=6 hist=bfs len=5 val=null nodes=5000000
EVAL state=(255,1,6,0) L=6 H=6 hist=dfs1 UNAVAILABLE
EVAL state=(255,1,6,0) L=6 H=6 hist=dfs2 len=23 val=null nodes=5000000
EVAL state=(273,1,6,0) L=6 H=6 hist=bfs len=5 val=6 nodes=30
EVAL state=(273,1,6,0) L=6 H=6 hist=dfs1 len=23 val=6 nodes=30
EVAL state=(273,1,6,0) L=6 H=6 hist=dfs2 len=21 val=6 nodes=30
EVAL state=(274,1,6,0) L=6 H=6 hist=bfs len=7 val=6 nodes=9
EVAL state=(274,1,6,0) L=6 H=6 hist=dfs1 UNAVAILABLE
EVAL state=(274,1,6,0) L=6 H=6 hist=dfs2 UNAVAILABLE
EVAL state=(282,1,6,0) L=6 H=6 hist=bfs len=7 val=6 nodes=9
EVAL state=(282,1,6,0) L=6 H=6 hist=dfs1 len=23 val=6 nodes=9
EVAL state=(282,1,6,0) L=6 H=6 hist=dfs2 UNAVAILABLE
EVAL state=(300,1,6,0) L=6 H=6 hist=bfs len=3 val=null nodes=5000000
EVAL state=(300,1,6,0) L=6 H=6 hist=dfs1 len=3 val=null nodes=5000000
EVAL state=(300,1,6,0) L=6 H=6 hist=dfs2 UNAVAILABLE
EVAL state=(301,1,6,0) L=6 H=6 hist=bfs len=5 val=null nodes=5000000
EVAL state=(301,1,6,0) L=6 H=6 hist=dfs1 UNAVAILABLE
EVAL state=(301,1,6,0) L=6 H=6 hist=dfs2 UNAVAILABLE
EVAL state=(302,1,6,0) L=6 H=6 hist=bfs len=5 val=null nodes=5000000
EVAL state=(302,1,6,0) L=6 H=6 hist=dfs1 UNAVAILABLE
EVAL state=(302,1,6,0) L=6 H=6 hist=dfs2 UNAVAILABLE
EVAL state=(325,1,6,0) L=6 H=6 hist=bfs len=5 val=null nodes=5000000
EVAL state=(325,1,6,0) L=6 H=6 hist=dfs1 UNAVAILABLE
EVAL state=(325,1,6,0) L=6 H=6 hist=dfs2 len=23 val=null nodes=5000000
EVAL state=(327,1,6,0) L=6 H=6 hist=bfs len=5 val=null nodes=5000000
EVAL state=(327,1,6,0) L=6 H=6 hist=dfs1 len=15 val=6 nodes=39
EVAL state=(327,1,6,0) L=6 H=6 hist=dfs2 UNAVAILABLE
EVAL state=(328,1,6,0) L=6 H=6 hist=bfs len=7 val=6 nodes=9
EVAL state=(328,1,6,0) L=6 H=6 hist=dfs1 UNAVAILABLE
EVAL state=(328,1,6,0) L=6 H=6 hist=dfs2 len=23 val=6 nodes=9
EVAL state=(329,1,6,0) L=6 H=6 hist=bfs len=5 val=null nodes=5000000
EVAL state=(329,1,6,0) L=6 H=6 hist=dfs1 len=23 val=null nodes=5000000
EVAL state=(329,1,6,0) L=6 H=6 hist=dfs2 len=23 val=null nodes=5000000
EVAL state=(333,1,6,0) L=6 H=6 hist=bfs len=5 val=null nodes=5000000
EVAL state=(333,1,6,0) L=6 H=6 hist=dfs1 len=23 val=null nodes=5000000
EVAL state=(333,1,6,0) L=6 H=6 hist=dfs2 len=23 val=null nodes=5000000
EVAL state=(334,1,6,0) L=6 H=6 hist=bfs len=7 val=6 nodes=9
EVAL state=(334,1,6,0) L=6 H=6 hist=dfs1 UNAVAILABLE
EVAL state=(334,1,6,0) L=6 H=6 hist=dfs2 len=23 val=6 nodes=9
EVAL state=(336,1,6,0) L=6 H=6 hist=bfs len=7 val=null nodes=5000000
EVAL state=(336,1,6,0) L=6 H=6 hist=dfs1 len=21 val=null nodes=5000000
EVAL state=(336,1,6,0) L=6 H=6 hist=dfs2 len=21 val=null nodes=5000000
EVAL state=(337,1,6,0) L=6 H=6 hist=bfs len=9 val=null nodes=5000000
EVAL state=(337,1,6,0) L=6 H=6 hist=dfs1 UNAVAILABLE
EVAL state=(337,1,6,0) L=6 H=6 hist=dfs2 len=23 val=null nodes=5000000
EVAL state=(338,1,6,0) L=6 H=6 hist=bfs len=7 val=null nodes=5000000
EVAL state=(338,1,6,0) L=6 H=6 hist=dfs1 UNAVAILABLE
EVAL state=(338,1,6,0) L=6 H=6 hist=dfs2 len=23 val=null nodes=5000000
EVAL state=(342,1,6,0) L=6 H=6 hist=bfs len=3 val=null nodes=5000000
EVAL state=(342,1,6,0) L=6 H=6 hist=dfs1 UNAVAILABLE
EVAL state=(342,1,6,0) L=6 H=6 hist=dfs2 UNAVAILABLE
EVAL state=(343,1,6,0) L=6 H=6 hist=bfs len=5 val=6 nodes=18
EVAL state=(343,1,6,0) L=6 H=6 hist=dfs1 len=15 val=6 nodes=16
EVAL state=(343,1,6,0) L=6 H=6 hist=dfs2 len=23 val=6 nodes=14
EVAL state=(354,1,6,0) L=6 H=6 hist=bfs len=7 val=6 nodes=9
EVAL state=(354,1,6,0) L=6 H=6 hist=dfs1 len=7 val=6 nodes=9
EVAL state=(354,1,6,0) L=6 H=6 hist=dfs2 UNAVAILABLE
EVAL state=(355,1,6,0) L=6 H=6 hist=bfs len=9 val=null nodes=5000000
EVAL state=(355,1,6,0) L=6 H=6 hist=dfs1 len=19 val=null nodes=5000000
EVAL state=(355,1,6,0) L=6 H=6 hist=dfs2 UNAVAILABLE
EVAL state=(363,1,6,0) L=6 H=6 hist=bfs len=9 val=null nodes=5000000
EVAL state=(363,1,6,0) L=6 H=6 hist=dfs1 len=23 val=null nodes=5000000
EVAL state=(363,1,6,0) L=6 H=6 hist=dfs2 UNAVAILABLE
EVAL state=(378,1,6,0) L=6 H=6 hist=bfs len=3 val=null nodes=5000000
EVAL state=(378,1,6,0) L=6 H=6 hist=dfs1 UNAVAILABLE
EVAL state=(378,1,6,0) L=6 H=6 hist=dfs2 len=23 val=null nodes=5000000
EVAL state=(380,1,6,0) L=6 H=6 hist=bfs len=5 val=null nodes=5000000
EVAL state=(380,1,6,0) L=6 H=6 hist=dfs1 len=23 val=null nodes=5000000
EVAL state=(380,1,6,0) L=6 H=6 hist=dfs2 UNAVAILABLE
EVAL state=(381,1,6,0) L=6 H=6 hist=bfs len=5 val=6 nodes=18
EVAL state=(381,1,6,0) L=6 H=6 hist=dfs1 len=23 val=6 nodes=18
EVAL state=(381,1,6,0) L=6 H=6 hist=dfs2 len=5 val=6 nodes=18
EVAL state=(390,1,6,0) L=6 H=6 hist=bfs len=7 val=null nodes=5000000
EVAL state=(390,1,6,0) L=6 H=6 hist=dfs1 len=19 val=null nodes=5000000
EVAL state=(390,1,6,0) L=6 H=6 hist=dfs2 len=21 val=null nodes=5000000
EVAL state=(491,1,6,0) L=6 H=6 hist=bfs len=5 val=null nodes=5000000
EVAL state=(491,1,6,0) L=6 H=6 hist=dfs1 UNAVAILABLE
EVAL state=(491,1,6,0) L=6 H=6 hist=dfs2 UNAVAILABLE
EVAL state=(498,1,6,0) L=6 H=6 hist=bfs len=3 val=null nodes=5000000
EVAL state=(498,1,6,0) L=6 H=6 hist=dfs1 UNAVAILABLE
EVAL state=(498,1,6,0) L=6 H=6 hist=dfs2 len=21 val=null nodes=5000000
EVAL state=(507,1,6,0) L=6 H=6 hist=bfs len=5 val=null nodes=5000000
EVAL state=(507,1,6,0) L=6 H=6 hist=dfs1 len=23 val=null nodes=5000000
EVAL state=(507,1,6,0) L=6 H=6 hist=dfs2 len=23 val=null nodes=5000000
EVAL state=(508,1,6,0) L=6 H=6 hist=bfs len=5 val=null nodes=5000000
EVAL state=(508,1,6,0) L=6 H=6 hist=dfs1 UNAVAILABLE
EVAL state=(508,1,6,0) L=6 H=6 hist=dfs2 UNAVAILABLE
EVAL state=(516,1,6,0) L=6 H=6 hist=bfs len=3 val=null nodes=5000000
EVAL state=(516,1,6,0) L=6 H=6 hist=dfs1 len=23 val=null nodes=5000000
EVAL state=(516,1,6,0) L=6 H=6 hist=dfs2 len=23 val=null nodes=5000000
EVAL state=(525,1,6,0) L=6 H=6 hist=bfs len=5 val=null nodes=5000000
EVAL state=(525,1,6,0) L=6 H=6 hist=dfs1 UNAVAILABLE
EVAL state=(525,1,6,0) L=6 H=6 hist=dfs2 len=21 val=null nodes=5000000
EVAL state=(534,1,6,0) L=6 H=6 hist=bfs len=5 val=null nodes=5000000
EVAL state=(534,1,6,0) L=6 H=6 hist=dfs1 len=19 val=null nodes=5000000
EVAL state=(534,1,6,0) L=6 H=6 hist=dfs2 len=23 val=null nodes=5000000
EVAL state=(567,1,6,0) L=6 H=6 hist=bfs len=3 val=null nodes=5000000
EVAL state=(567,1,6,0) L=6 H=6 hist=dfs1 UNAVAILABLE
EVAL state=(567,1,6,0) L=6 H=6 hist=dfs2 UNAVAILABLE
EVAL state=(568,1,6,0) L=6 H=6 hist=bfs len=3 val=null nodes=5000000
EVAL state=(568,1,6,0) L=6 H=6 hist=dfs1 UNAVAILABLE
EVAL state=(568,1,6,0) L=6 H=6 hist=dfs2 len=23 val=6 nodes=115
EVAL state=(569,1,6,0) L=6 H=6 hist=bfs len=5 val=null nodes=5000000
EVAL state=(569,1,6,0) L=6 H=6 hist=dfs1 UNAVAILABLE
EVAL state=(569,1,6,0) L=6 H=6 hist=dfs2 UNAVAILABLE
EVAL state=(570,1,6,0) L=6 H=6 hist=bfs len=3 val=6 nodes=87
EVAL state=(570,1,6,0) L=6 H=6 hist=dfs1 len=23 val=6 nodes=56
EVAL state=(570,1,6,0) L=6 H=6 hist=dfs2 len=23 val=6 nodes=87
EVAL state=(571,1,6,0) L=6 H=6 hist=bfs len=5 val=6 nodes=18
EVAL state=(571,1,6,0) L=6 H=6 hist=dfs1 len=23 val=6 nodes=16
EVAL state=(571,1,6,0) L=6 H=6 hist=dfs2 len=23 val=6 nodes=18
EVAL state=(572,1,6,0) L=6 H=6 hist=bfs len=5 val=6 nodes=39
EVAL state=(572,1,6,0) L=6 H=6 hist=dfs1 len=23 val=6 nodes=39
EVAL state=(572,1,6,0) L=6 H=6 hist=dfs2 len=23 val=6 nodes=33
EVAL state=(585,1,6,0) L=6 H=6 hist=bfs len=5 val=null nodes=5000000
EVAL state=(585,1,6,0) L=6 H=6 hist=dfs1 len=23 val=null nodes=5000000
EVAL state=(585,1,6,0) L=6 H=6 hist=dfs2 len=23 val=null nodes=5000000
EVAL state=(586,1,6,0) L=6 H=6 hist=bfs len=5 val=6 nodes=64
EVAL state=(586,1,6,0) L=6 H=6 hist=dfs1 len=23 val=6 nodes=52
EVAL state=(586,1,6,0) L=6 H=6 hist=dfs2 UNAVAILABLE
EVAL state=(594,1,6,0) L=6 H=6 hist=bfs len=3 val=null nodes=5000000
EVAL state=(594,1,6,0) L=6 H=6 hist=dfs1 len=23 val=null nodes=5000000
EVAL state=(594,1,6,0) L=6 H=6 hist=dfs2 UNAVAILABLE
EVAL state=(597,1,6,0) L=6 H=6 hist=bfs len=5 val=null nodes=5000000
EVAL state=(597,1,6,0) L=6 H=6 hist=dfs1 UNAVAILABLE
EVAL state=(597,1,6,0) L=6 H=6 hist=dfs2 UNAVAILABLE
EVAL state=(598,1,6,0) L=6 H=6 hist=bfs len=7 val=null nodes=5000000
EVAL state=(598,1,6,0) L=6 H=6 hist=dfs1 len=23 val=null nodes=5000000
EVAL state=(598,1,6,0) L=6 H=6 hist=dfs2 len=23 val=null nodes=5000000
EVAL state=(612,1,6,0) L=6 H=6 hist=bfs len=5 val=null nodes=5000000
EVAL state=(612,1,6,0) L=6 H=6 hist=dfs1 len=23 val=null nodes=5000000
EVAL state=(612,1,6,0) L=6 H=6 hist=dfs2 len=23 val=null nodes=5000000
EVAL state=(624,1,6,0) L=6 H=6 hist=bfs len=5 val=6 nodes=39
EVAL state=(624,1,6,0) L=6 H=6 hist=dfs1 UNAVAILABLE
EVAL state=(624,1,6,0) L=6 H=6 hist=dfs2 UNAVAILABLE
EVAL state=(1,0,6,1) L=6 H=6 hist=bfs len=2 val=6 nodes=617
EVAL state=(1,0,6,1) L=6 H=6 hist=dfs1 len=2 val=6 nodes=617
EVAL state=(1,0,6,1) L=6 H=6 hist=dfs2 len=18 val=6 nodes=617
EVAL state=(3,0,6,1) L=6 H=6 hist=bfs len=2 val=6 nodes=617
EVAL state=(3,0,6,1) L=6 H=6 hist=dfs1 len=22 val=6 nodes=495
EVAL state=(3,0,6,1) L=6 H=6 hist=dfs2 UNAVAILABLE
EVAL state=(4,0,6,1) L=6 H=6 hist=bfs len=4 val=6 nodes=122
EVAL state=(4,0,6,1) L=6 H=6 hist=dfs1 len=24 val=6 nodes=122
EVAL state=(4,0,6,1) L=6 H=6 hist=dfs2 len=22 val=6 nodes=122
EVAL state=(5,0,6,1) L=6 H=6 hist=bfs len=4 val=null nodes=5000000
EVAL state=(5,0,6,1) L=6 H=6 hist=dfs1 UNAVAILABLE
EVAL state=(5,0,6,1) L=6 H=6 hist=dfs2 UNAVAILABLE
EVAL state=(9,0,6,1) L=6 H=6 hist=bfs len=2 val=6 nodes=617
EVAL state=(9,0,6,1) L=6 H=6 hist=dfs1 len=2 val=6 nodes=617
EVAL state=(9,0,6,1) L=6 H=6 hist=dfs2 len=24 val=6 nodes=533
EVAL state=(10,0,6,1) L=6 H=6 hist=bfs len=4 val=6 nodes=122
EVAL state=(10,0,6,1) L=6 H=6 hist=dfs1 UNAVAILABLE
EVAL state=(10,0,6,1) L=6 H=6 hist=dfs2 UNAVAILABLE
EVAL state=(11,0,6,1) L=6 H=6 hist=bfs len=4 val=null nodes=5000000
EVAL state=(11,0,6,1) L=6 H=6 hist=dfs1 len=24 val=null nodes=5000000
EVAL state=(11,0,6,1) L=6 H=6 hist=dfs2 len=24 val=null nodes=5000000
EVAL state=(12,0,6,1) L=6 H=6 hist=bfs len=4 val=6 nodes=122
EVAL state=(12,0,6,1) L=6 H=6 hist=dfs1 len=22 val=6 nodes=110
EVAL state=(12,0,6,1) L=6 H=6 hist=dfs2 len=20 val=6 nodes=122
EVAL state=(13,0,6,1) L=6 H=6 hist=bfs len=6 val=6 nodes=29
EVAL state=(13,0,6,1) L=6 H=6 hist=dfs1 UNAVAILABLE
EVAL state=(13,0,6,1) L=6 H=6 hist=dfs2 len=24 val=6 nodes=29
EVAL state=(14,0,6,1) L=6 H=6 hist=bfs len=4 val=null nodes=5000000
EVAL state=(14,0,6,1) L=6 H=6 hist=dfs1 len=24 val=null nodes=5000000
EVAL state=(14,0,6,1) L=6 H=6 hist=dfs2 len=24 val=null nodes=5000000
EVAL state=(16,0,6,1) L=6 H=6 hist=bfs len=4 val=6 nodes=77
EVAL state=(16,0,6,1) L=6 H=6 hist=dfs1 len=24 val=6 nodes=77
EVAL state=(16,0,6,1) L=6 H=6 hist=dfs2 UNAVAILABLE
EVAL state=(19,0,6,1) L=6 H=6 hist=bfs len=4 val=null nodes=5000000
EVAL state=(19,0,6,1) L=6 H=6 hist=dfs1 UNAVAILABLE
EVAL state=(19,0,6,1) L=6 H=6 hist=dfs2 UNAVAILABLE
EVAL state=(21,0,6,1) L=6 H=6 hist=bfs len=4 val=null nodes=5000000
EVAL state=(21,0,6,1) L=6 H=6 hist=dfs1 UNAVAILABLE
EVAL state=(21,0,6,1) L=6 H=6 hist=dfs2 len=24 val=null nodes=5000000
EVAL state=(22,0,6,1) L=6 H=6 hist=bfs len=4 val=null nodes=5000000
EVAL state=(22,0,6,1) L=6 H=6 hist=dfs1 UNAVAILABLE
EVAL state=(22,0,6,1) L=6 H=6 hist=dfs2 len=22 val=null nodes=5000000
EVAL state=(23,0,6,1) L=6 H=6 hist=bfs len=6 val=null nodes=5000000
EVAL state=(23,0,6,1) L=6 H=6 hist=dfs1 UNAVAILABLE
EVAL state=(23,0,6,1) L=6 H=6 hist=dfs2 len=24 val=null nodes=5000000
EVAL state=(27,0,6,1) L=6 H=6 hist=bfs len=2 val=6 nodes=617
EVAL state=(27,0,6,1) L=6 H=6 hist=dfs1 len=20 val=6 nodes=569
EVAL state=(27,0,6,1) L=6 H=6 hist=dfs2 UNAVAILABLE
EVAL state=(28,0,6,1) L=6 H=6 hist=bfs len=4 val=6 nodes=122
EVAL state=(28,0,6,1) L=6 H=6 hist=dfs1 len=24 val=6 nodes=110
EVAL state=(28,0,6,1) L=6 H=6 hist=dfs2 len=24 val=6 nodes=122
EVAL state=(29,0,6,1) L=6 H=6 hist=bfs len=4 val=null nodes=5000000
EVAL state=(29,0,6,1) L=6 H=6 hist=dfs1 UNAVAILABLE
EVAL state=(29,0,6,1) L=6 H=6 hist=dfs2 UNAVAILABLE
EVAL state=(30,0,6,1) L=6 H=6 hist=bfs len=4 val=6 nodes=122
EVAL state=(30,0,6,1) L=6 H=6 hist=dfs1 len=24 val=6 nodes=122
EVAL state=(30,0,6,1) L=6 H=6 hist=dfs2 len=24 val=6 nodes=110
EVAL state=(31,0,6,1) L=6 H=6 hist=bfs len=6 val=6 nodes=29
EVAL state=(31,0,6,1) L=6 H=6 hist=dfs1 len=24 val=6 nodes=25
EVAL state=(31,0,6,1) L=6 H=6 hist=dfs2 UNAVAILABLE
EVAL state=(36,0,6,1) L=6 H=6 hist=bfs len=4 val=6 nodes=122
EVAL state=(36,0,6,1) L=6 H=6 hist=dfs1 len=24 val=6 nodes=122
EVAL state=(36,0,6,1) L=6 H=6 hist=dfs2 UNAVAILABLE
EVAL state=(37,0,6,1) L=6 H=6 hist=bfs len=6 val=6 nodes=29
EVAL state=(37,0,6,1) L=6 H=6 hist=dfs1 len=24 val=6 nodes=29
EVAL state=(37,0,6,1) L=6 H=6 hist=dfs2 UNAVAILABLE
EVAL state=(38,0,6,1) L=6 H=6 hist=bfs len=4 val=null nodes=5000000
EVAL state=(38,0,6,1) L=6 H=6 hist=dfs1 UNAVAILABLE
EVAL state=(38,0,6,1) L=6 H=6 hist=dfs2 UNAVAILABLE
EVAL state=(39,0,6,1) L=6 H=6 hist=bfs len=6 val=6 nodes=29
EVAL state=(39,0,6,1) L=6 H=6 hist=dfs1 len=24 val=6 nodes=19
EVAL state=(39,0,6,1) L=6 H=6 hist=dfs2 UNAVAILABLE
EVAL state=(40,0,6,1) L=6 H=6 hist=bfs len=8 val=6 nodes=8
EVAL state=(40,0,6,1) L=6 H=6 hist=dfs1 UNAVAILABLE
EVAL state=(40,0,6,1) L=6 H=6 hist=dfs2 len=24 val=6 nodes=8
EVAL state=(43,0,6,1) L=6 H=6 hist=bfs len=6 val=6 nodes=17
EVAL state=(43,0,6,1) L=6 H=6 hist=dfs1 len=24 val=6 nodes=13
EVAL state=(43,0,6,1) L=6 H=6 hist=dfs2 UNAVAILABLE
EVAL state=(44,0,6,1) L=6 H=6 hist=bfs len=6 val=6 nodes=59
EVAL state=(44,0,6,1) L=6 H=6 hist=dfs1 len=24 val=6 nodes=53
EVAL state=(44,0,6,1) L=6 H=6 hist=dfs2 len=24 val=6 nodes=59
EVAL state=(45,0,6,1) L=6 H=6 hist=bfs len=4 val=null nodes=5000000
EVAL state=(45,0,6,1) L=6 H=6 hist=dfs1 UNAVAILABLE
EVAL state=(45,0,6,1) L=6 H=6 hist=dfs2 UNAVAILABLE
# progress: 1500 states, 617/2967 evals within budget, 348 states w/ value, 11763M nodes (x100 block 15)
EVAL state=(47,0,6,1) L=6 H=6 hist=bfs len=6 val=null nodes=5000000
EVAL state=(47,0,6,1) L=6 H=6 hist=dfs1 len=24 val=null nodes=5000000
EVAL state=(47,0,6,1) L=6 H=6 hist=dfs2 UNAVAILABLE
EVAL state=(48,0,6,1) L=6 H=6 hist=bfs len=4 val=null nodes=5000000
EVAL state=(48,0,6,1) L=6 H=6 hist=dfs1 len=24 val=null nodes=5000000
EVAL state=(48,0,6,1) L=6 H=6 hist=dfs2 UNAVAILABLE
EVAL state=(49,0,6,1) L=6 H=6 hist=bfs len=6 val=null nodes=5000000
EVAL state=(49,0,6,1) L=6 H=6 hist=dfs1 UNAVAILABLE
EVAL state=(49,0,6,1) L=6 H=6 hist=dfs2 len=24 val=null nodes=5000000
EVAL state=(55,0,6,1) L=6 H=6 hist=bfs len=4 val=null nodes=5000000
EVAL state=(55,0,6,1) L=6 H=6 hist=dfs1 len=24 val=null nodes=5000000
EVAL state=(55,0,6,1) L=6 H=6 hist=dfs2 UNAVAILABLE
EVAL state=(57,0,6,1) L=6 H=6 hist=bfs len=4 val=null nodes=5000000
EVAL state=(57,0,6,1) L=6 H=6 hist=dfs1 len=24 val=null nodes=5000000
EVAL state=(57,0,6,1) L=6 H=6 hist=dfs2 UNAVAILABLE
EVAL state=(58,0,6,1) L=6 H=6 hist=bfs len=4 val=null nodes=5000000
EVAL state=(58,0,6,1) L=6 H=6 hist=dfs1 UNAVAILABLE
EVAL state=(58,0,6,1) L=6 H=6 hist=dfs2 len=22 val=null nodes=5000000
EVAL state=(59,0,6,1) L=6 H=6 hist=bfs len=6 val=null nodes=5000000
EVAL state=(59,0,6,1) L=6 H=6 hist=dfs1 len=24 val=null nodes=5000000
EVAL state=(59,0,6,1) L=6 H=6 hist=dfs2 UNAVAILABLE
EVAL state=(63,0,6,1) L=6 H=6 hist=bfs len=4 val=null nodes=5000000
EVAL state=(63,0,6,1) L=6 H=6 hist=dfs1 len=24 val=null nodes=5000000
EVAL state=(63,0,6,1) L=6 H=6 hist=dfs2 UNAVAILABLE
EVAL state=(64,0,6,1) L=6 H=6 hist=bfs len=4 val=null nodes=5000000
EVAL state=(64,0,6,1) L=6 H=6 hist=dfs1 UNAVAILABLE
EVAL state=(64,0,6,1) L=6 H=6 hist=dfs2 UNAVAILABLE
EVAL state=(65,0,6,1) L=6 H=6 hist=bfs len=6 val=null nodes=5000000
EVAL state=(65,0,6,1) L=6 H=6 hist=dfs1 len=24 val=null nodes=5000000
EVAL state=(65,0,6,1) L=6 H=6 hist=dfs2 len=24 val=null nodes=5000000
EVAL state=(66,0,6,1) L=6 H=6 hist=bfs len=4 val=null nodes=5000000
EVAL state=(66,0,6,1) L=6 H=6 hist=dfs1 UNAVAILABLE
EVAL state=(66,0,6,1) L=6 H=6 hist=dfs2 len=24 val=null nodes=5000000
EVAL state=(67,0,6,1) L=6 H=6 hist=bfs len=6 val=6 nodes=17
EVAL state=(67,0,6,1) L=6 H=6 hist=dfs1 len=24 val=6 nodes=17
EVAL state=(67,0,6,1) L=6 H=6 hist=dfs2 UNAVAILABLE
EVAL state=(68,0,6,1) L=6 H=6 hist=bfs len=6 val=6 nodes=56
EVAL state=(68,0,6,1) L=6 H=6 hist=dfs1 len=24 val=6 nodes=56
EVAL state=(68,0,6,1) L=6 H=6 hist=dfs2 len=24 val=6 nodes=50
EVAL state=(71,0,6,1) L=6 H=6 hist=bfs len=8 val=null nodes=5000000
EVAL state=(71,0,6,1) L=6 H=6 hist=dfs1 len=24 val=null nodes=5000000
EVAL state=(71,0,6,1) L=6 H=6 hist=dfs2 len=24 val=null nodes=5000000
EVAL state=(73,0,6,1) L=6 H=6 hist=bfs len=6 val=null nodes=5000000
EVAL state=(73,0,6,1) L=6 H=6 hist=dfs1 UNAVAILABLE
EVAL state=(73,0,6,1) L=6 H=6 hist=dfs2 len=24 val=null nodes=5000000
EVAL state=(75,0,6,1) L=6 H=6 hist=bfs len=6 val=null nodes=5000000
EVAL state=(75,0,6,1) L=6 H=6 hist=dfs1 UNAVAILABLE
EVAL state=(75,0,6,1) L=6 H=6 hist=dfs2 UNAVAILABLE
EVAL state=(76,0,6,1) L=6 H=6 hist=bfs len=6 val=6 nodes=39
EVAL state=(76,0,6,1) L=6 H=6 hist=dfs1 len=24 val=null nodes=5000000
EVAL state=(76,0,6,1) L=6 H=6 hist=dfs2 len=24 val=6 nodes=32
EVAL state=(77,0,6,1) L=6 H=6 hist=bfs len=8 val=null nodes=5000000
EVAL state=(77,0,6,1) L=6 H=6 hist=dfs1 UNAVAILABLE
EVAL state=(77,0,6,1) L=6 H=6 hist=dfs2 UNAVAILABLE
EVAL state=(81,0,6,1) L=6 H=6 hist=bfs len=2 val=6 nodes=617
EVAL state=(81,0,6,1) L=6 H=6 hist=dfs1 UNAVAILABLE
EVAL state=(81,0,6,1) L=6 H=6 hist=dfs2 UNAVAILABLE
EVAL state=(82,0,6,1) L=6 H=6 hist=bfs len=4 val=6 nodes=122
EVAL state=(82,0,6,1) L=6 H=6 hist=dfs1 len=24 val=6 nodes=98
EVAL state=(82,0,6,1) L=6 H=6 hist=dfs2 len=24 val=6 nodes=110
EVAL state=(83,0,6,1) L=6 H=6 hist=bfs len=4 val=null nodes=5000000
EVAL state=(83,0,6,1) L=6 H=6 hist=dfs1 UNAVAILABLE
EVAL state=(83,0,6,1) L=6 H=6 hist=dfs2 UNAVAILABLE
EVAL state=(84,0,6,1) L=6 H=6 hist=bfs len=4 val=6 nodes=122
EVAL state=(84,0,6,1) L=6 H=6 hist=dfs1 len=24 val=6 nodes=110
EVAL state=(84,0,6,1) L=6 H=6 hist=dfs2 len=22 val=6 nodes=98
EVAL state=(85,0,6,1) L=6 H=6 hist=bfs len=6 val=6 nodes=29
EVAL state=(85,0,6,1) L=6 H=6 hist=dfs1 UNAVAILABLE
EVAL state=(85,0,6,1) L=6 H=6 hist=dfs2 UNAVAILABLE
EVAL state=(86,0,6,1) L=6 H=6 hist=bfs len=4 val=6 nodes=68
EVAL state=(86,0,6,1) L=6 H=6 hist=dfs1 len=22 val=6 nodes=40
EVAL state=(86,0,6,1) L=6 H=6 hist=dfs2 len=24 val=6 nodes=56
EVAL state=(88,0,6,1) L=6 H=6 hist=bfs len=4 val=6 nodes=68
EVAL state=(88,0,6,1) L=6 H=6 hist=dfs1 len=24 val=6 nodes=62
EVAL state=(88,0,6,1) L=6 H=6 hist=dfs2 UNAVAILABLE
EVAL state=(90,0,6,1) L=6 H=6 hist=bfs len=4 val=6 nodes=122
EVAL state=(90,0,6,1) L=6 H=6 hist=dfs1 len=24 val=6 nodes=122
EVAL state=(90,0,6,1) L=6 H=6 hist=dfs2 len=22 val=6 nodes=110
EVAL state=(91,0,6,1) L=6 H=6 hist=bfs len=6 val=6 nodes=29
EVAL state=(91,0,6,1) L=6 H=6 hist=dfs1 len=22 val=6 nodes=29
EVAL state=(91,0,6,1) L=6 H=6 hist=dfs2 len=24 val=6 nodes=29
EVAL state=(92,0,6,1) L=6 H=6 hist=bfs len=4 val=6 nodes=53
EVAL state=(92,0,6,1) L=6 H=6 hist=dfs1 len=24 val=null nodes=5000000
EVAL state=(92,0,6,1) L=6 H=6 hist=dfs2 len=22 val=6 nodes=41
EVAL state=(93,0,6,1) L=6 H=6 hist=bfs len=6 val=6 nodes=29
EVAL state=(93,0,6,1) L=6 H=6 hist=dfs1 len=24 val=6 nodes=25
EVAL state=(93,0,6,1) L=6 H=6 hist=dfs2 UNAVAILABLE
EVAL state=(94,0,6,1) L=6 H=6 hist=bfs len=8 val=6 nodes=8
EVAL state=(94,0,6,1) L=6 H=6 hist=dfs1 len=24 val=6 nodes=6
EVAL state=(94,0,6,1) L=6 H=6 hist=dfs2 len=24 val=6 nodes=6
EVAL state=(95,0,6,1) L=6 H=6 hist=bfs len=6 val=6 nodes=17
EVAL state=(95,0,6,1) L=6 H=6 hist=dfs1 len=24 val=6 nodes=17
EVAL state=(95,0,6,1) L=6 H=6 hist=dfs2 len=24 val=6 nodes=17
EVAL state=(96,0,6,1) L=6 H=6 hist=bfs len=4 val=6 nodes=68
EVAL state=(96,0,6,1) L=6 H=6 hist=dfs1 len=24 val=6 nodes=68
EVAL state=(96,0,6,1) L=6 H=6 hist=dfs2 len=24 val=6 nodes=56
EVAL state=(98,0,6,1) L=6 H=6 hist=bfs len=6 val=6 nodes=59
EVAL state=(98,0,6,1) L=6 H=6 hist=dfs1 len=24 val=6 nodes=59
EVAL state=(98,0,6,1) L=6 H=6 hist=dfs2 len=16 val=6 nodes=59
EVAL state=(99,0,6,1) L=6 H=6 hist=bfs len=4 val=null nodes=5000000
EVAL state=(99,0,6,1) L=6 H=6 hist=dfs1 UNAVAILABLE
EVAL state=(99,0,6,1) L=6 H=6 hist=dfs2 len=24 val=null nodes=5000000
EVAL state=(100,0,6,1) L=6 H=6 hist=bfs len=4 val=null nodes=5000000
EVAL state=(100,0,6,1) L=6 H=6 hist=dfs1 len=24 val=null nodes=5000000
EVAL state=(100,0,6,1) L=6 H=6 hist=dfs2 len=24 val=6 nodes=41
EVAL state=(101,0,6,1) L=6 H=6 hist=bfs len=6 val=null nodes=5000000
EVAL state=(101,0,6,1) L=6 H=6 hist=dfs1 UNAVAILABLE
EVAL state=(101,0,6,1) L=6 H=6 hist=dfs2 UNAVAILABLE
EVAL state=(102,0,6,1) L=6 H=6 hist=bfs len=4 val=null nodes=5000000
EVAL state=(102,0,6,1) L=6 H=6 hist=dfs1 UNAVAILABLE
EVAL state=(102,0,6,1) L=6 H=6 hist=dfs2 UNAVAILABLE
EVAL state=(103,0,6,1) L=6 H=6 hist=bfs len=6 val=null nodes=5000000
EVAL state=(103,0,6,1) L=6 H=6 hist=dfs1 UNAVAILABLE
EVAL state=(103,0,6,1) L=6 H=6 hist=dfs2 UNAVAILABLE
EVAL state=(104,0,6,1) L=6 H=6 hist=bfs len=6 val=null nodes=5000000
EVAL state=(104,0,6,1) L=6 H=6 hist=dfs1 len=24 val=6 nodes=26
EVAL state=(104,0,6,1) L=6 H=6 hist=dfs2 len=24 val=6 nodes=32
EVAL state=(106,0,6,1) L=6 H=6 hist=bfs len=6 val=null nodes=5000000
EVAL state=(106,0,6,1) L=6 H=6 hist=dfs1 len=24 val=1 nodes=18
EVAL state=(106,0,6,1) L=6 H=6 hist=dfs2 len=24 val=null nodes=5000000
EVAL state=(108,0,6,1) L=6 H=6 hist=bfs len=4 val=6 nodes=122
EVAL state=(108,0,6,1) L=6 H=6 hist=dfs1 len=24 val=6 nodes=122
EVAL state=(108,0,6,1) L=6 H=6 hist=dfs2 len=24 val=6 nodes=98
EVAL state=(109,0,6,1) L=6 H=6 hist=bfs len=6 val=6 nodes=29
EVAL state=(109,0,6,1) L=6 H=6 hist=dfs1 UNAVAILABLE
EVAL state=(109,0,6,1) L=6 H=6 hist=dfs2 UNAVAILABLE
EVAL state=(110,0,6,1) L=6 H=6 hist=bfs len=4 val=null nodes=5000000
EVAL state=(110,0,6,1) L=6 H=6 hist=dfs1 UNAVAILABLE
EVAL state=(110,0,6,1) L=6 H=6 hist=dfs2 len=14 val=null nodes=5000000
EVAL state=(111,0,6,1) L=6 H=6 hist=bfs len=6 val=6 nodes=29
EVAL state=(111,0,6,1) L=6 H=6 hist=dfs1 UNAVAILABLE
EVAL state=(111,0,6,1) L=6 H=6 hist=dfs2 len=24 val=6 nodes=29
EVAL state=(112,0,6,1) L=6 H=6 hist=bfs len=8 val=6 nodes=8
EVAL state=(112,0,6,1) L=6 H=6 hist=dfs1 UNAVAILABLE
EVAL state=(112,0,6,1) L=6 H=6 hist=dfs2 len=22 val=6 nodes=8
EVAL state=(115,0,6,1) L=6 H=6 hist=bfs len=6 val=6 nodes=17
EVAL state=(115,0,6,1) L=6 H=6 hist=dfs1 len=24 val=6 nodes=17
EVAL state=(115,0,6,1) L=6 H=6 hist=dfs2 UNAVAILABLE
EVAL state=(116,0,6,1) L=6 H=6 hist=bfs len=6 val=6 nodes=59
EVAL state=(116,0,6,1) L=6 H=6 hist=dfs1 UNAVAILABLE
EVAL state=(116,0,6,1) L=6 H=6 hist=dfs2 UNAVAILABLE
EVAL state=(117,0,6,1) L=6 H=6 hist=bfs len=6 val=6 nodes=29
EVAL state=(117,0,6,1) L=6 H=6 hist=dfs1 UNAVAILABLE
EVAL state=(117,0,6,1) L=6 H=6 hist=dfs2 len=24 val=6 nodes=19
EVAL state=(118,0,6,1) L=6 H=6 hist=bfs len=8 val=6 nodes=8
EVAL state=(118,0,6,1) L=6 H=6 hist=dfs1 len=24 val=6 nodes=8
EVAL state=(118,0,6,1) L=6 H=6 hist=dfs2 UNAVAILABLE
EVAL state=(119,0,6,1) L=6 H=6 hist=bfs len=6 val=6 nodes=17
EVAL state=(119,0,6,1) L=6 H=6 hist=dfs1 len=22 val=6 nodes=15
EVAL state=(119,0,6,1) L=6 H=6 hist=dfs2 UNAVAILABLE
EVAL state=(120,0,6,1) L=6 H=6 hist=bfs len=8 val=6 nodes=8
EVAL state=(120,0,6,1) L=6 H=6 hist=dfs1 UNAVAILABLE
EVAL state=(120,0,6,1) L=6 H=6 hist=dfs2 UNAVAILABLE
EVAL state=(121,0,6,1) L=6 H=6 hist=bfs len=10 val=6 nodes=2
EVAL state=(121,0,6,1) L=6 H=6 hist=dfs1 UNAVAILABLE
EVAL state=(121,0,6,1) L=6 H=6 hist=dfs2 len=12 val=6 nodes=2
EVAL state=(123,0,6,1) L=6 H=6 hist=bfs len=6 val=6 nodes=17
EVAL state=(123,0,6,1) L=6 H=6 hist=dfs1 UNAVAILABLE
EVAL state=(123,0,6,1) L=6 H=6 hist=dfs2 len=24 val=6 nodes=13
EVAL state=(126,0,6,1) L=6 H=6 hist=bfs len=4 val=null nodes=5000000
EVAL state=(126,0,6,1) L=6 H=6 hist=dfs1 UNAVAILABLE
EVAL state=(126,0,6,1) L=6 H=6 hist=dfs2 UNAVAILABLE
EVAL state=(127,0,6,1) L=6 H=6 hist=bfs len=6 val=null nodes=5000000
EVAL state=(127,0,6,1) L=6 H=6 hist=dfs1 len=24 val=null nodes=5000000
EVAL state=(127,0,6,1) L=6 H=6 hist=dfs2 len=24 val=null nodes=5000000
EVAL state=(128,0,6,1) L=6 H=6 hist=bfs len=6 val=null nodes=5000000
EVAL state=(128,0,6,1) L=6 H=6 hist=dfs1 UNAVAILABLE
EVAL state=(128,0,6,1) L=6 H=6 hist=dfs2 UNAVAILABLE
EVAL state=(129,0,6,1) L=6 H=6 hist=bfs len=6 val=null nodes=5000000
EVAL state=(129,0,6,1) L=6 H=6 hist=dfs1 len=24 val=null nodes=5000000
EVAL state=(129,0,6,1) L=6 H=6 hist=dfs2 len=24 val=null nodes=5000000
EVAL state=(130,0,6,1) L=6 H=6 hist=bfs len=8 val=null nodes=5000000
EVAL state=(130,0,6,1) L=6 H=6 hist=dfs1 UNAVAILABLE
EVAL state=(130,0,6,1) L=6 H=6 hist=dfs2 UNAVAILABLE
EVAL state=(135,0,6,1) L=6 H=6 hist=bfs len=4 val=null nodes=5000000
EVAL state=(135,0,6,1) L=6 H=6 hist=dfs1 UNAVAILABLE
EVAL state=(135,0,6,1) L=6 H=6 hist=dfs2 UNAVAILABLE
EVAL state=(137,0,6,1) L=6 H=6 hist=bfs len=6 val=null nodes=5000000
EVAL state=(137,0,6,1) L=6 H=6 hist=dfs1 len=24 val=null nodes=5000000
EVAL state=(137,0,6,1) L=6 H=6 hist=dfs2 UNAVAILABLE
EVAL state=(138,0,6,1) L=6 H=6 hist=bfs len=4 val=null nodes=5000000
EVAL state=(138,0,6,1) L=6 H=6 hist=dfs1 UNAVAILABLE
EVAL state=(138,0,6,1) L=6 H=6 hist=dfs2 len=24 val=null nodes=5000000
EVAL state=(141,0,6,1) L=6 H=6 hist=bfs len=6 val=null nodes=5000000
EVAL state=(141,0,6,1) L=6 H=6 hist=dfs1 len=24 val=null nodes=5000000
EVAL state=(141,0,6,1) L=6 H=6 hist=dfs2 len=22 val=null nodes=5000000
EVAL state=(143,0,6,1) L=6 H=6 hist=bfs len=8 val=null nodes=5000000
EVAL state=(143,0,6,1) L=6 H=6 hist=dfs1 len=24 val=null nodes=5000000
EVAL state=(143,0,6,1) L=6 H=6 hist=dfs2 UNAVAILABLE
EVAL state=(144,0,6,1) L=6 H=6 hist=bfs len=4 val=6 nodes=68
EVAL state=(144,0,6,1) L=6 H=6 hist=dfs1 len=24 val=6 nodes=62
EVAL state=(144,0,6,1) L=6 H=6 hist=dfs2 UNAVAILABLE
EVAL state=(146,0,6,1) L=6 H=6 hist=bfs len=6 val=6 nodes=56
EVAL state=(146,0,6,1) L=6 H=6 hist=dfs1 len=24 val=6 nodes=50
EVAL state=(146,0,6,1) L=6 H=6 hist=dfs2 len=24 val=3 nodes=479087
# ** C1-WITNESS: state (146,0,6,1) evaluates to different values under different genuine arrivals: bfs=6 long=[6,3,null,null] **
EVAL state=(147,0,6,1) L=6 H=6 hist=bfs len=6 val=6 nodes=17
EVAL state=(147,0,6,1) L=6 H=6 hist=dfs1 len=24 val=6 nodes=17
EVAL state=(147,0,6,1) L=6 H=6 hist=dfs2 len=24 val=6 nodes=17
EVAL state=(150,0,6,1) L=6 H=6 hist=bfs len=6 val=6 nodes=32
EVAL state=(150,0,6,1) L=6 H=6 hist=dfs1 UNAVAILABLE
EVAL state=(150,0,6,1) L=6 H=6 hist=dfs2 UNAVAILABLE
EVAL state=(153,0,6,1) L=6 H=6 hist=bfs len=6 val=null nodes=5000000
EVAL state=(153,0,6,1) L=6 H=6 hist=dfs1 UNAVAILABLE
EVAL state=(153,0,6,1) L=6 H=6 hist=dfs2 len=24 val=null nodes=5000000
EVAL state=(155,0,6,1) L=6 H=6 hist=bfs len=8 val=null nodes=5000000
EVAL state=(155,0,6,1) L=6 H=6 hist=dfs1 len=24 val=null nodes=5000000
EVAL state=(155,0,6,1) L=6 H=6 hist=dfs2 UNAVAILABLE
EVAL state=(156,0,6,1) L=6 H=6 hist=bfs len=6 val=6 nodes=39
EVAL state=(156,0,6,1) L=6 H=6 hist=dfs1 len=24 val=6 nodes=26
EVAL state=(156,0,6,1) L=6 H=6 hist=dfs2 len=24 val=null nodes=5000000
EVAL state=(159,0,6,1) L=6 H=6 hist=bfs len=8 val=6 nodes=70
EVAL state=(159,0,6,1) L=6 H=6 hist=dfs1 UNAVAILABLE
EVAL state=(159,0,6,1) L=6 H=6 hist=dfs2 UNAVAILABLE
EVAL state=(167,0,6,1) L=6 H=6 hist=bfs len=6 val=null nodes=5000000
EVAL state=(167,0,6,1) L=6 H=6 hist=dfs1 UNAVAILABLE
EVAL state=(167,0,6,1) L=6 H=6 hist=dfs2 len=24 val=null nodes=5000000
EVAL state=(176,0,6,1) L=6 H=6 hist=bfs len=6 val=null nodes=5000000
EVAL state=(176,0,6,1) L=6 H=6 hist=dfs1 UNAVAILABLE
EVAL state=(176,0,6,1) L=6 H=6 hist=dfs2 UNAVAILABLE
EVAL state=(183,0,6,1) L=6 H=6 hist=bfs len=6 val=null nodes=5000000
EVAL state=(183,0,6,1) L=6 H=6 hist=dfs1 UNAVAILABLE
EVAL state=(183,0,6,1) L=6 H=6 hist=dfs2 UNAVAILABLE
EVAL state=(184,0,6,1) L=6 H=6 hist=bfs len=6 val=null nodes=5000000
EVAL state=(184,0,6,1) L=6 H=6 hist=dfs1 len=24 val=6 nodes=16
EVAL state=(184,0,6,1) L=6 H=6 hist=dfs2 UNAVAILABLE
EVAL state=(192,0,6,1) L=6 H=6 hist=bfs len=4 val=null nodes=5000000
EVAL state=(192,0,6,1) L=6 H=6 hist=dfs1 len=4 val=null nodes=5000000
EVAL state=(192,0,6,1) L=6 H=6 hist=dfs2 len=24 val=null nodes=5000000
EVAL state=(193,0,6,1) L=6 H=6 hist=bfs len=6 val=null nodes=5000000
EVAL state=(193,0,6,1) L=6 H=6 hist=dfs1 len=6 val=null nodes=5000000
EVAL state=(193,0,6,1) L=6 H=6 hist=dfs2 UNAVAILABLE
EVAL state=(201,0,6,1) L=6 H=6 hist=bfs len=6 val=null nodes=5000000
EVAL state=(201,0,6,1) L=6 H=6 hist=dfs1 len=24 val=null nodes=5000000
EVAL state=(201,0,6,1) L=6 H=6 hist=dfs2 len=24 val=3 nodes=7
EVAL state=(210,0,6,1) L=6 H=6 hist=bfs len=6 val=6 nodes=32
EVAL state=(210,0,6,1) L=6 H=6 hist=dfs1 UNAVAILABLE
EVAL state=(210,0,6,1) L=6 H=6 hist=dfs2 len=24 val=6 nodes=22
EVAL state=(220,0,6,1) L=6 H=6 hist=bfs len=6 val=null nodes=5000000
EVAL state=(220,0,6,1) L=6 H=6 hist=dfs1 UNAVAILABLE
EVAL state=(220,0,6,1) L=6 H=6 hist=dfs2 len=24 val=null nodes=5000000
EVAL state=(221,0,6,1) L=6 H=6 hist=bfs len=8 val=null nodes=5000000
EVAL state=(221,0,6,1) L=6 H=6 hist=dfs1 len=24 val=null nodes=5000000
EVAL state=(221,0,6,1) L=6 H=6 hist=dfs2 UNAVAILABLE
EVAL state=(230,0,6,1) L=6 H=6 hist=bfs len=8 val=null nodes=5000000
EVAL state=(230,0,6,1) L=6 H=6 hist=dfs1 UNAVAILABLE
EVAL state=(230,0,6,1) L=6 H=6 hist=dfs2 len=24 val=null nodes=5000000
EVAL state=(237,0,6,1) L=6 H=6 hist=bfs len=8 val=null nodes=5000000
EVAL state=(237,0,6,1) L=6 H=6 hist=dfs1 UNAVAILABLE
EVAL state=(237,0,6,1) L=6 H=6 hist=dfs2 UNAVAILABLE
EVAL state=(243,0,6,1) L=6 H=6 hist=bfs len=2 val=6 nodes=617
EVAL state=(243,0,6,1) L=6 H=6 hist=dfs1 len=12 val=6 nodes=617
EVAL state=(243,0,6,1) L=6 H=6 hist=dfs2 UNAVAILABLE
EVAL state=(244,0,6,1) L=6 H=6 hist=bfs len=4 val=6 nodes=122
EVAL state=(244,0,6,1) L=6 H=6 hist=dfs1 UNAVAILABLE
EVAL state=(244,0,6,1) L=6 H=6 hist=dfs2 UNAVAILABLE
EVAL state=(245,0,6,1) L=6 H=6 hist=bfs len=4 val=null nodes=5000000
EVAL state=(245,0,6,1) L=6 H=6 hist=dfs1 len=22 val=null nodes=5000000
EVAL state=(245,0,6,1) L=6 H=6 hist=dfs2 UNAVAILABLE
EVAL state=(246,0,6,1) L=6 H=6 hist=bfs len=4 val=6 nodes=122
EVAL state=(246,0,6,1) L=6 H=6 hist=dfs1 len=24 val=6 nodes=110
EVAL state=(246,0,6,1) L=6 H=6 hist=dfs2 len=24 val=6 nodes=122
EVAL state=(247,0,6,1) L=6 H=6 hist=bfs len=6 val=6 nodes=29
EVAL state=(247,0,6,1) L=6 H=6 hist=dfs1 len=22 val=6 nodes=29
EVAL state=(247,0,6,1) L=6 H=6 hist=dfs2 UNAVAILABLE
EVAL state=(248,0,6,1) L=6 H=6 hist=bfs len=4 val=null nodes=5000000
EVAL state=(248,0,6,1) L=6 H=6 hist=dfs1 UNAVAILABLE
EVAL state=(248,0,6,1) L=6 H=6 hist=dfs2 len=24 val=null nodes=5000000
EVAL state=(252,0,6,1) L=6 H=6 hist=bfs len=4 val=6 nodes=122
EVAL state=(252,0,6,1) L=6 H=6 hist=dfs1 UNAVAILABLE
EVAL state=(252,0,6,1) L=6 H=6 hist=dfs2 len=24 val=6 nodes=122
EVAL state=(253,0,6,1) L=6 H=6 hist=bfs len=6 val=6 nodes=29
EVAL state=(253,0,6,1) L=6 H=6 hist=dfs1 UNAVAILABLE
EVAL state=(253,0,6,1) L=6 H=6 hist=dfs2 len=20 val=6 nodes=29
EVAL state=(255,0,6,1) L=6 H=6 hist=bfs len=6 val=6 nodes=29
EVAL state=(255,0,6,1) L=6 H=6 hist=dfs1 len=24 val=6 nodes=25
EVAL state=(255,0,6,1) L=6 H=6 hist=dfs2 len=24 val=6 nodes=29
EVAL state=(256,0,6,1) L=6 H=6 hist=bfs len=8 val=6 nodes=8
EVAL state=(256,0,6,1) L=6 H=6 hist=dfs1 UNAVAILABLE
EVAL state=(256,0,6,1) L=6 H=6 hist=dfs2 UNAVAILABLE
EVAL state=(257,0,6,1) L=6 H=6 hist=bfs len=6 val=6 nodes=17
EVAL state=(257,0,6,1) L=6 H=6 hist=dfs1 len=24 val=6 nodes=17
EVAL state=(257,0,6,1) L=6 H=6 hist=dfs2 len=24 val=6 nodes=17
EVAL state=(259,0,6,1) L=6 H=6 hist=bfs len=6 val=null nodes=5000000
EVAL state=(259,0,6,1) L=6 H=6 hist=dfs1 len=24 val=null nodes=5000000
EVAL state=(259,0,6,1) L=6 H=6 hist=dfs2 UNAVAILABLE
EVAL state=(261,0,6,1) L=6 H=6 hist=bfs len=4 val=null nodes=5000000
EVAL state=(261,0,6,1) L=6 H=6 hist=dfs1 UNAVAILABLE
EVAL state=(261,0,6,1) L=6 H=6 hist=dfs2 len=22 val=null nodes=5000000
EVAL state=(262,0,6,1) L=6 H=6 hist=bfs len=4 val=null nodes=5000000
EVAL state=(262,0,6,1) L=6 H=6 hist=dfs1 len=22 val=null nodes=5000000
EVAL state=(262,0,6,1) L=6 H=6 hist=dfs2 len=24 val=null nodes=5000000
EVAL state=(263,0,6,1) L=6 H=6 hist=bfs len=6 val=null nodes=5000000
EVAL state=(263,0,6,1) L=6 H=6 hist=dfs1 UNAVAILABLE
EVAL state=(263,0,6,1) L=6 H=6 hist=dfs2 len=22 val=null nodes=5000000
EVAL state=(268,0,6,1) L=6 H=6 hist=bfs len=6 val=null nodes=5000000
EVAL state=(268,0,6,1) L=6 H=6 hist=dfs1 UNAVAILABLE
EVAL state=(268,0,6,1) L=6 H=6 hist=dfs2 len=24 val=null nodes=5000000
EVAL state=(270,0,6,1) L=6 H=6 hist=bfs len=4 val=6 nodes=122
EVAL state=(270,0,6,1) L=6 H=6 hist=dfs1 UNAVAILABLE
EVAL state=(270,0,6,1) L=6 H=6 hist=dfs2 UNAVAILABLE
# progress: 1600 states, 721/3173 evals within budget, 399 states w/ value, 12273M nodes (x100 block 16)
EVAL state=(271,0,6,1) L=6 H=6 hist=bfs len=6 val=6 nodes=29
EVAL state=(271,0,6,1) L=6 H=6 hist=dfs1 UNAVAILABLE
EVAL state=(271,0,6,1) L=6 H=6 hist=dfs2 len=24 val=6 nodes=29
EVAL state=(272,0,6,1) L=6 H=6 hist=bfs len=4 val=6 nodes=68
EVAL state=(272,0,6,1) L=6 H=6 hist=dfs1 len=24 val=6 nodes=56
EVAL state=(272,0,6,1) L=6 H=6 hist=dfs2 UNAVAILABLE
EVAL state=(273,0,6,1) L=6 H=6 hist=bfs len=6 val=6 nodes=29
EVAL state=(273,0,6,1) L=6 H=6 hist=dfs1 UNAVAILABLE
EVAL state=(273,0,6,1) L=6 H=6 hist=dfs2 len=24 val=6 nodes=29
EVAL state=(274,0,6,1) L=6 H=6 hist=bfs len=8 val=6 nodes=8
EVAL state=(274,0,6,1) L=6 H=6 hist=dfs1 UNAVAILABLE
EVAL state=(274,0,6,1) L=6 H=6 hist=dfs2 UNAVAILABLE
EVAL state=(279,0,6,1) L=6 H=6 hist=bfs len=6 val=6 nodes=29
EVAL state=(279,0,6,1) L=6 H=6 hist=dfs1 UNAVAILABLE
EVAL state=(279,0,6,1) L=6 H=6 hist=dfs2 len=22 val=6 nodes=25
EVAL state=(280,0,6,1) L=6 H=6 hist=bfs len=8 val=6 nodes=8
EVAL state=(280,0,6,1) L=6 H=6 hist=dfs1 UNAVAILABLE
EVAL state=(280,0,6,1) L=6 H=6 hist=dfs2 UNAVAILABLE
EVAL state=(281,0,6,1) L=6 H=6 hist=bfs len=6 val=6 nodes=17
EVAL state=(281,0,6,1) L=6 H=6 hist=dfs1 len=24 val=6 nodes=15
EVAL state=(281,0,6,1) L=6 H=6 hist=dfs2 len=24 val=6 nodes=17
EVAL state=(282,0,6,1) L=6 H=6 hist=bfs len=8 val=6 nodes=8
EVAL state=(282,0,6,1) L=6 H=6 hist=dfs1 len=24 val=6 nodes=8
EVAL state=(282,0,6,1) L=6 H=6 hist=dfs2 len=24 val=6 nodes=8
EVAL state=(283,0,6,1) L=6 H=6 hist=bfs len=10 val=6 nodes=2
EVAL state=(283,0,6,1) L=6 H=6 hist=dfs1 len=10 val=6 nodes=2
EVAL state=(283,0,6,1) L=6 H=6 hist=dfs2 len=22 val=6 nodes=2
EVAL state=(288,0,6,1) L=6 H=6 hist=bfs len=4 val=null nodes=5000000
EVAL state=(288,0,6,1) L=6 H=6 hist=dfs1 UNAVAILABLE
EVAL state=(288,0,6,1) L=6 H=6 hist=dfs2 len=24 val=null nodes=5000000
EVAL state=(289,0,6,1) L=6 H=6 hist=bfs len=6 val=6 nodes=17
EVAL state=(289,0,6,1) L=6 H=6 hist=dfs1 UNAVAILABLE
EVAL state=(289,0,6,1) L=6 H=6 hist=dfs2 UNAVAILABLE
EVAL state=(290,0,6,1) L=6 H=6 hist=bfs len=6 val=6 nodes=44
EVAL state=(290,0,6,1) L=6 H=6 hist=dfs1 len=24 val=6 nodes=38
EVAL state=(290,0,6,1) L=6 H=6 hist=dfs2 UNAVAILABLE
EVAL state=(297,0,6,1) L=6 H=6 hist=bfs len=4 val=null nodes=5000000
EVAL state=(297,0,6,1) L=6 H=6 hist=dfs1 UNAVAILABLE
EVAL state=(297,0,6,1) L=6 H=6 hist=dfs2 len=24 val=null nodes=5000000
EVAL state=(298,0,6,1) L=6 H=6 hist=bfs len=4 val=null nodes=5000000
EVAL state=(298,0,6,1) L=6 H=6 hist=dfs1 len=24 val=6 nodes=56
EVAL state=(298,0,6,1) L=6 H=6 hist=dfs2 len=22 val=null nodes=5000000
EVAL state=(299,0,6,1) L=6 H=6 hist=bfs len=6 val=6 nodes=146
EVAL state=(299,0,6,1) L=6 H=6 hist=dfs1 len=24 val=null nodes=5000000
EVAL state=(299,0,6,1) L=6 H=6 hist=dfs2 len=24 val=null nodes=5000000
EVAL state=(300,0,6,1) L=6 H=6 hist=bfs len=4 val=null nodes=5000000
EVAL state=(300,0,6,1) L=6 H=6 hist=dfs1 len=24 val=null nodes=5000000
EVAL state=(300,0,6,1) L=6 H=6 hist=dfs2 UNAVAILABLE
EVAL state=(301,0,6,1) L=6 H=6 hist=bfs len=6 val=null nodes=5000000
EVAL state=(301,0,6,1) L=6 H=6 hist=dfs1 len=24 val=null nodes=5000000
EVAL state=(301,0,6,1) L=6 H=6 hist=dfs2 UNAVAILABLE
EVAL state=(302,0,6,1) L=6 H=6 hist=bfs len=6 val=null nodes=5000000
EVAL state=(302,0,6,1) L=6 H=6 hist=dfs1 UNAVAILABLE
EVAL state=(302,0,6,1) L=6 H=6 hist=dfs2 UNAVAILABLE
EVAL state=(307,0,6,1) L=6 H=6 hist=bfs len=6 val=null nodes=5000000
EVAL state=(307,0,6,1) L=6 H=6 hist=dfs1 UNAVAILABLE
EVAL state=(307,0,6,1) L=6 H=6 hist=dfs2 UNAVAILABLE
EVAL state=(309,0,6,1) L=6 H=6 hist=bfs len=6 val=null nodes=5000000
EVAL state=(309,0,6,1) L=6 H=6 hist=dfs1 len=24 val=null nodes=5000000
EVAL state=(309,0,6,1) L=6 H=6 hist=dfs2 len=24 val=2 nodes=410
EVAL state=(310,0,6,1) L=6 H=6 hist=bfs len=8 val=null nodes=5000000
EVAL state=(310,0,6,1) L=6 H=6 hist=dfs1 UNAVAILABLE
EVAL state=(310,0,6,1) L=6 H=6 hist=dfs2 len=20 val=null nodes=5000000
EVAL state=(311,0,6,1) L=6 H=6 hist=bfs len=6 val=null nodes=5000000
EVAL state=(311,0,6,1) L=6 H=6 hist=dfs1 UNAVAILABLE
EVAL state=(311,0,6,1) L=6 H=6 hist=dfs2 len=24 val=null nodes=5000000
EVAL state=(314,0,6,1) L=6 H=6 hist=bfs len=8 val=null nodes=5000000
EVAL state=(314,0,6,1) L=6 H=6 hist=dfs1 len=24 val=null nodes=5000000
EVAL state=(314,0,6,1) L=6 H=6 hist=dfs2 len=24 val=null nodes=5000000
EVAL state=(315,0,6,1) L=6 H=6 hist=bfs len=6 val=null nodes=5000000
EVAL state=(315,0,6,1) L=6 H=6 hist=dfs1 UNAVAILABLE
EVAL state=(315,0,6,1) L=6 H=6 hist=dfs2 UNAVAILABLE
EVAL state=(316,0,6,1) L=6 H=6 hist=bfs len=6 val=null nodes=5000000
EVAL state=(316,0,6,1) L=6 H=6 hist=dfs1 len=24 val=null nodes=5000000
EVAL state=(316,0,6,1) L=6 H=6 hist=dfs2 UNAVAILABLE
EVAL state=(317,0,6,1) L=6 H=6 hist=bfs len=8 val=null nodes=5000000
EVAL state=(317,0,6,1) L=6 H=6 hist=dfs1 UNAVAILABLE
EVAL state=(317,0,6,1) L=6 H=6 hist=dfs2 len=24 val=null nodes=5000000
EVAL state=(324,0,6,1) L=6 H=6 hist=bfs len=4 val=6 nodes=122
EVAL state=(324,0,6,1) L=6 H=6 hist=dfs1 UNAVAILABLE
EVAL state=(324,0,6,1) L=6 H=6 hist=dfs2 len=24 val=6 nodes=122
EVAL state=(325,0,6,1) L=6 H=6 hist=bfs len=6 val=6 nodes=29
EVAL state=(325,0,6,1) L=6 H=6 hist=dfs1 UNAVAILABLE
EVAL state=(325,0,6,1) L=6 H=6 hist=dfs2 len=24 val=6 nodes=29
EVAL state=(326,0,6,1) L=6 H=6 hist=bfs len=4 val=null nodes=5000000
EVAL state=(326,0,6,1) L=6 H=6 hist=dfs1 len=24 val=null nodes=5000000
EVAL state=(326,0,6,1) L=6 H=6 hist=dfs2 len=22 val=3 nodes=22
EVAL state=(327,0,6,1) L=6 H=6 hist=bfs len=6 val=6 nodes=29
EVAL state=(327,0,6,1) L=6 H=6 hist=dfs1 len=22 val=6 nodes=29
EVAL state=(327,0,6,1) L=6 H=6 hist=dfs2 len=24 val=6 nodes=19
EVAL state=(328,0,6,1) L=6 H=6 hist=bfs len=8 val=6 nodes=8
EVAL state=(328,0,6,1) L=6 H=6 hist=dfs1 len=24 val=6 nodes=8
EVAL state=(328,0,6,1) L=6 H=6 hist=dfs2 UNAVAILABLE
EVAL state=(329,0,6,1) L=6 H=6 hist=bfs len=6 val=null nodes=5000000
EVAL state=(329,0,6,1) L=6 H=6 hist=dfs1 len=24 val=6 nodes=13
EVAL state=(329,0,6,1) L=6 H=6 hist=dfs2 UNAVAILABLE
EVAL state=(331,0,6,1) L=6 H=6 hist=bfs len=6 val=6 nodes=17
EVAL state=(331,0,6,1) L=6 H=6 hist=dfs1 len=24 val=6 nodes=15
EVAL state=(331,0,6,1) L=6 H=6 hist=dfs2 UNAVAILABLE
EVAL state=(333,0,6,1) L=6 H=6 hist=bfs len=6 val=6 nodes=29
EVAL state=(333,0,6,1) L=6 H=6 hist=dfs1 len=22 val=6 nodes=29
EVAL state=(333,0,6,1) L=6 H=6 hist=dfs2 len=24 val=6 nodes=25
EVAL state=(334,0,6,1) L=6 H=6 hist=bfs len=8 val=6 nodes=8
EVAL state=(334,0,6,1) L=6 H=6 hist=dfs1 len=24 val=6 nodes=8
EVAL state=(334,0,6,1) L=6 H=6 hist=dfs2 len=24 val=6 nodes=8
EVAL state=(335,0,6,1) L=6 H=6 hist=bfs len=6 val=null nodes=5000000
EVAL state=(335,0,6,1) L=6 H=6 hist=dfs1 UNAVAILABLE
EVAL state=(335,0,6,1) L=6 H=6 hist=dfs2 UNAVAILABLE
EVAL state=(336,0,6,1) L=6 H=6 hist=bfs len=8 val=6 nodes=8
EVAL state=(336,0,6,1) L=6 H=6 hist=dfs1 UNAVAILABLE
EVAL state=(336,0,6,1) L=6 H=6 hist=dfs2 len=24 val=6 nodes=8
EVAL state=(337,0,6,1) L=6 H=6 hist=bfs len=10 val=6 nodes=2
EVAL state=(337,0,6,1) L=6 H=6 hist=dfs1 len=22 val=6 nodes=2
EVAL state=(337,0,6,1) L=6 H=6 hist=dfs2 len=20 val=6 nodes=2
EVAL state=(338,0,6,1) L=6 H=6 hist=bfs len=8 val=null nodes=5000000
EVAL state=(338,0,6,1) L=6 H=6 hist=dfs1 len=24 val=null nodes=5000000
EVAL state=(338,0,6,1) L=6 H=6 hist=dfs2 UNAVAILABLE
EVAL state=(339,0,6,1) L=6 H=6 hist=bfs len=6 val=6 nodes=17
EVAL state=(339,0,6,1) L=6 H=6 hist=dfs1 len=20 val=6 nodes=15
EVAL state=(339,0,6,1) L=6 H=6 hist=dfs2 len=24 val=6 nodes=17
EVAL state=(342,0,6,1) L=6 H=6 hist=bfs len=4 val=6 nodes=68
EVAL state=(342,0,6,1) L=6 H=6 hist=dfs1 len=24 val=6 nodes=56
EVAL state=(342,0,6,1) L=6 H=6 hist=dfs2 len=24 val=6 nodes=68
EVAL state=(343,0,6,1) L=6 H=6 hist=bfs len=6 val=6 nodes=17
EVAL state=(343,0,6,1) L=6 H=6 hist=dfs1 UNAVAILABLE
EVAL state=(343,0,6,1) L=6 H=6 hist=dfs2 len=24 val=6 nodes=17
EVAL state=(344,0,6,1) L=6 H=6 hist=bfs len=6 val=6 nodes=33
EVAL state=(344,0,6,1) L=6 H=6 hist=dfs1 len=24 val=6 nodes=23
EVAL state=(344,0,6,1) L=6 H=6 hist=dfs2 UNAVAILABLE
EVAL state=(348,0,6,1) L=6 H=6 hist=bfs len=6 val=6 nodes=59
EVAL state=(348,0,6,1) L=6 H=6 hist=dfs1 len=24 val=6 nodes=53
EVAL state=(348,0,6,1) L=6 H=6 hist=dfs2 len=24 val=6 nodes=59
EVAL state=(351,0,6,1) L=6 H=6 hist=bfs len=6 val=6 nodes=29
EVAL state=(351,0,6,1) L=6 H=6 hist=dfs1 len=24 val=6 nodes=25
EVAL state=(351,0,6,1) L=6 H=6 hist=dfs2 len=24 val=6 nodes=29
EVAL state=(352,0,6,1) L=6 H=6 hist=bfs len=8 val=6 nodes=8
EVAL state=(352,0,6,1) L=6 H=6 hist=dfs1 len=18 val=6 nodes=8
EVAL state=(352,0,6,1) L=6 H=6 hist=dfs2 len=24 val=6 nodes=8
EVAL state=(353,0,6,1) L=6 H=6 hist=bfs len=6 val=6 nodes=17
EVAL state=(353,0,6,1) L=6 H=6 hist=dfs1 len=24 val=6 nodes=13
EVAL state=(353,0,6,1) L=6 H=6 hist=dfs2 UNAVAILABLE
EVAL state=(354,0,6,1) L=6 H=6 hist=bfs len=8 val=6 nodes=8
EVAL state=(354,0,6,1) L=6 H=6 hist=dfs1 len=22 val=6 nodes=6
EVAL state=(354,0,6,1) L=6 H=6 hist=dfs2 len=20 val=6 nodes=6
EVAL state=(355,0,6,1) L=6 H=6 hist=bfs len=10 val=6 nodes=2
EVAL state=(355,0,6,1) L=6 H=6 hist=dfs1 len=24 val=6 nodes=2
EVAL state=(355,0,6,1) L=6 H=6 hist=dfs2 len=24 val=6 nodes=2
EVAL state=(360,0,6,1) L=6 H=6 hist=bfs len=8 val=6 nodes=8
EVAL state=(360,0,6,1) L=6 H=6 hist=dfs1 UNAVAILABLE
EVAL state=(360,0,6,1) L=6 H=6 hist=dfs2 len=24 val=6 nodes=8
EVAL state=(361,0,6,1) L=6 H=6 hist=bfs len=10 val=6 nodes=2
EVAL state=(361,0,6,1) L=6 H=6 hist=dfs1 UNAVAILABLE
EVAL state=(361,0,6,1) L=6 H=6 hist=dfs2 len=20 val=6 nodes=2
EVAL state=(362,0,6,1) L=6 H=6 hist=bfs len=8 val=null nodes=5000000
EVAL state=(362,0,6,1) L=6 H=6 hist=dfs1 UNAVAILABLE
EVAL state=(362,0,6,1) L=6 H=6 hist=dfs2 len=24 val=null nodes=5000000
EVAL state=(363,0,6,1) L=6 H=6 hist=bfs len=10 val=6 nodes=2
EVAL state=(363,0,6,1) L=6 H=6 hist=dfs1 UNAVAILABLE
EVAL state=(363,0,6,1) L=6 H=6 hist=dfs2 len=24 val=6 nodes=2
EVAL state=(369,0,6,1) L=6 H=6 hist=bfs len=6 val=null nodes=5000000
EVAL state=(369,0,6,1) L=6 H=6 hist=dfs1 len=24 val=null nodes=5000000
EVAL state=(369,0,6,1) L=6 H=6 hist=dfs2 len=24 val=null nodes=5000000
EVAL state=(370,0,6,1) L=6 H=6 hist=bfs len=8 val=null nodes=5000000
EVAL state=(370,0,6,1) L=6 H=6 hist=dfs1 UNAVAILABLE
EVAL state=(370,0,6,1) L=6 H=6 hist=dfs2 UNAVAILABLE
EVAL state=(371,0,6,1) L=6 H=6 hist=bfs len=6 val=6 nodes=11
EVAL state=(371,0,6,1) L=6 H=6 hist=dfs1 UNAVAILABLE
EVAL state=(371,0,6,1) L=6 H=6 hist=dfs2 UNAVAILABLE
EVAL state=(378,0,6,1) L=6 H=6 hist=bfs len=4 val=6 nodes=83
EVAL state=(378,0,6,1) L=6 H=6 hist=dfs1 len=24 val=6 nodes=83
EVAL state=(378,0,6,1) L=6 H=6 hist=dfs2 len=24 val=6 nodes=83
EVAL state=(380,0,6,1) L=6 H=6 hist=bfs len=6 val=6 nodes=63
EVAL state=(380,0,6,1) L=6 H=6 hist=dfs1 len=24 val=3 nodes=39
EVAL state=(380,0,6,1) L=6 H=6 hist=dfs2 UNAVAILABLE
# ** C1-WITNESS: state (380,0,6,1) evaluates to different values under different genuine arrivals: bfs=6 long=[3,null,null,null] **
EVAL state=(381,0,6,1) L=6 H=6 hist=bfs len=6 val=6 nodes=17
EVAL state=(381,0,6,1) L=6 H=6 hist=dfs1 len=24 val=6 nodes=12
EVAL state=(381,0,6,1) L=6 H=6 hist=dfs2 len=20 val=6 nodes=17
EVAL state=(384,0,6,1) L=6 H=6 hist=bfs len=6 val=6 nodes=20
EVAL state=(384,0,6,1) L=6 H=6 hist=dfs1 UNAVAILABLE
EVAL state=(384,0,6,1) L=6 H=6 hist=dfs2 UNAVAILABLE
EVAL state=(386,0,6,1) L=6 H=6 hist=bfs len=8 val=null nodes=5000000
EVAL state=(386,0,6,1) L=6 H=6 hist=dfs1 len=24 val=null nodes=5000000
EVAL state=(386,0,6,1) L=6 H=6 hist=dfs2 UNAVAILABLE
EVAL state=(387,0,6,1) L=6 H=6 hist=bfs len=6 val=6 nodes=17
EVAL state=(387,0,6,1) L=6 H=6 hist=dfs1 UNAVAILABLE
EVAL state=(387,0,6,1) L=6 H=6 hist=dfs2 UNAVAILABLE
EVAL state=(389,0,6,1) L=6 H=6 hist=bfs len=6 val=null nodes=5000000
EVAL state=(389,0,6,1) L=6 H=6 hist=dfs1 len=24 val=null nodes=5000000
EVAL state=(389,0,6,1) L=6 H=6 hist=dfs2 len=24 val=null nodes=5000000
EVAL state=(390,0,6,1) L=6 H=6 hist=bfs len=8 val=null nodes=5000000
EVAL state=(390,0,6,1) L=6 H=6 hist=dfs1 len=18 val=null nodes=5000000
EVAL state=(390,0,6,1) L=6 H=6 hist=dfs2 len=22 val=null nodes=5000000
EVAL state=(396,0,6,1) L=6 H=6 hist=bfs len=6 val=6 nodes=38
EVAL state=(396,0,6,1) L=6 H=6 hist=dfs1 UNAVAILABLE
EVAL state=(396,0,6,1) L=6 H=6 hist=dfs2 UNAVAILABLE
EVAL state=(398,0,6,1) L=6 H=6 hist=bfs len=8 val=6 nodes=51
EVAL state=(398,0,6,1) L=6 H=6 hist=dfs1 UNAVAILABLE
EVAL state=(398,0,6,1) L=6 H=6 hist=dfs2 len=24 val=6 nodes=41
EVAL state=(408,0,6,1) L=6 H=6 hist=bfs len=4 val=null nodes=5000000
EVAL state=(408,0,6,1) L=6 H=6 hist=dfs1 len=24 val=null nodes=5000000
EVAL state=(408,0,6,1) L=6 H=6 hist=dfs2 len=24 val=null nodes=5000000
EVAL state=(409,0,6,1) L=6 H=6 hist=bfs len=6 val=null nodes=5000000
EVAL state=(409,0,6,1) L=6 H=6 hist=dfs1 UNAVAILABLE
EVAL state=(409,0,6,1) L=6 H=6 hist=dfs2 UNAVAILABLE
EVAL state=(410,0,6,1) L=6 H=6 hist=bfs len=6 val=6 nodes=32
EVAL state=(410,0,6,1) L=6 H=6 hist=dfs1 len=22 val=6 nodes=32
EVAL state=(410,0,6,1) L=6 H=6 hist=dfs2 UNAVAILABLE
EVAL state=(417,0,6,1) L=6 H=6 hist=bfs len=6 val=null nodes=5000000
EVAL state=(417,0,6,1) L=6 H=6 hist=dfs1 len=24 val=null nodes=5000000
EVAL state=(417,0,6,1) L=6 H=6 hist=dfs2 UNAVAILABLE
EVAL state=(432,0,6,1) L=6 H=6 hist=bfs len=4 val=6 nodes=77
EVAL state=(432,0,6,1) L=6 H=6 hist=dfs1 UNAVAILABLE
EVAL state=(432,0,6,1) L=6 H=6 hist=dfs2 len=24 val=6 nodes=71
EVAL state=(433,0,6,1) L=6 H=6 hist=bfs len=6 val=6 nodes=17
EVAL state=(433,0,6,1) L=6 H=6 hist=dfs1 UNAVAILABLE
EVAL state=(433,0,6,1) L=6 H=6 hist=dfs2 len=24 val=6 nodes=17
EVAL state=(441,0,6,1) L=6 H=6 hist=bfs len=6 val=null nodes=5000000
EVAL state=(441,0,6,1) L=6 H=6 hist=dfs1 UNAVAILABLE
EVAL state=(441,0,6,1) L=6 H=6 hist=dfs2 UNAVAILABLE
EVAL state=(460,0,6,1) L=6 H=6 hist=bfs len=6 val=null nodes=5000000
EVAL state=(460,0,6,1) L=6 H=6 hist=dfs1 len=24 val=null nodes=5000000
EVAL state=(460,0,6,1) L=6 H=6 hist=dfs2 UNAVAILABLE
EVAL state=(461,0,6,1) L=6 H=6 hist=bfs len=8 val=null nodes=5000000
EVAL state=(461,0,6,1) L=6 H=6 hist=dfs1 UNAVAILABLE
EVAL state=(461,0,6,1) L=6 H=6 hist=dfs2 len=20 val=null nodes=5000000
EVAL state=(462,0,6,1) L=6 H=6 hist=bfs len=6 val=null nodes=5000000
EVAL state=(462,0,6,1) L=6 H=6 hist=dfs1 len=24 val=null nodes=5000000
EVAL state=(462,0,6,1) L=6 H=6 hist=dfs2 UNAVAILABLE
EVAL state=(470,0,6,1) L=6 H=6 hist=bfs len=8 val=null nodes=5000000
EVAL state=(470,0,6,1) L=6 H=6 hist=dfs1 len=24 val=null nodes=5000000
EVAL state=(470,0,6,1) L=6 H=6 hist=dfs2 len=24 val=null nodes=5000000
EVAL state=(487,0,6,1) L=6 H=6 hist=bfs len=4 val=null nodes=5000000
EVAL state=(487,0,6,1) L=6 H=6 hist=dfs1 len=24 val=null nodes=5000000
EVAL state=(487,0,6,1) L=6 H=6 hist=dfs2 UNAVAILABLE
EVAL state=(489,0,6,1) L=6 H=6 hist=bfs len=4 val=null nodes=5000000
EVAL state=(489,0,6,1) L=6 H=6 hist=dfs1 UNAVAILABLE
EVAL state=(489,0,6,1) L=6 H=6 hist=dfs2 len=24 val=null nodes=5000000
EVAL state=(490,0,6,1) L=6 H=6 hist=bfs len=4 val=null nodes=5000000
EVAL state=(490,0,6,1) L=6 H=6 hist=dfs1 len=24 val=null nodes=5000000
EVAL state=(490,0,6,1) L=6 H=6 hist=dfs2 UNAVAILABLE
EVAL state=(491,0,6,1) L=6 H=6 hist=bfs len=6 val=null nodes=5000000
EVAL state=(491,0,6,1) L=6 H=6 hist=dfs1 UNAVAILABLE
EVAL state=(491,0,6,1) L=6 H=6 hist=dfs2 len=24 val=null nodes=5000000
EVAL state=(495,0,6,1) L=6 H=6 hist=bfs len=4 val=null nodes=5000000
EVAL state=(495,0,6,1) L=6 H=6 hist=dfs1 len=22 val=null nodes=5000000
EVAL state=(495,0,6,1) L=6 H=6 hist=dfs2 len=22 val=null nodes=5000000
EVAL state=(496,0,6,1) L=6 H=6 hist=bfs len=4 val=null nodes=5000000
EVAL state=(496,0,6,1) L=6 H=6 hist=dfs1 len=24 val=null nodes=5000000
EVAL state=(496,0,6,1) L=6 H=6 hist=dfs2 UNAVAILABLE
EVAL state=(497,0,6,1) L=6 H=6 hist=bfs len=6 val=null nodes=5000000
EVAL state=(497,0,6,1) L=6 H=6 hist=dfs1 len=24 val=0 nodes=63
EVAL state=(497,0,6,1) L=6 H=6 hist=dfs2 UNAVAILABLE
EVAL state=(498,0,6,1) L=6 H=6 hist=bfs len=4 val=null nodes=5000000
EVAL state=(498,0,6,1) L=6 H=6 hist=dfs1 UNAVAILABLE
EVAL state=(498,0,6,1) L=6 H=6 hist=dfs2 len=22 val=null nodes=5000000
EVAL state=(499,0,6,1) L=6 H=6 hist=bfs len=6 val=null nodes=5000000
EVAL state=(499,0,6,1) L=6 H=6 hist=dfs1 UNAVAILABLE
EVAL state=(499,0,6,1) L=6 H=6 hist=dfs2 UNAVAILABLE
EVAL state=(500,0,6,1) L=6 H=6 hist=bfs len=6 val=null nodes=5000000
EVAL state=(500,0,6,1) L=6 H=6 hist=dfs1 UNAVAILABLE
EVAL state=(500,0,6,1) L=6 H=6 hist=dfs2 UNAVAILABLE
EVAL state=(505,0,6,1) L=6 H=6 hist=bfs len=6 val=null nodes=5000000
EVAL state=(505,0,6,1) L=6 H=6 hist=dfs1 UNAVAILABLE
EVAL state=(505,0,6,1) L=6 H=6 hist=dfs2 UNAVAILABLE
EVAL state=(507,0,6,1) L=6 H=6 hist=bfs len=6 val=null nodes=5000000
EVAL state=(507,0,6,1) L=6 H=6 hist=dfs1 UNAVAILABLE
EVAL state=(507,0,6,1) L=6 H=6 hist=dfs2 len=22 val=null nodes=5000000
EVAL state=(508,0,6,1) L=6 H=6 hist=bfs len=6 val=null nodes=5000000
EVAL state=(508,0,6,1) L=6 H=6 hist=dfs1 UNAVAILABLE
EVAL state=(508,0,6,1) L=6 H=6 hist=dfs2 UNAVAILABLE
EVAL state=(509,0,6,1) L=6 H=6 hist=bfs len=8 val=null nodes=5000000
EVAL state=(509,0,6,1) L=6 H=6 hist=dfs1 UNAVAILABLE
EVAL state=(509,0,6,1) L=6 H=6 hist=dfs2 len=22 val=null nodes=5000000
EVAL state=(511,0,6,1) L=6 H=6 hist=bfs len=8 val=null nodes=5000000
EVAL state=(511,0,6,1) L=6 H=6 hist=dfs1 UNAVAILABLE
EVAL state=(511,0,6,1) L=6 H=6 hist=dfs2 UNAVAILABLE
EVAL state=(513,0,6,1) L=6 H=6 hist=bfs len=4 val=null nodes=5000000
EVAL state=(513,0,6,1) L=6 H=6 hist=dfs1 UNAVAILABLE
EVAL state=(513,0,6,1) L=6 H=6 hist=dfs2 len=22 val=null nodes=5000000
EVAL state=(515,0,6,1) L=6 H=6 hist=bfs len=6 val=null nodes=5000000
EVAL state=(515,0,6,1) L=6 H=6 hist=dfs1 UNAVAILABLE
EVAL state=(515,0,6,1) L=6 H=6 hist=dfs2 UNAVAILABLE
EVAL state=(516,0,6,1) L=6 H=6 hist=bfs len=4 val=null nodes=5000000
EVAL state=(516,0,6,1) L=6 H=6 hist=dfs1 UNAVAILABLE
EVAL state=(516,0,6,1) L=6 H=6 hist=dfs2 len=24 val=null nodes=5000000
EVAL state=(517,0,6,1) L=6 H=6 hist=bfs len=6 val=null nodes=5000000
EVAL state=(517,0,6,1) L=6 H=6 hist=dfs1 len=24 val=null nodes=5000000
EVAL state=(517,0,6,1) L=6 H=6 hist=dfs2 len=24 val=null nodes=5000000
EVAL state=(522,0,6,1) L=6 H=6 hist=bfs len=4 val=null nodes=5000000
EVAL state=(522,0,6,1) L=6 H=6 hist=dfs1 UNAVAILABLE
EVAL state=(522,0,6,1) L=6 H=6 hist=dfs2 len=24 val=6 nodes=53
EVAL state=(523,0,6,1) L=6 H=6 hist=bfs len=6 val=null nodes=5000000
EVAL state=(523,0,6,1) L=6 H=6 hist=dfs1 UNAVAILABLE
EVAL state=(523,0,6,1) L=6 H=6 hist=dfs2 len=24 val=null nodes=5000000
EVAL state=(524,0,6,1) L=6 H=6 hist=bfs len=6 val=null nodes=5000000
EVAL state=(524,0,6,1) L=6 H=6 hist=dfs1 len=24 val=3 nodes=18
EVAL state=(524,0,6,1) L=6 H=6 hist=dfs2 UNAVAILABLE
EVAL state=(525,0,6,1) L=6 H=6 hist=bfs len=6 val=null nodes=5000000
EVAL state=(525,0,6,1) L=6 H=6 hist=dfs1 len=24 val=null nodes=5000000
EVAL state=(525,0,6,1) L=6 H=6 hist=dfs2 UNAVAILABLE
# progress: 1700 states, 826/3381 evals within budget, 451 states w/ value, 12788M nodes (x100 block 17)
EVAL state=(526,0,6,1) L=6 H=6 hist=bfs len=8 val=null nodes=5000000
EVAL state=(526,0,6,1) L=6 H=6 hist=dfs1 len=22 val=null nodes=5000000
EVAL state=(526,0,6,1) L=6 H=6 hist=dfs2 UNAVAILABLE
EVAL state=(531,0,6,1) L=6 H=6 hist=bfs len=6 val=null nodes=5000000
EVAL state=(531,0,6,1) L=6 H=6 hist=dfs1 len=24 val=null nodes=5000000
EVAL state=(531,0,6,1) L=6 H=6 hist=dfs2 len=24 val=null nodes=5000000
EVAL state=(533,0,6,1) L=6 H=6 hist=bfs len=8 val=null nodes=5000000
EVAL state=(533,0,6,1) L=6 H=6 hist=dfs1 UNAVAILABLE
EVAL state=(533,0,6,1) L=6 H=6 hist=dfs2 len=24 val=null nodes=5000000
EVAL state=(534,0,6,1) L=6 H=6 hist=bfs len=6 val=null nodes=5000000
EVAL state=(534,0,6,1) L=6 H=6 hist=dfs1 len=24 val=null nodes=5000000
EVAL state=(534,0,6,1) L=6 H=6 hist=dfs2 len=24 val=null nodes=5000000
EVAL state=(535,0,6,1) L=6 H=6 hist=bfs len=6 val=null nodes=5000000
EVAL state=(535,0,6,1) L=6 H=6 hist=dfs1 UNAVAILABLE
EVAL state=(535,0,6,1) L=6 H=6 hist=dfs2 UNAVAILABLE
EVAL state=(538,0,6,1) L=6 H=6 hist=bfs len=8 val=null nodes=5000000
EVAL state=(538,0,6,1) L=6 H=6 hist=dfs1 len=24 val=null nodes=5000000
EVAL state=(538,0,6,1) L=6 H=6 hist=dfs2 UNAVAILABLE
EVAL state=(541,0,6,1) L=6 H=6 hist=bfs len=6 val=null nodes=5000000
EVAL state=(541,0,6,1) L=6 H=6 hist=dfs1 len=24 val=null nodes=5000000
EVAL state=(541,0,6,1) L=6 H=6 hist=dfs2 len=24 val=null nodes=5000000
EVAL state=(543,0,6,1) L=6 H=6 hist=bfs len=6 val=null nodes=5000000
EVAL state=(543,0,6,1) L=6 H=6 hist=dfs1 UNAVAILABLE
EVAL state=(543,0,6,1) L=6 H=6 hist=dfs2 len=24 val=null nodes=5000000
EVAL state=(544,0,6,1) L=6 H=6 hist=bfs len=6 val=null nodes=5000000
EVAL state=(544,0,6,1) L=6 H=6 hist=dfs1 UNAVAILABLE
EVAL state=(544,0,6,1) L=6 H=6 hist=dfs2 UNAVAILABLE
EVAL state=(545,0,6,1) L=6 H=6 hist=bfs len=8 val=null nodes=5000000
EVAL state=(545,0,6,1) L=6 H=6 hist=dfs1 UNAVAILABLE
EVAL state=(545,0,6,1) L=6 H=6 hist=dfs2 len=24 val=null nodes=5000000
EVAL state=(549,0,6,1) L=6 H=6 hist=bfs len=6 val=null nodes=5000000
EVAL state=(549,0,6,1) L=6 H=6 hist=dfs1 len=24 val=null nodes=5000000
EVAL state=(549,0,6,1) L=6 H=6 hist=dfs2 UNAVAILABLE
EVAL state=(550,0,6,1) L=6 H=6 hist=bfs len=6 val=null nodes=5000000
EVAL state=(550,0,6,1) L=6 H=6 hist=dfs1 len=24 val=null nodes=5000000
EVAL state=(550,0,6,1) L=6 H=6 hist=dfs2 UNAVAILABLE
EVAL state=(551,0,6,1) L=6 H=6 hist=bfs len=8 val=null nodes=5000000
EVAL state=(551,0,6,1) L=6 H=6 hist=dfs1 UNAVAILABLE
EVAL state=(551,0,6,1) L=6 H=6 hist=dfs2 UNAVAILABLE
EVAL state=(552,0,6,1) L=6 H=6 hist=bfs len=6 val=null nodes=5000000
EVAL state=(552,0,6,1) L=6 H=6 hist=dfs1 UNAVAILABLE
EVAL state=(552,0,6,1) L=6 H=6 hist=dfs2 UNAVAILABLE
EVAL state=(553,0,6,1) L=6 H=6 hist=bfs len=6 val=6 nodes=11
EVAL state=(553,0,6,1) L=6 H=6 hist=dfs1 len=20 val=6 nodes=11
EVAL state=(553,0,6,1) L=6 H=6 hist=dfs2 UNAVAILABLE
EVAL state=(554,0,6,1) L=6 H=6 hist=bfs len=8 val=6 nodes=44
EVAL state=(554,0,6,1) L=6 H=6 hist=dfs1 UNAVAILABLE
EVAL state=(554,0,6,1) L=6 H=6 hist=dfs2 len=24 val=6 nodes=40
EVAL state=(559,0,6,1) L=6 H=6 hist=bfs len=8 val=null nodes=5000000
EVAL state=(559,0,6,1) L=6 H=6 hist=dfs1 len=24 val=null nodes=5000000
EVAL state=(559,0,6,1) L=6 H=6 hist=dfs2 UNAVAILABLE
EVAL state=(561,0,6,1) L=6 H=6 hist=bfs len=8 val=null nodes=5000000
EVAL state=(561,0,6,1) L=6 H=6 hist=dfs1 UNAVAILABLE
EVAL state=(561,0,6,1) L=6 H=6 hist=dfs2 UNAVAILABLE
EVAL state=(562,0,6,1) L=6 H=6 hist=bfs len=8 val=6 nodes=51
EVAL state=(562,0,6,1) L=6 H=6 hist=dfs1 UNAVAILABLE
EVAL state=(562,0,6,1) L=6 H=6 hist=dfs2 UNAVAILABLE
EVAL state=(563,0,6,1) L=6 H=6 hist=bfs len=10 val=null nodes=5000000
EVAL state=(563,0,6,1) L=6 H=6 hist=dfs1 UNAVAILABLE
EVAL state=(563,0,6,1) L=6 H=6 hist=dfs2 UNAVAILABLE
EVAL state=(567,0,6,1) L=6 H=6 hist=bfs len=4 val=null nodes=5000000
EVAL state=(567,0,6,1) L=6 H=6 hist=dfs1 UNAVAILABLE
EVAL state=(567,0,6,1) L=6 H=6 hist=dfs2 UNAVAILABLE
EVAL state=(568,0,6,1) L=6 H=6 hist=bfs len=4 val=6 nodes=68
EVAL state=(568,0,6,1) L=6 H=6 hist=dfs1 UNAVAILABLE
EVAL state=(568,0,6,1) L=6 H=6 hist=dfs2 len=24 val=6 nodes=68
EVAL state=(569,0,6,1) L=6 H=6 hist=bfs len=6 val=6 nodes=134
EVAL state=(569,0,6,1) L=6 H=6 hist=dfs1 len=24 val=6 nodes=118
EVAL state=(569,0,6,1) L=6 H=6 hist=dfs2 len=24 val=6 nodes=110
EVAL state=(570,0,6,1) L=6 H=6 hist=bfs len=4 val=6 nodes=68
EVAL state=(570,0,6,1) L=6 H=6 hist=dfs1 len=24 val=null nodes=5000000
EVAL state=(570,0,6,1) L=6 H=6 hist=dfs2 len=24 val=6 nodes=56
EVAL state=(571,0,6,1) L=6 H=6 hist=bfs len=6 val=6 nodes=17
EVAL state=(571,0,6,1) L=6 H=6 hist=dfs1 len=24 val=6 nodes=17
EVAL state=(571,0,6,1) L=6 H=6 hist=dfs2 len=24 val=6 nodes=17
EVAL state=(572,0,6,1) L=6 H=6 hist=bfs len=6 val=6 nodes=38
EVAL state=(572,0,6,1) L=6 H=6 hist=dfs1 UNAVAILABLE
EVAL state=(572,0,6,1) L=6 H=6 hist=dfs2 UNAVAILABLE
EVAL state=(573,0,6,1) L=6 H=6 hist=bfs len=6 val=null nodes=5000000
EVAL state=(573,0,6,1) L=6 H=6 hist=dfs1 UNAVAILABLE
EVAL state=(573,0,6,1) L=6 H=6 hist=dfs2 len=24 val=null nodes=5000000
EVAL state=(574,0,6,1) L=6 H=6 hist=bfs len=6 val=6 nodes=32
EVAL state=(574,0,6,1) L=6 H=6 hist=dfs1 UNAVAILABLE
EVAL state=(574,0,6,1) L=6 H=6 hist=dfs2 UNAVAILABLE
EVAL state=(575,0,6,1) L=6 H=6 hist=bfs len=8 val=6 nodes=62
EVAL state=(575,0,6,1) L=6 H=6 hist=dfs1 UNAVAILABLE
EVAL state=(575,0,6,1) L=6 H=6 hist=dfs2 UNAVAILABLE
EVAL state=(585,0,6,1) L=6 H=6 hist=bfs len=6 val=6 nodes=234
EVAL state=(585,0,6,1) L=6 H=6 hist=dfs1 UNAVAILABLE
EVAL state=(585,0,6,1) L=6 H=6 hist=dfs2 len=22 val=null nodes=5000000
EVAL state=(586,0,6,1) L=6 H=6 hist=bfs len=6 val=6 nodes=63
EVAL state=(586,0,6,1) L=6 H=6 hist=dfs1 len=24 val=null nodes=5000000
EVAL state=(586,0,6,1) L=6 H=6 hist=dfs2 len=24 val=null nodes=5000000
EVAL state=(587,0,6,1) L=6 H=6 hist=bfs len=8 val=null nodes=5000000
EVAL state=(587,0,6,1) L=6 H=6 hist=dfs1 UNAVAILABLE
EVAL state=(587,0,6,1) L=6 H=6 hist=dfs2 len=24 val=6 nodes=116
EVAL state=(591,0,6,1) L=6 H=6 hist=bfs len=8 val=null nodes=5000000
EVAL state=(591,0,6,1) L=6 H=6 hist=dfs1 len=24 val=null nodes=5000000
EVAL state=(591,0,6,1) L=6 H=6 hist=dfs2 UNAVAILABLE
EVAL state=(594,0,6,1) L=6 H=6 hist=bfs len=4 val=null nodes=5000000
EVAL state=(594,0,6,1) L=6 H=6 hist=dfs1 len=24 val=null nodes=5000000
EVAL state=(594,0,6,1) L=6 H=6 hist=dfs2 len=24 val=null nodes=5000000
EVAL state=(595,0,6,1) L=6 H=6 hist=bfs len=6 val=null nodes=5000000
EVAL state=(595,0,6,1) L=6 H=6 hist=dfs1 len=24 val=null nodes=5000000
EVAL state=(595,0,6,1) L=6 H=6 hist=dfs2 UNAVAILABLE
EVAL state=(596,0,6,1) L=6 H=6 hist=bfs len=6 val=null nodes=5000000
EVAL state=(596,0,6,1) L=6 H=6 hist=dfs1 UNAVAILABLE
EVAL state=(596,0,6,1) L=6 H=6 hist=dfs2 len=24 val=6 nodes=32
EVAL state=(597,0,6,1) L=6 H=6 hist=bfs len=6 val=null nodes=5000000
EVAL state=(597,0,6,1) L=6 H=6 hist=dfs1 len=24 val=null nodes=5000000
EVAL state=(597,0,6,1) L=6 H=6 hist=dfs2 len=16 val=null nodes=5000000
EVAL state=(598,0,6,1) L=6 H=6 hist=bfs len=8 val=null nodes=5000000
EVAL state=(598,0,6,1) L=6 H=6 hist=dfs1 UNAVAILABLE
EVAL state=(598,0,6,1) L=6 H=6 hist=dfs2 len=22 val=null nodes=5000000
EVAL state=(600,0,6,1) L=6 H=6 hist=bfs len=6 val=6 nodes=20
EVAL state=(600,0,6,1) L=6 H=6 hist=dfs1 UNAVAILABLE
EVAL state=(600,0,6,1) L=6 H=6 hist=dfs2 len=24 val=6 nodes=20
EVAL state=(612,0,6,1) L=6 H=6 hist=bfs len=6 val=null nodes=5000000
EVAL state=(612,0,6,1) L=6 H=6 hist=dfs1 UNAVAILABLE
EVAL state=(612,0,6,1) L=6 H=6 hist=dfs2 UNAVAILABLE
EVAL state=(613,0,6,1) L=6 H=6 hist=bfs len=6 val=null nodes=5000000
EVAL state=(613,0,6,1) L=6 H=6 hist=dfs1 len=24 val=null nodes=5000000
EVAL state=(613,0,6,1) L=6 H=6 hist=dfs2 len=24 val=null nodes=5000000
EVAL state=(614,0,6,1) L=6 H=6 hist=bfs len=8 val=null nodes=5000000
EVAL state=(614,0,6,1) L=6 H=6 hist=dfs1 len=22 val=null nodes=5000000
EVAL state=(614,0,6,1) L=6 H=6 hist=dfs2 UNAVAILABLE
EVAL state=(618,0,6,1) L=6 H=6 hist=bfs len=8 val=null nodes=5000000
EVAL state=(618,0,6,1) L=6 H=6 hist=dfs1 UNAVAILABLE
EVAL state=(618,0,6,1) L=6 H=6 hist=dfs2 UNAVAILABLE
EVAL state=(621,0,6,1) L=6 H=6 hist=bfs len=6 val=null nodes=5000000
EVAL state=(621,0,6,1) L=6 H=6 hist=dfs1 UNAVAILABLE
EVAL state=(621,0,6,1) L=6 H=6 hist=dfs2 UNAVAILABLE
EVAL state=(623,0,6,1) L=6 H=6 hist=bfs len=8 val=6 nodes=134
EVAL state=(623,0,6,1) L=6 H=6 hist=dfs1 len=24 val=6 nodes=134
EVAL state=(623,0,6,1) L=6 H=6 hist=dfs2 UNAVAILABLE
EVAL state=(624,0,6,1) L=6 H=6 hist=bfs len=6 val=6 nodes=38
EVAL state=(624,0,6,1) L=6 H=6 hist=dfs1 UNAVAILABLE
EVAL state=(624,0,6,1) L=6 H=6 hist=dfs2 UNAVAILABLE
EVAL state=(639,0,6,1) L=6 H=6 hist=bfs len=8 val=6 nodes=135
EVAL state=(639,0,6,1) L=6 H=6 hist=dfs1 UNAVAILABLE
EVAL state=(639,0,6,1) L=6 H=6 hist=dfs2 len=22 val=null nodes=5000000
EVAL state=(641,0,6,1) L=6 H=6 hist=bfs len=10 val=null nodes=5000000
EVAL state=(641,0,6,1) L=6 H=6 hist=dfs1 UNAVAILABLE
EVAL state=(641,0,6,1) L=6 H=6 hist=dfs2 UNAVAILABLE
EVAL state=(653,0,6,1) L=6 H=6 hist=bfs len=8 val=null nodes=5000000
EVAL state=(653,0,6,1) L=6 H=6 hist=dfs1 UNAVAILABLE
EVAL state=(653,0,6,1) L=6 H=6 hist=dfs2 len=24 val=null nodes=5000000
EVAL state=(660,0,6,1) L=6 H=6 hist=bfs len=6 val=null nodes=5000000
EVAL state=(660,0,6,1) L=6 H=6 hist=dfs1 UNAVAILABLE
EVAL state=(660,0,6,1) L=6 H=6 hist=dfs2 UNAVAILABLE
EVAL state=(669,0,6,1) L=6 H=6 hist=bfs len=8 val=null nodes=5000000
EVAL state=(669,0,6,1) L=6 H=6 hist=dfs1 UNAVAILABLE
EVAL state=(669,0,6,1) L=6 H=6 hist=dfs2 len=22 val=null nodes=5000000
EVAL state=(670,0,6,1) L=6 H=6 hist=bfs len=8 val=null nodes=5000000
EVAL state=(670,0,6,1) L=6 H=6 hist=dfs1 UNAVAILABLE
EVAL state=(670,0,6,1) L=6 H=6 hist=dfs2 len=24 val=null nodes=5000000
EVAL state=(678,0,6,1) L=6 H=6 hist=bfs len=6 val=null nodes=5000000
EVAL state=(678,0,6,1) L=6 H=6 hist=dfs1 len=18 val=1 nodes=433
EVAL state=(678,0,6,1) L=6 H=6 hist=dfs2 len=24 val=null nodes=5000000
EVAL state=(684,0,6,1) L=6 H=6 hist=bfs len=6 val=null nodes=5000000
EVAL state=(684,0,6,1) L=6 H=6 hist=dfs1 len=24 val=null nodes=5000000
EVAL state=(684,0,6,1) L=6 H=6 hist=dfs2 UNAVAILABLE
EVAL state=(693,0,6,1) L=6 H=6 hist=bfs len=8 val=null nodes=5000000
EVAL state=(693,0,6,1) L=6 H=6 hist=dfs1 UNAVAILABLE
EVAL state=(693,0,6,1) L=6 H=6 hist=dfs2 UNAVAILABLE
EVAL state=(694,0,6,1) L=6 H=6 hist=bfs len=8 val=null nodes=5000000
EVAL state=(694,0,6,1) L=6 H=6 hist=dfs1 len=16 val=null nodes=5000000
EVAL state=(694,0,6,1) L=6 H=6 hist=dfs2 UNAVAILABLE
# === per-group analysis (corrected (L,H) groups of size >= 2) ===
GROUP-SUM L=-6 H=-6 size=619 states_with_value=204 distinct_values=3 values=[-6 -3 0 ]
# ** WITNESS GROUP (L=-6,H=-6): 3 distinct within-budget truncation values **
#    member (159,0,0,0) board[. W W W B .] value=-6 bfs_nodes=5000000
#    member (575,0,2,0) board[W W . . B W] value=-6 bfs_nodes=5000000
#    member (600,0,2,0) board[. W . B B W] value=-3 bfs_nodes=5000000
#    member (167,0,3,0) board[W B . . W .] value=0 bfs_nodes=5000000
#    member (176,0,3,0) board[W B B . W .] value=-6 bfs_nodes=68
#    member (653,0,3,0) board[W B . . W W] value=-6 bfs_nodes=18
#    member (184,0,5,0) board[B B W . W .] value=-6 bfs_nodes=60
#    member (237,0,5,0) board[. B W W W .] value=-6 bfs_nodes=18
#    member (169,0,6,0) board[B W . . W .] value=-6 bfs_nodes=5000000
#    member (170,0,6,0) board[W W . . W .] value=-6 bfs_nodes=5000000
#    member (177,0,6,0) board[. W B . W .] value=-6 bfs_nodes=5000000
#    member (178,0,6,0) board[B W B . W .] value=-3 bfs_nodes=5000000
#    member (179,0,6,0) board[W W B . W .] value=-6 bfs_nodes=5000000
#    member (182,0,6,0) board[W . W . W .] value=-6 bfs_nodes=30
#    member (186,0,6,0) board[. W W . W .] value=-6 bfs_nodes=42
#    member (187,0,6,0) board[B W W . W .] value=-6 bfs_nodes=18
#    member (188,0,6,0) board[W W W . W .] value=-6 bfs_nodes=9
#    member (204,0,6,0) board[. W B B W .] value=-6 bfs_nodes=40
#    member (207,0,6,0) board[. . W B W .] value=-6 bfs_nodes=123
#    member (208,0,6,0) board[B . W B W .] value=-6 bfs_nodes=57
#    member (213,0,6,0) board[. W W B W .] value=-6 bfs_nodes=18
#    member (234,0,6,0) board[. . W W W .] value=-6 bfs_nodes=5000000
#    member (235,0,6,0) board[B . W W W .] value=-6 bfs_nodes=18
#    member (236,0,6,0) board[W . W W W .] value=-6 bfs_nodes=9
#    member (240,0,6,0) board[. W W W W .] value=-6 bfs_nodes=9
#    member (242,0,6,0) board[W W W W W .] value=0 bfs_nodes=5000000
#    member (411,0,6,0) board[. W . . W B] value=-6 bfs_nodes=87
#    member (412,0,6,0) board[B W . . W B] value=-6 bfs_nodes=39
#    member (413,0,6,0) board[W W . . W B] value=-6 bfs_nodes=18
#    member (416,0,6,0) board[W . B . W B] value=-6 bfs_nodes=64
#    member (438,0,6,0) board[. W . B W B] value=-6 bfs_nodes=39
#    member (465,0,6,0) board[. W . W W B] value=-6 bfs_nodes=5000000
#    member (546,0,6,0) board[. W . W . W] value=-6 bfs_nodes=30
#    member (548,0,6,0) board[W W . W . W] value=-6 bfs_nodes=9
#    member (564,0,6,0) board[. W W W . W] value=-6 bfs_nodes=9
#    member (656,0,6,0) board[W W . . W W] value=-6 bfs_nodes=9
#    member (659,0,6,0) board[W . B . W W] value=-6 bfs_nodes=18
#    member (668,0,6,0) board[W . W . W W] value=-6 bfs_nodes=9
#    member (681,0,6,0) board[. W . B W W] value=-6 bfs_nodes=18
#    member (708,0,6,0) board[. W . W W W] value=-6 bfs_nodes=9
#    member (150,1,6,0) board[. W B W B .] value=-6 bfs_nodes=63
#    member (169,1,6,0) board[B W . . W .] value=-6 bfs_nodes=81
#    member (178,1,6,0) board[B W B . W .] value=-6 bfs_nodes=5000000
#    member (187,1,6,0) board[B W W . W .] value=-6 bfs_nodes=18
#    member (195,1,6,0) board[. W . B W .] value=-6 bfs_nodes=5000000
#    member (207,1,6,0) board[. . W B W .] value=-6 bfs_nodes=117
#    member (208,1,6,0) board[B . W B W .] value=-6 bfs_nodes=57
#    member (210,1,6,0) board[. B W B W .] value=-6 bfs_nodes=63
#    member (213,1,6,0) board[. W W B W .] value=-6 bfs_nodes=18
#    member (235,1,6,0) board[B . W W W .] value=-6 bfs_nodes=18
#    member (278,1,6,0) board[W W . B . B] value=-6 bfs_nodes=5000000
#    member (290,1,6,0) board[W . W B . B] value=-6 bfs_nodes=5000000
#    member (407,1,6,0) board[W . . . W B] value=-6 bfs_nodes=117
#    member (410,1,6,0) board[W B . . W B] value=-6 bfs_nodes=63
#    member (411,1,6,0) board[. W . . W B] value=-6 bfs_nodes=81
#    member (412,1,6,0) board[B W . . W B] value=-6 bfs_nodes=39
#    member (413,1,6,0) board[W W . . W B] value=-6 bfs_nodes=18
#    member (432,1,6,0) board[. . . B W B] value=-6 bfs_nodes=5000000
#    member (433,1,6,0) board[B . . B W B] value=-6 bfs_nodes=150
#    member (438,1,6,0) board[. W . B W B] value=-6 bfs_nodes=39
#    member (469,1,6,0) board[B . B W W B] value=-3 bfs_nodes=5000000
#    member (521,1,6,0) board[W W . B . W] value=-6 bfs_nodes=5000000
#    member (524,1,6,0) board[W . B B . W] value=-6 bfs_nodes=5000000
#    member (550,1,6,0) board[B . B W . W] value=-6 bfs_nodes=5000000
#    member (574,1,6,0) board[B W . . B W] value=-6 bfs_nodes=63
#    member (623,1,6,0) board[W . . W B W] value=-6 bfs_nodes=150
#    member (659,1,6,0) board[W . B . W W] value=-6 bfs_nodes=18
#    member (681,1,6,0) board[. W . B W W] value=-6 bfs_nodes=18
#    member (2,1,6,1) board[W . . . . .] value=-6 bfs_nodes=617
#    member (6,1,6,1) board[. W . . . .] value=-6 bfs_nodes=617
#    member (8,1,6,1) board[W W . . . .] value=-6 bfs_nodes=122
#    member (18,1,6,1) board[. . W . . .] value=-6 bfs_nodes=617
#    member (20,1,6,1) board[W . W . . .] value=-6 bfs_nodes=122
#    member (23,1,6,1) board[W B W . . .] value=-6 bfs_nodes=77
#    member (24,1,6,1) board[. W W . . .] value=-6 bfs_nodes=122
#    member (26,1,6,1) board[W W W . . .] value=-6 bfs_nodes=29
#    member (35,1,6,1) board[W W . B . .] value=-6 bfs_nodes=5000000
#    member (44,1,6,1) board[W W B B . .] value=-6 bfs_nodes=39
#    member (46,1,6,1) board[B . W B . .] value=-6 bfs_nodes=5000000
#    member (52,1,6,1) board[B W W B . .] value=-6 bfs_nodes=56
#    member (53,1,6,1) board[W W W B . .] value=-6 bfs_nodes=17
#    member (54,1,6,1) board[. . . W . .] value=-6 bfs_nodes=617
#    member (56,1,6,1) board[W . . W . .] value=-6 bfs_nodes=122
#    member (60,1,6,1) board[. W . W . .] value=-6 bfs_nodes=122
#    member (62,1,6,1) board[W W . W . .] value=-6 bfs_nodes=29
#    member (72,1,6,1) board[. . W W . .] value=-6 bfs_nodes=122
#    member (74,1,6,1) board[W . W W . .] value=-6 bfs_nodes=29
#    member (76,1,6,1) board[B B W W . .] value=-6 bfs_nodes=59
#    member (77,1,6,1) board[W B W W . .] value=-6 bfs_nodes=17
#    member (78,1,6,1) board[. W W W . .] value=-6 bfs_nodes=29
#    member (80,1,6,1) board[W W W W . .] value=-6 bfs_nodes=8
#    member (116,1,6,1) board[W W . B B .] value=-6 bfs_nodes=5000000
#    member (150,1,6,1) board[. W B W B .] value=-6 bfs_nodes=32
#    member (162,1,6,1) board[. . . . W .] value=-6 bfs_nodes=617
#    member (164,1,6,1) board[W . . . W .] value=-6 bfs_nodes=122
#    member (167,1,6,1) board[W B . . W .] value=-6 bfs_nodes=68
#    member (168,1,6,1) board[. W . . W .] value=-6 bfs_nodes=122
#    member (169,1,6,1) board[B W . . W .] value=-6 bfs_nodes=68
#    member (170,1,6,1) board[W W . . W .] value=-6 bfs_nodes=29
#    member (180,1,6,1) board[. . W . W .] value=-6 bfs_nodes=122
#    member (181,1,6,1) board[B . W . W .] value=-6 bfs_nodes=53
#    member (182,1,6,1) board[W . W . W .] value=-6 bfs_nodes=29
#    member (183,1,6,1) board[. B W . W .] value=-6 bfs_nodes=68
#    member (184,1,6,1) board[B B W . W .] value=-6 bfs_nodes=59
#    member (186,1,6,1) board[. W W . W .] value=-6 bfs_nodes=29
#    member (187,1,6,1) board[B W W . W .] value=-6 bfs_nodes=17
#    member (188,1,6,1) board[W W W . W .] value=-6 bfs_nodes=8
#    member (190,1,6,1) board[B . . B W .] value=-6 bfs_nodes=5000000
#    member (201,1,6,1) board[. B B B W .] value=-6 bfs_nodes=70
#    member (204,1,6,1) board[. W B B W .] value=-6 bfs_nodes=39
#    member (207,1,6,1) board[. . W B W .] value=-6 bfs_nodes=68
#    member (208,1,6,1) board[B . W B W .] value=-6 bfs_nodes=56
#    member (210,1,6,1) board[. B W B W .] value=-6 bfs_nodes=32
#    member (213,1,6,1) board[. W W B W .] value=-6 bfs_nodes=17
#    member (216,1,6,1) board[. . . W W .] value=-6 bfs_nodes=122
#    member (218,1,6,1) board[W . . W W .] value=-6 bfs_nodes=29
#    member (220,1,6,1) board[B B . W W .] value=-6 bfs_nodes=59
#    member (221,1,6,1) board[W B . W W .] value=-6 bfs_nodes=17
#    member (222,1,6,1) board[. W . W W .] value=-6 bfs_nodes=29
#    member (224,1,6,1) board[W W . W W .] value=-6 bfs_nodes=8
#    member (233,1,6,1) board[W W B W W .] value=-3 bfs_nodes=5000000
#    member (234,1,6,1) board[. . W W W .] value=-6 bfs_nodes=29
#    member (235,1,6,1) board[B . W W W .] value=-6 bfs_nodes=17
#    member (236,1,6,1) board[W . W W W .] value=-6 bfs_nodes=8
#    member (237,1,6,1) board[. B W W W .] value=-6 bfs_nodes=17
#    member (240,1,6,1) board[. W W W W .] value=-6 bfs_nodes=8
#    member (242,1,6,1) board[W W W W W .] value=-6 bfs_nodes=2
#    member (287,1,6,1) board[W W B B . B] value=-6 bfs_nodes=51
#    member (295,1,6,1) board[B W W B . B] value=-6 bfs_nodes=44
#    member (296,1,6,1) board[W W W B . B] value=-6 bfs_nodes=11
#    member (389,1,6,1) board[W . B W B B] value=0 bfs_nodes=5000000
#    member (406,1,6,1) board[B . . . W B] value=-6 bfs_nodes=134
#    member (407,1,6,1) board[W . . . W B] value=-6 bfs_nodes=68
#    member (408,1,6,1) board[. B . . W B] value=-6 bfs_nodes=5000000
#    member (409,1,6,1) board[B B . . W B] value=-6 bfs_nodes=62
#    member (410,1,6,1) board[W B . . W B] value=-6 bfs_nodes=32
#    member (411,1,6,1) board[. W . . W B] value=-6 bfs_nodes=68
#    member (412,1,6,1) board[B W . . W B] value=-6 bfs_nodes=38
#    member (413,1,6,1) board[W W . . W B] value=-6 bfs_nodes=17
#    member (414,1,6,1) board[. . B . W B] value=-6 bfs_nodes=234
#    member (416,1,6,1) board[W . B . W B] value=-6 bfs_nodes=63
#    member (433,1,6,1) board[B . . B W B] value=-6 bfs_nodes=134
#    member (438,1,6,1) board[. W . B W B] value=-6 bfs_nodes=38
#    member (441,1,6,1) board[. . B B W B] value=-6 bfs_nodes=135
#    member (462,1,6,1) board[. B . W W B] value=-6 bfs_nodes=20
#    member (465,1,6,1) board[. W . W W B] value=-3 bfs_nodes=5000000
#    member (486,1,6,1) board[. . . . . W] value=-6 bfs_nodes=617
#    member (488,1,6,1) board[W . . . . W] value=-6 bfs_nodes=122
#    member (492,1,6,1) board[. W . . . W] value=-6 bfs_nodes=122
#    member (494,1,6,1) board[W W . . . W] value=-6 bfs_nodes=29
#    member (504,1,6,1) board[. . W . . W] value=-6 bfs_nodes=122
#    member (506,1,6,1) board[W . W . . W] value=-6 bfs_nodes=29
#    member (510,1,6,1) board[. W W . . W] value=-6 bfs_nodes=29
#    member (511,1,6,1) board[B W W . . W] value=-6 bfs_nodes=17
#    member (512,1,6,1) board[W W W . . W] value=-6 bfs_nodes=8
#    member (514,1,6,1) board[B . . B . W] value=-6 bfs_nodes=146
#    member (523,1,6,1) board[B . B B . W] value=-3 bfs_nodes=5000000
#    member (539,1,6,1) board[W W W B . W] value=-3 bfs_nodes=5000000
#    member (540,1,6,1) board[. . . W . W] value=-6 bfs_nodes=122
#    member (541,1,6,1) board[B . . W . W] value=-6 bfs_nodes=68
#    member (542,1,6,1) board[W . . W . W] value=-6 bfs_nodes=29
#    member (546,1,6,1) board[. W . W . W] value=-6 bfs_nodes=29
#    member (548,1,6,1) board[W W . W . W] value=-6 bfs_nodes=8
#    member (550,1,6,1) board[B . B W . W] value=-6 bfs_nodes=44
#    member (551,1,6,1) board[W . B W . W] value=-6 bfs_nodes=17
#    member (558,1,6,1) board[. . W W . W] value=-6 bfs_nodes=29
#    member (559,1,6,1) board[B . W W . W] value=-6 bfs_nodes=17
#    member (560,1,6,1) board[W . W W . W] value=-6 bfs_nodes=8
#    member (564,1,6,1) board[. W W W . W] value=-6 bfs_nodes=8
#    member (566,1,6,1) board[W W W W . W] value=-6 bfs_nodes=2
#    member (574,1,6,1) board[B W . . B W] value=-6 bfs_nodes=32
#    member (591,1,6,1) board[. W W . B W] value=-6 bfs_nodes=5000000
#    member (621,1,6,1) board[. . . W B W] value=-6 bfs_nodes=77
#    member (623,1,6,1) board[W . . W B W] value=-6 bfs_nodes=17
#    member (648,1,6,1) board[. . . . W W] value=-6 bfs_nodes=122
#    member (650,1,6,1) board[W . . . W W] value=-6 bfs_nodes=29
#    member (653,1,6,1) board[W B . . W W] value=-6 bfs_nodes=17
#    member (654,1,6,1) board[. W . . W W] value=-6 bfs_nodes=29
#    member (656,1,6,1) board[W W . . W W] value=-6 bfs_nodes=8
#    member (657,1,6,1) board[. . B . W W] value=-6 bfs_nodes=68
#    member (658,1,6,1) board[B . B . W W] value=-6 bfs_nodes=33
#    member (659,1,6,1) board[W . B . W W] value=-6 bfs_nodes=17
#    member (660,1,6,1) board[. B B . W W] value=-6 bfs_nodes=59
#    member (666,1,6,1) board[. . W . W W] value=-6 bfs_nodes=29
#    member (668,1,6,1) board[W . W . W W] value=-6 bfs_nodes=8
#    member (669,1,6,1) board[. B W . W W] value=-6 bfs_nodes=17
#    member (672,1,6,1) board[. W W . W W] value=-6 bfs_nodes=8
#    member (674,1,6,1) board[W W W . W W] value=-6 bfs_nodes=2
#    member (675,1,6,1) board[. . . B W W] value=-6 bfs_nodes=83
#    member (676,1,6,1) board[B . . B W W] value=-6 bfs_nodes=63
#    member (678,1,6,1) board[. B . B W W] value=-6 bfs_nodes=20
#    member (681,1,6,1) board[. W . B W W] value=-6 bfs_nodes=17
#    member (684,1,6,1) board[. . B B W W] value=-6 bfs_nodes=38
#    member (685,1,6,1) board[B . B B W W] value=-6 bfs_nodes=51
#    member (693,1,6,1) board[. . W B W W] value=-6 bfs_nodes=17
#    member (702,1,6,1) board[. . . W W W] value=-6 bfs_nodes=29
#    member (703,1,6,1) board[B . . W W W] value=-6 bfs_nodes=17
#    member (704,1,6,1) board[W . . W W W] value=-6 bfs_nodes=8
#    member (708,1,6,1) board[. W . W W W] value=-6 bfs_nodes=8
#    member (710,1,6,1) board[W W . W W W] value=-6 bfs_nodes=2
#    member (712,1,6,1) board[B . B W W W] value=-6 bfs_nodes=11
#    member (720,1,6,1) board[. . W W W W] value=-6 bfs_nodes=8
#    member (722,1,6,1) board[W . W W W W] value=-6 bfs_nodes=2
#    member (726,1,6,1) board[. W W W W W] value=-6 bfs_nodes=2
GROUP-SUM L=-6 H=-3 size=6 states_with_value=1 distinct_values=1 values=[-3 ]
GROUP-SUM L=-6 H=-2 size=6 states_with_value=1 distinct_values=1 values=[-2 ]
GROUP-SUM L=-6 H=-1 size=22 states_with_value=4 distinct_values=1 values=[-1 ]
GROUP-SUM L=-6 H=0 size=21 states_with_value=0 distinct_values=0 values=[]
GROUP-SUM L=-6 H=1 size=14 states_with_value=0 distinct_values=0 values=[]
GROUP-SUM L=-6 H=2 size=10 states_with_value=0 distinct_values=0 values=[]
GROUP-SUM L=-6 H=3 size=8 states_with_value=0 distinct_values=0 values=[]
GROUP-SUM L=-6 H=6 size=216 states_with_value=0 distinct_values=0 values=[]
GROUP-SUM L=-3 H=-3 size=20 states_with_value=16 distinct_values=1 values=[-3 ]
GROUP-SUM L=-3 H=6 size=8 states_with_value=0 distinct_values=0 values=[]
GROUP-SUM L=-2 H=-2 size=8 states_with_value=2 distinct_values=1 values=[-2 ]
GROUP-SUM L=-2 H=6 size=10 states_with_value=1 distinct_values=1 values=[0 ]
GROUP-SUM L=-1 H=-1 size=20 states_with_value=4 distinct_values=1 values=[-1 ]
GROUP-SUM L=-1 H=6 size=14 states_with_value=0 distinct_values=0 values=[]
GROUP-SUM L=0 H=0 size=32 states_with_value=8 distinct_values=1 values=[0 ]
GROUP-SUM L=0 H=6 size=21 states_with_value=0 distinct_values=0 values=[]
GROUP-SUM L=1 H=1 size=20 states_with_value=6 distinct_values=1 values=[1 ]
GROUP-SUM L=1 H=6 size=22 states_with_value=0 distinct_values=0 values=[]
GROUP-SUM L=2 H=2 size=8 states_with_value=2 distinct_values=1 values=[2 ]
GROUP-SUM L=2 H=6 size=6 states_with_value=1 distinct_values=1 values=[2 ]
GROUP-SUM L=3 H=3 size=20 states_with_value=17 distinct_values=2 values=[0 3 ]
# ** WITNESS GROUP (L=3,H=3): 2 distinct within-budget truncation values **
#    member (86,1,6,1) board[W B . . B .] value=3 bfs_nodes=14
#    member (95,1,6,1) board[W B B . B .] value=3 bfs_nodes=2
#    member (102,1,6,1) board[. B W . B .] value=3 bfs_nodes=14
#    member (103,1,6,1) board[B B W . B .] value=3 bfs_nodes=2
#    member (119,1,6,1) board[W . B B B .] value=3 bfs_nodes=2
#    member (129,1,6,1) board[. B W B B .] value=3 bfs_nodes=2
#    member (138,1,6,1) board[. B . W B .] value=3 bfs_nodes=14
#    member (147,1,6,1) board[. B B W B .] value=3 bfs_nodes=2
#    member (301,1,6,1) board[B B . W . B] value=3 bfs_nodes=2
#    member (329,1,6,1) board[W B . . B B] value=3 bfs_nodes=2
#    member (343,1,6,1) board[B . W . B B] value=3 bfs_nodes=2
#    member (381,1,6,1) board[. B . W B B] value=3 bfs_nodes=2
#    member (390,1,6,1) board[. B B W B B] value=0 bfs_nodes=5000000
#    member (525,1,6,1) board[. B B B . W] value=3 bfs_nodes=2
#    member (570,1,6,1) board[. B . . B W] value=3 bfs_nodes=14
#    member (571,1,6,1) board[B B . . B W] value=3 bfs_nodes=2
#    member (597,1,6,1) board[. B . B B W] value=3 bfs_nodes=2
GROUP-SUM L=3 H=6 size=6 states_with_value=1 distinct_values=1 values=[3 ]
GROUP-SUM L=6 H=6 size=619 states_with_value=202 distinct_values=5 values=[0 1 2 3 6 ]
# ** WITNESS GROUP (L=6,H=6): 5 distinct within-budget truncation values **
#    member (44,0,6,0) board[W W B B . .] value=6 bfs_nodes=5000000
#    member (86,0,6,0) board[W B . . B .] value=6 bfs_nodes=81
#    member (95,0,6,0) board[W B B . B .] value=6 bfs_nodes=18
#    member (102,0,6,0) board[. B W . B .] value=6 bfs_nodes=5000000
#    member (103,0,6,0) board[B B W . B .] value=6 bfs_nodes=5000000
#    member (119,0,6,0) board[W . B B B .] value=6 bfs_nodes=18
#    member (144,0,6,0) board[. . B W B .] value=6 bfs_nodes=117
#    member (146,0,6,0) board[W . B W B .] value=6 bfs_nodes=57
#    member (147,0,6,0) board[. B B W B .] value=6 bfs_nodes=18
#    member (150,0,6,0) board[. W B W B .] value=6 bfs_nodes=63
#    member (210,0,6,0) board[. B W B W .] value=6 bfs_nodes=63
#    member (301,0,6,0) board[B B . W . B] value=6 bfs_nodes=5000000
#    member (343,0,6,0) board[B . W . B B] value=6 bfs_nodes=18
#    member (344,0,6,0) board[W . W . B B] value=3 bfs_nodes=5000000
#    member (371,0,6,0) board[W . W B B B] value=6 bfs_nodes=5000000
#    member (381,0,6,0) board[. B . W B B] value=6 bfs_nodes=18
#    member (384,0,6,0) board[. W . W B B] value=6 bfs_nodes=5000000
#    member (410,0,6,0) board[W B . . W B] value=6 bfs_nodes=63
#    member (433,0,6,0) board[B . . B W B] value=6 bfs_nodes=150
#    member (563,0,6,0) board[W B W W . W] value=6 bfs_nodes=5000000
#    member (568,0,6,0) board[B . . . B W] value=6 bfs_nodes=117
#    member (570,0,6,0) board[. B . . B W] value=6 bfs_nodes=81
#    member (571,0,6,0) board[B B . . B W] value=6 bfs_nodes=18
#    member (572,0,6,0) board[W B . . B W] value=6 bfs_nodes=39
#    member (574,0,6,0) board[B W . . B W] value=6 bfs_nodes=63
#    member (575,0,6,0) board[W W . . B W] value=6 bfs_nodes=5000000
#    member (586,0,6,0) board[B . W . B W] value=6 bfs_nodes=5000000
#    member (623,0,6,0) board[W . . W B W] value=6 bfs_nodes=150
#    member (624,0,6,0) board[. B . W B W] value=6 bfs_nodes=39
#    member (653,0,6,0) board[W B . . W W] value=1 bfs_nodes=5000000
#    member (409,1,2,0) board[B B . . W B] value=6 bfs_nodes=5000000
#    member (106,1,3,0) board[B W W . B .] value=6 bfs_nodes=68
#    member (331,1,3,0) board[B W . . B B] value=6 bfs_nodes=18
#    member (98,1,5,0) board[W W B . B .] value=6 bfs_nodes=60
#    member (123,1,5,0) board[. W B B B .] value=6 bfs_nodes=18
#    member (91,1,6,0) board[B . B . B .] value=6 bfs_nodes=30
#    member (93,1,6,0) board[. B B . B .] value=6 bfs_nodes=42
#    member (94,1,6,0) board[B B B . B .] value=6 bfs_nodes=9
#    member (95,1,6,0) board[W B B . B .] value=6 bfs_nodes=18
#    member (104,1,6,0) board[W B W . B .] value=6 bfs_nodes=5000000
#    member (118,1,6,0) board[B . B B B .] value=6 bfs_nodes=9
#    member (119,1,6,0) board[W . B B B .] value=6 bfs_nodes=18
#    member (120,1,6,0) board[. B B B B .] value=6 bfs_nodes=9
#    member (144,1,6,0) board[. . B W B .] value=6 bfs_nodes=123
#    member (146,1,6,0) board[W . B W B .] value=6 bfs_nodes=57
#    member (147,1,6,0) board[. B B W B .] value=6 bfs_nodes=18
#    member (156,1,6,0) board[. B W W B .] value=6 bfs_nodes=40
#    member (273,1,6,0) board[. B . B . B] value=6 bfs_nodes=30
#    member (274,1,6,0) board[B B . B . B] value=6 bfs_nodes=9
#    member (282,1,6,0) board[. B B B . B] value=6 bfs_nodes=9
#    member (327,1,6,0) board[. B . . B B] value=6 bfs_nodes=5000000
#    member (328,1,6,0) board[B B . . B B] value=6 bfs_nodes=9
#    member (334,1,6,0) board[B . B . B B] value=6 bfs_nodes=9
#    member (343,1,6,0) board[B . W . B B] value=6 bfs_nodes=18
#    member (354,1,6,0) board[. B . B B B] value=6 bfs_nodes=9
#    member (381,1,6,0) board[. B . W B B] value=6 bfs_nodes=18
#    member (568,1,6,0) board[B . . . B W] value=6 bfs_nodes=5000000
#    member (570,1,6,0) board[. B . . B W] value=6 bfs_nodes=87
#    member (571,1,6,0) board[B B . . B W] value=6 bfs_nodes=18
#    member (572,1,6,0) board[W B . . B W] value=6 bfs_nodes=39
#    member (586,1,6,0) board[B . W . B W] value=6 bfs_nodes=64
#    member (624,1,6,0) board[. B . W B W] value=6 bfs_nodes=39
#    member (1,0,6,1) board[B . . . . .] value=6 bfs_nodes=617
#    member (3,0,6,1) board[. B . . . .] value=6 bfs_nodes=617
#    member (4,0,6,1) board[B B . . . .] value=6 bfs_nodes=122
#    member (9,0,6,1) board[. . B . . .] value=6 bfs_nodes=617
#    member (10,0,6,1) board[B . B . . .] value=6 bfs_nodes=122
#    member (12,0,6,1) board[. B B . . .] value=6 bfs_nodes=122
#    member (13,0,6,1) board[B B B . . .] value=6 bfs_nodes=29
#    member (16,0,6,1) board[B W B . . .] value=6 bfs_nodes=77
#    member (27,0,6,1) board[. . . B . .] value=6 bfs_nodes=617
#    member (28,0,6,1) board[B . . B . .] value=6 bfs_nodes=122
#    member (30,0,6,1) board[. B . B . .] value=6 bfs_nodes=122
#    member (31,0,6,1) board[B B . B . .] value=6 bfs_nodes=29
#    member (36,0,6,1) board[. . B B . .] value=6 bfs_nodes=122
#    member (37,0,6,1) board[B . B B . .] value=6 bfs_nodes=29
#    member (39,0,6,1) board[. B B B . .] value=6 bfs_nodes=29
#    member (40,0,6,1) board[B B B B . .] value=6 bfs_nodes=8
#    member (43,0,6,1) board[B W B B . .] value=6 bfs_nodes=17
#    member (44,0,6,1) board[W W B B . .] value=6 bfs_nodes=59
#    member (67,0,6,1) board[B B B W . .] value=6 bfs_nodes=17
#    member (68,0,6,1) board[W B B W . .] value=6 bfs_nodes=56
#    member (76,0,6,1) board[B B W W . .] value=6 bfs_nodes=39
#    member (81,0,6,1) board[. . . . B .] value=6 bfs_nodes=617
#    member (82,0,6,1) board[B . . . B .] value=6 bfs_nodes=122
#    member (84,0,6,1) board[. B . . B .] value=6 bfs_nodes=122
#    member (85,0,6,1) board[B B . . B .] value=6 bfs_nodes=29
#    member (86,0,6,1) board[W B . . B .] value=6 bfs_nodes=68
#    member (88,0,6,1) board[B W . . B .] value=6 bfs_nodes=68
#    member (90,0,6,1) board[. . B . B .] value=6 bfs_nodes=122
#    member (91,0,6,1) board[B . B . B .] value=6 bfs_nodes=29
#    member (92,0,6,1) board[W . B . B .] value=6 bfs_nodes=53
#    member (93,0,6,1) board[. B B . B .] value=6 bfs_nodes=29
#    member (94,0,6,1) board[B B B . B .] value=6 bfs_nodes=8
#    member (95,0,6,1) board[W B B . B .] value=6 bfs_nodes=17
#    member (96,0,6,1) board[. W B . B .] value=6 bfs_nodes=68
#    member (98,0,6,1) board[W W B . B .] value=6 bfs_nodes=59
#    member (100,0,6,1) board[B . W . B .] value=6 bfs_nodes=5000000
#    member (104,0,6,1) board[W B W . B .] value=6 bfs_nodes=5000000
#    member (106,0,6,1) board[B W W . B .] value=1 bfs_nodes=5000000
#    member (108,0,6,1) board[. . . B B .] value=6 bfs_nodes=122
#    member (109,0,6,1) board[B . . B B .] value=6 bfs_nodes=29
#    member (111,0,6,1) board[. B . B B .] value=6 bfs_nodes=29
#    member (112,0,6,1) board[B B . B B .] value=6 bfs_nodes=8
#    member (115,0,6,1) board[B W . B B .] value=6 bfs_nodes=17
#    member (116,0,6,1) board[W W . B B .] value=6 bfs_nodes=59
#    member (117,0,6,1) board[. . B B B .] value=6 bfs_nodes=29
#    member (118,0,6,1) board[B . B B B .] value=6 bfs_nodes=8
#    member (119,0,6,1) board[W . B B B .] value=6 bfs_nodes=17
#    member (120,0,6,1) board[. B B B B .] value=6 bfs_nodes=8
#    member (121,0,6,1) board[B B B B B .] value=6 bfs_nodes=2
#    member (123,0,6,1) board[. W B B B .] value=6 bfs_nodes=17
#    member (144,0,6,1) board[. . B W B .] value=6 bfs_nodes=68
#    member (146,0,6,1) board[W . B W B .] value=6 bfs_nodes=56
#    member (147,0,6,1) board[. B B W B .] value=6 bfs_nodes=17
#    member (150,0,6,1) board[. W B W B .] value=6 bfs_nodes=32
#    member (156,0,6,1) board[. B W W B .] value=6 bfs_nodes=39
#    member (159,0,6,1) board[. W W W B .] value=6 bfs_nodes=70
#    member (184,0,6,1) board[B B W . W .] value=6 bfs_nodes=5000000
#    member (201,0,6,1) board[. B B B W .] value=3 bfs_nodes=5000000
#    member (210,0,6,1) board[. B W B W .] value=6 bfs_nodes=32
#    member (243,0,6,1) board[. . . . . B] value=6 bfs_nodes=617
#    member (244,0,6,1) board[B . . . . B] value=6 bfs_nodes=122
#    member (246,0,6,1) board[. B . . . B] value=6 bfs_nodes=122
#    member (247,0,6,1) board[B B . . . B] value=6 bfs_nodes=29
#    member (252,0,6,1) board[. . B . . B] value=6 bfs_nodes=122
#    member (253,0,6,1) board[B . B . . B] value=6 bfs_nodes=29
#    member (255,0,6,1) board[. B B . . B] value=6 bfs_nodes=29
#    member (256,0,6,1) board[B B B . . B] value=6 bfs_nodes=8
#    member (257,0,6,1) board[W B B . . B] value=6 bfs_nodes=17
#    member (270,0,6,1) board[. . . B . B] value=6 bfs_nodes=122
#    member (271,0,6,1) board[B . . B . B] value=6 bfs_nodes=29
#    member (272,0,6,1) board[W . . B . B] value=6 bfs_nodes=68
#    member (273,0,6,1) board[. B . B . B] value=6 bfs_nodes=29
#    member (274,0,6,1) board[B B . B . B] value=6 bfs_nodes=8
#    member (279,0,6,1) board[. . B B . B] value=6 bfs_nodes=29
#    member (280,0,6,1) board[B . B B . B] value=6 bfs_nodes=8
#    member (281,0,6,1) board[W . B B . B] value=6 bfs_nodes=17
#    member (282,0,6,1) board[. B B B . B] value=6 bfs_nodes=8
#    member (283,0,6,1) board[B B B B . B] value=6 bfs_nodes=2
#    member (289,0,6,1) board[B . W B . B] value=6 bfs_nodes=17
#    member (290,0,6,1) board[W . W B . B] value=6 bfs_nodes=44
#    member (298,0,6,1) board[B . . W . B] value=6 bfs_nodes=5000000
#    member (299,0,6,1) board[W . . W . B] value=6 bfs_nodes=146
#    member (309,0,6,1) board[. B B W . B] value=2 bfs_nodes=5000000
#    member (324,0,6,1) board[. . . . B B] value=6 bfs_nodes=122
#    member (325,0,6,1) board[B . . . B B] value=6 bfs_nodes=29
#    member (326,0,6,1) board[W . . . B B] value=3 bfs_nodes=5000000
#    member (327,0,6,1) board[. B . . B B] value=6 bfs_nodes=29
#    member (328,0,6,1) board[B B . . B B] value=6 bfs_nodes=8
#    member (329,0,6,1) board[W B . . B B] value=6 bfs_nodes=5000000
#    member (331,0,6,1) board[B W . . B B] value=6 bfs_nodes=17
#    member (333,0,6,1) board[. . B . B B] value=6 bfs_nodes=29
#    member (334,0,6,1) board[B . B . B B] value=6 bfs_nodes=8
#    member (336,0,6,1) board[. B B . B B] value=6 bfs_nodes=8
#    member (337,0,6,1) board[B B B . B B] value=6 bfs_nodes=2
#    member (339,0,6,1) board[. W B . B B] value=6 bfs_nodes=17
#    member (342,0,6,1) board[. . W . B B] value=6 bfs_nodes=68
#    member (343,0,6,1) board[B . W . B B] value=6 bfs_nodes=17
#    member (344,0,6,1) board[W . W . B B] value=6 bfs_nodes=33
#    member (348,0,6,1) board[. W W . B B] value=6 bfs_nodes=59
#    member (351,0,6,1) board[. . . B B B] value=6 bfs_nodes=29
#    member (352,0,6,1) board[B . . B B B] value=6 bfs_nodes=8
#    member (353,0,6,1) board[W . . B B B] value=6 bfs_nodes=17
#    member (354,0,6,1) board[. B . B B B] value=6 bfs_nodes=8
#    member (355,0,6,1) board[B B . B B B] value=6 bfs_nodes=2
#    member (360,0,6,1) board[. . B B B B] value=6 bfs_nodes=8
#    member (361,0,6,1) board[B . B B B B] value=6 bfs_nodes=2
#    member (363,0,6,1) board[. B B B B B] value=6 bfs_nodes=2
#    member (371,0,6,1) board[W . W B B B] value=6 bfs_nodes=11
#    member (378,0,6,1) board[. . . W B B] value=6 bfs_nodes=83
#    member (380,0,6,1) board[W . . W B B] value=6 bfs_nodes=63
#    member (381,0,6,1) board[. B . W B B] value=6 bfs_nodes=17
#    member (384,0,6,1) board[. W . W B B] value=6 bfs_nodes=20
#    member (387,0,6,1) board[. . B W B B] value=6 bfs_nodes=17
#    member (396,0,6,1) board[. . W W B B] value=6 bfs_nodes=38
#    member (398,0,6,1) board[W . W W B B] value=6 bfs_nodes=51
#    member (410,0,6,1) board[W B . . W B] value=6 bfs_nodes=32
#    member (432,0,6,1) board[. . . B W B] value=6 bfs_nodes=77
#    member (433,0,6,1) board[B . . B W B] value=6 bfs_nodes=17
#    member (497,0,6,1) board[W . B . . W] value=0 bfs_nodes=5000000
#    member (522,0,6,1) board[. . B B . W] value=6 bfs_nodes=5000000
#    member (524,0,6,1) board[W . B B . W] value=3 bfs_nodes=5000000
#    member (553,0,6,1) board[B B B W . W] value=6 bfs_nodes=11
#    member (554,0,6,1) board[W B B W . W] value=6 bfs_nodes=44
#    member (562,0,6,1) board[B B W W . W] value=6 bfs_nodes=51
#    member (568,0,6,1) board[B . . . B W] value=6 bfs_nodes=68
#    member (569,0,6,1) board[W . . . B W] value=6 bfs_nodes=134
#    member (570,0,6,1) board[. B . . B W] value=6 bfs_nodes=68
#    member (571,0,6,1) board[B B . . B W] value=6 bfs_nodes=17
#    member (572,0,6,1) board[W B . . B W] value=6 bfs_nodes=38
#    member (574,0,6,1) board[B W . . B W] value=6 bfs_nodes=32
#    member (575,0,6,1) board[W W . . B W] value=6 bfs_nodes=62
#    member (585,0,6,1) board[. . W . B W] value=6 bfs_nodes=234
#    member (586,0,6,1) board[B . W . B W] value=6 bfs_nodes=63
#    member (587,0,6,1) board[W . W . B W] value=6 bfs_nodes=5000000
#    member (596,0,6,1) board[W . . B B W] value=6 bfs_nodes=5000000
#    member (600,0,6,1) board[. W . B B W] value=6 bfs_nodes=20
#    member (623,0,6,1) board[W . . W B W] value=6 bfs_nodes=134
#    member (624,0,6,1) board[. B . W B W] value=6 bfs_nodes=38
#    member (639,0,6,1) board[. . W W B W] value=6 bfs_nodes=135
#    member (678,0,6,1) board[. B . B W W] value=1 bfs_nodes=5000000
# === coverage ===
# states attempted (in corrected groups >=2): 1756
# evaluations: total=3486 within-budget=855 exhausted=2631  (exhaustion rate 75.47%)
# states with >=1 within-budget value: 470 / 1756 attempted
# groups size>=2: 24; with >=1 valued state: 15; TESTABLE (>=2 valued states): 10
# C1 witnesses (same state, two arrivals, two values): 7
# ARRIVAL-BAD (instrument self-check, must be 0): 0
# WITNESS GROUPS (distinct values inside one (L,H) group): 3 / 10 testable
# cross-checks T3-vs-T2: 79 checked, 0 disagreements
# nodes spent: 13168635521
# VERDICT: YES — obstruction found; no pointwise function of (L,TIE,H) can be correct on these groups (see member dumps above).
[runner] peak RSS by PID: in 615.9 s
[runner]   pid   25310       3 MB
[runner] peak total CPU by PID: in 615.9 s
[runner]   pid   25310       10:15 (615.19s)
[runner] exit 0 in 615.9 s
